<?xml version="1.0" encoding="utf-8"?>
<COLLADA xmlns="http://www.collada.org/2005/11/COLLADASchema" version="1.4.1" xmlns:xsi="http://www.w3.org/2001/XMLSchema-instance">
  <asset>
    <contributor>
      <author>Blender User</author>
      <authoring_tool>Blender 3.0.1</authoring_tool>
    </contributor>
    <created>2025-05-26T00:14:20</created>
    <modified>2025-05-26T00:14:20</modified>
    <unit name="meter" meter="1"/>
    <up_axis>Z_UP</up_axis>
  </asset>
  <library_cameras>
    <camera id="Camera-camera" name="Camera">
      <optics>
        <technique_common>
          <perspective>
            <xfov sid="xfov">39.59775</xfov>
            <aspect_ratio>1.777778</aspect_ratio>
            <znear sid="znear">0.1</znear>
            <zfar sid="zfar">100</zfar>
          </perspective>
        </technique_common>
      </optics>
      <extra>
        <technique profile="blender">
          <shiftx sid="shiftx" type="float">0</shiftx>
          <shifty sid="shifty" type="float">0</shifty>
          <dof_distance sid="dof_distance" type="float">10</dof_distance>
        </technique>
      </extra>
    </camera>
  </library_cameras>
  <library_lights>
    <light id="Light-light" name="Light">
      <technique_common>
        <point>
          <color sid="color">1000 1000 1000</color>
          <constant_attenuation>1</constant_attenuation>
          <linear_attenuation>0</linear_attenuation>
          <quadratic_attenuation>0.00111109</quadratic_attenuation>
        </point>
      </technique_common>
      <extra>
        <technique profile="blender">
          <type sid="type" type="int">0</type>
          <flag sid="flag" type="int">0</flag>
          <mode sid="mode" type="int">1</mode>
          <gamma sid="blender_gamma" type="float">1</gamma>
          <red sid="red" type="float">1</red>
          <green sid="green" type="float">1</green>
          <blue sid="blue" type="float">1</blue>
          <shadow_r sid="blender_shadow_r" type="float">0</shadow_r>
          <shadow_g sid="blender_shadow_g" type="float">0</shadow_g>
          <shadow_b sid="blender_shadow_b" type="float">0</shadow_b>
          <energy sid="blender_energy" type="float">1000</energy>
          <dist sid="blender_dist" type="float">29.99998</dist>
          <spotsize sid="spotsize" type="float">75</spotsize>
          <spotblend sid="spotblend" type="float">0.15</spotblend>
          <att1 sid="att1" type="float">0</att1>
          <att2 sid="att2" type="float">1</att2>
          <falloff_type sid="falloff_type" type="int">2</falloff_type>
          <clipsta sid="clipsta" type="float">0.04999995</clipsta>
          <clipend sid="clipend" type="float">30.002</clipend>
          <bias sid="bias" type="float">1</bias>
          <soft sid="soft" type="float">3</soft>
          <bufsize sid="bufsize" type="int">2880</bufsize>
          <samp sid="samp" type="int">3</samp>
          <buffers sid="buffers" type="int">1</buffers>
          <area_shape sid="area_shape" type="int">1</area_shape>
          <area_size sid="area_size" type="float">0.1</area_size>
          <area_sizey sid="area_sizey" type="float">0.1</area_sizey>
          <area_sizez sid="area_sizez" type="float">1</area_sizez>
        </technique>
      </extra>
    </light>
  </library_lights>
  <library_images/>
  <library_geometries>
    <geometry id="link_3-mesh" name="link_3">
      <mesh>
        <source id="link_3-mesh-positions">
          <float_array id="link_3-mesh-positions-array" count="3204">-0.02349752 0 0.04249751 -0.0239557 0.00185889 0.04249751 -0.02373874 0.001368045 0.06249755 -0.02522528 0.003291904 0.04249751 -0.02443337 0.002571105 0.06249755 -0.0239557 0.00185889 0.06249755 -0.02701538 0.003970801 0.06249755 -0.02680295 0.003939211 0.06249755 -0.02701538 0.003970801 0.04249751 -0.02549755 0.003464043 0.06249755 -0.02522528 0.003291904 0.06249755 -0.02819216 0.003939211 0.06249755 -0.02891594 0.003740012 0.04249751 -0.02891594 0.003740012 0.06249755 -0.02949756 0.003464043 0.06249755 -0.03049159 0.002652466 0.04249751 -0.03056174 0.002571105 0.06249755 -0.03125631 0.001368045 0.06249755 -0.0313813 9.57263e-4 0.04249751 -0.0313813 9.57263e-4 0.06249755 -0.03149753 0 0.06249755 -0.0313813 -9.57263e-4 0.04249751 -0.0313813 -9.57263e-4 0.06249755 -0.03125631 -0.001368045 0.06249755 -0.03049159 -0.002652466 0.04249751 -0.03056174 -0.002571105 0.06249755 -0.02949756 -0.003464043 0.06249755 -0.02891594 -0.003740012 0.04249751 -0.02891594 -0.003740012 0.06249755 -0.02819216 -0.003939211 0.06249755 -0.02749752 -0.003999948 0.04249751 -0.02749752 -0.003999948 0.06249755 -0.02701538 -0.003970801 0.06249755 -0.02701538 -0.003970801 0.04249751 -0.02680295 -0.003939211 0.06249755 -0.02522528 -0.003291904 0.04249751 -0.02549755 -0.003464043 0.06249755 -0.0239557 -0.00185889 0.04249751 -0.02443337 -0.002571105 0.06249755 -0.02522528 -0.003291904 0.06249755 -0.02349752 0 0.06249755 -0.02373874 -0.001368045 0.06249755 -0.0239557 -0.00185889 0.06249755 -0.004999995 4.82147e-4 0.08102428 -0.004999995 0 0.08099508 -0.0074144 0 0.08083683 -0.02426707 0.002571105 0.06503409 -0.007445871 -0.001368045 0.08107602 -0.02349752 0 0.06249755 -0.02333927 0 0.06491196 -0.02357846 -0.001368045 0.06494343 -0.02426707 -0.002571105 0.06503409 -0.02532219 -0.003464043 0.06517302 -0.004999995 -0.001368045 0.08123636 -0.004999995 -0.001418411 0.08125501 -0.00753653 -0.002571105 0.08176469 -0.004999995 -0.002571105 0.08193093 -0.007675468 -0.003464043 0.08281975 -0.004999995 -0.002994 0.08234262 -0.004999995 -0.003464043 0.08299511 -0.007845818 -0.003939211 0.08411401 -0.004999995 -0.003883719 0.08403784 -0.02661639 -0.003939211 0.06534337 -0.02799373 -0.003939211 0.06552475 -0.004999995 -0.003939211 0.08430051 -0.004999995 -0.003999948 0.08499509 -0.008027136 -0.003939211 0.08549129 -0.02928793 -0.003464043 0.0656951 -0.004999995 -0.003939211 0.08568972 -0.004999995 -0.003883719 0.08595234 -0.008197546 -0.003464043 0.08678555 -0.004999995 -0.003464043 0.08699512 -0.004999995 -0.002994 0.08764761 -0.008336424 -0.002571105 0.08784061 -0.004999995 -0.002571105 0.0880593 -0.004999995 -0.001418411 0.08873516 -0.008427083 -0.001368045 0.08852922 -0.004999995 -0.001368045 0.08875387 -0.008458614 0 0.08876842 -0.03127086 0 0.06595617 -0.03103166 -0.001368045 0.0659247 -0.03034305 -0.002571105 0.06583404 -0.03103166 0.001368045 0.0659247 -0.03149753 0 0.06249755 -0.004999995 0 0.08899509 -0.004999995 4.82147e-4 0.08896595 -0.008427083 0.001368045 0.08852922 -0.004999995 0.001368045 0.08875387 -0.004999995 0.002272248 0.08828705 -0.008336424 0.002571105 0.08784061 -0.004999995 0.002571105 0.0880593 -0.008197546 0.003464043 0.08678555 -0.02799373 0.003939211 0.06552475 -0.02928793 0.003464043 0.0656951 -0.03034305 0.002571105 0.06583404 -0.004999995 0.003464043 0.08699512 -0.004999995 0.003541767 0.08685398 -0.008027136 0.003939211 0.08549129 -0.02661639 0.003939211 0.06534337 -0.004999995 0.003939211 0.08568972 -0.004999995 0.003999948 0.08499509 -0.007845818 0.003939211 0.08411401 -0.004999995 0.003939211 0.08430051 -0.007675468 0.003464043 0.08281975 -0.02532219 0.003464043 0.06517302 -0.02286726 0 0.06728506 -0.02310025 -0.001368045 0.06734752 -0.02377116 -0.002571105 0.06752729 -0.0247991 -0.003464043 0.06780272 -0.02606004 -0.003939211 0.06814056 -0.02740186 -0.003939211 0.0685001 -0.0286628 -0.003464043 0.068838 -0.02969074 -0.002571105 0.06911343 -0.03036165 -0.001368045 0.0692932 -0.03059464 0 0.0693556 -0.03036165 0.001368045 0.0692932 -0.02969074 0.002571105 0.06911343 -0.0286628 0.003464043 0.068838 -0.02740186 0.003939211 0.0685001 -0.02606004 0.003939211 0.06814056 -0.0247991 0.003464043 0.06780272 -0.02377116 0.002571105 0.06752729 -0.02208948 0 0.06957626 -0.02231234 -0.001368045 0.06966859 -0.0229541 -0.002571105 0.06993436 -0.02393728 -0.003464043 0.07034164 -0.02514326 -0.003939211 0.07084119 -0.02642673 -0.003939211 0.0713728 -0.02763277 -0.003464043 0.07187235 -0.02861595 -0.002571105 0.07227957 -0.02925765 -0.001368045 0.0725454 -0.02948051 0 0.07263773 -0.02925765 0.001368045 0.0725454 -0.02861595 0.002571105 0.07227957 -0.02763277 0.003464043 0.07187235 -0.02642673 0.003939211 0.0713728 -0.02514326 0.003939211 0.07084119 -0.02393728 0.003464043 0.07034164 -0.0229541 0.002571105 0.06993436 -0.02101933 0 0.07174634 -0.02122825 -0.001368045 0.07186692 -0.02182978 -0.002571105 0.07221424 -0.02275139 -0.003464043 0.07274633 -0.02388191 -0.003939211 0.073399 -0.02508497 -0.003939211 0.07409363 -0.02621549 -0.003464043 0.07474631 -0.0271371 -0.002571105 0.0752784 -0.02773863 -0.001368045 0.07562571 -0.02794754 0 0.07574629 -0.02773863 0.001368045 0.07562571 -0.0271371 0.002571105 0.0752784 -0.02621549 0.003464043 0.07474631 -0.02508497 0.003939211 0.07409363 -0.02388191 0.003939211 0.073399 -0.02275139 0.003464043 0.07274633 -0.02182978 0.002571105 0.07221424 -0.01967507 0 0.07375812 -0.01986646 -0.001368045 0.07390499 -0.02041751 -0.002571105 0.07432782 -0.02126181 -0.003464043 0.07497566 -0.02229744 -0.003939211 0.07577037 -0.02339953 -0.003939211 0.07661604 -0.02443522 -0.003464043 0.07741069 -0.02527946 -0.002571105 0.07805854 -0.0258305 -0.001368045 0.07848137 -0.02602189 0 0.07862824 -0.0258305 0.001368045 0.07848137 -0.02527946 0.002571105 0.07805854 -0.02443522 0.003464043 0.07741069 -0.02339953 0.003939211 0.07661604 -0.02229744 0.003939211 0.07577037 -0.02126181 0.003464043 0.07497566 -0.02041751 0.002571105 0.07432782 -0.01807975 0 0.07557731 -0.01825028 -0.001368045 0.07574784 -0.01874142 -0.002571105 0.07623904 -0.01949393 -0.003464043 0.07699149 -0.02041703 -0.003939211 0.07791459 -0.02139931 -0.003939211 0.07889688 -0.02232235 -0.003464043 0.07981991 -0.02307486 -0.002571105 0.08057242 -0.023566 -0.001368045 0.08106356 -0.02373659 0 0.08123415 -0.023566 0.001368045 0.08106356 -0.02307486 0.002571105 0.08057242 -0.02232235 0.003464043 0.07981991 -0.02139931 0.003939211 0.07889688 -0.02041703 0.003939211 0.07791459 -0.01949393 0.003464043 0.07699149 -0.01874142 0.002571105 0.07623904 -0.01626056 0 0.07717263 -0.01640743 -0.001368045 0.07736402 -0.01683026 -0.002571105 0.07791507 -0.0174781 -0.003464043 0.07875937 -0.01827275 -0.003939211 0.079795 -0.01911848 -0.003939211 0.08089709 -0.01991313 -0.003464043 0.08193278 -0.02056097 -0.002571105 0.08277702 -0.02098381 -0.001368045 0.08332806 -0.02113068 0 0.08351945 -0.02098381 0.001368045 0.08332806 -0.02056097 0.002571105 0.08277702 -0.01991313 0.003464043 0.08193278 -0.01911848 0.003939211 0.08089709 -0.01827275 0.003939211 0.079795 -0.0174781 0.003464043 0.07875937 -0.01683026 0.002571105 0.07791507 -0.01424872 0 0.0785169 -0.01436936 -0.001368045 0.07872581 -0.01471668 -0.002571105 0.07932734 -0.01524877 -0.003464043 0.08024895 -0.01590144 -0.003939211 0.08137947 -0.01659607 -0.003939211 0.08258253 -0.01724874 -0.003464043 0.08371305 -0.01778084 -0.002571105 0.08463466 -0.01812815 -0.001368045 0.08523619 -0.01824873 0 0.0854451 -0.01812815 0.001368045 0.08523619 -0.01778084 0.002571105 0.08463466 -0.01724874 0.003464043 0.08371305 -0.01659607 0.003939211 0.08258253 -0.01590144 0.003939211 0.08137947 -0.01524877 0.003464043 0.08024895 -0.01471668 0.002571105 0.07932734 -0.0120787 0 0.07958704 -0.01217103 -0.001368045 0.0798099 -0.0124368 -0.002571105 0.08045166 -0.01284402 -0.003464043 0.08143484 -0.01334363 -0.003939211 0.08264088 -0.01387524 -0.003939211 0.08392429 -0.01437479 -0.003464043 0.08513033 -0.01478201 -0.002571105 0.08611351 -0.01504784 -0.001368045 0.08675521 -0.01514017 0 0.08697807 -0.01504784 0.001368045 0.08675521 -0.01478201 0.002571105 0.08611351 -0.01437479 0.003464043 0.08513033 -0.01387524 0.003939211 0.08392429 -0.01334363 0.003939211 0.08264088 -0.01284402 0.003464043 0.08143484 -0.0124368 0.002571105 0.08045166 -0.009787499 0 0.08036482 -0.009849905 -0.001368045 0.08059781 -0.01002973 -0.002571105 0.08126872 -0.0103051 -0.003464043 0.08229666 -0.010643 -0.003939211 0.0835576 -0.01100254 -0.003939211 0.08489942 -0.01134043 -0.003464043 0.08616036 -0.01161581 -0.002571105 0.0871883 -0.01179563 -0.001368045 0.08785921 -0.01185804 0 0.0880922 -0.01179563 0.001368045 0.08785921 -0.01161581 0.002571105 0.0871883 -0.01134043 0.003464043 0.08616036 -0.01100254 0.003939211 0.08489942 -0.010643 0.003939211 0.0835576 -0.0103051 0.003464043 0.08229666 -0.01002973 0.002571105 0.08126872 -0.00753653 0.002571105 0.08176469 -0.02357846 0.001368045 0.06494343 -0.004999995 0.003541767 0.0831362 -0.004999995 0.003464043 0.08299511 -0.004999995 0.002571105 0.08193093 -0.004999995 0.002272248 0.08170318 -0.02310025 0.001368045 0.06734752 -0.02231234 0.001368045 0.06966859 -0.02122825 0.001368045 0.07186692 -0.01986646 0.001368045 0.07390499 -0.01825028 0.001368045 0.07574784 -0.01640743 0.001368045 0.07736402 -0.01436936 0.001368045 0.07872581 -0.01217103 0.001368045 0.0798099 -0.009849905 0.001368045 0.08059781 -0.007445871 0.001368045 0.08107602 -0.004999995 0.001368045 0.08123636 0.004999995 0.003939211 0.08430051 0.004999995 0.003999948 0.08499509 0.004999995 0.003939211 0.08568972 0.004999995 0.003541767 0.08685398 0.004999995 0.003464043 0.08699512 0.004999995 0.002571105 0.0880593 0.004999995 0.002272248 0.08828705 0.004999995 0.001368045 0.08875387 0.004999995 4.82147e-4 0.08896595 0.004999995 0 0.08899509 -0.004999995 0 0.08899509 0.004999995 -0.001368045 0.08875387 0.004999995 -0.001418411 0.08873516 0.004999995 -0.002571105 0.0880593 0.004999995 -0.002994 0.08764761 0.004999995 -0.003464043 0.08699512 0.004999995 -0.003883719 0.08595234 0.004999995 -0.003939211 0.08568972 0.004999995 -0.003999948 0.08499509 0.004999995 -0.003939211 0.08430051 0.004999995 -0.003883719 0.08403784 0.004999995 -0.003464043 0.08299511 0.004999995 -0.002994 0.08234262 0.004999995 -0.002571105 0.08193093 0.004999995 -0.001418411 0.08125501 0.004999995 -0.001368045 0.08123636 0.004999995 0 0.08099508 -0.004999995 0 0.08099508 0.004999995 4.82147e-4 0.08102428 0.004999995 0.001368045 0.08123636 0.004999995 0.002272248 0.08170318 0.004999995 0.002571105 0.08193093 0.004999995 0.003464043 0.08299511 0.004999995 0.003541767 0.0831362 0.007445871 0.001368045 0.08107602 0.0239557 0.00185889 0.06249755 0.02373874 0.001368045 0.06249755 0.02357846 0.001368045 0.06494343 0.02661639 -0.003939211 0.06534337 0.02532219 -0.003464043 0.06517302 0.02549755 -0.003464043 0.06249755 0.02357846 -0.001368045 0.06494343 0.02333927 0 0.06491196 0.02349752 0 0.06249755 0.007675468 -0.003464043 0.08281975 0.00753653 -0.002571105 0.08176469 0.007445871 -0.001368045 0.08107602 0.02373874 -0.001368045 0.06249755 0.0239557 -0.00185889 0.06249755 0.02426707 -0.002571105 0.06503409 0.02443337 -0.002571105 0.06249755 0.02522528 -0.003291904 0.06249755 0.007845818 -0.003939211 0.08411401 0.008027136 -0.003939211 0.08549129 0.02749752 -0.003999948 0.06249755 0.02799373 -0.003939211 0.06552475 0.02701538 -0.003970801 0.06249755 0.02680295 -0.003939211 0.06249755 0.008197546 -0.003464043 0.08678555 0.02819216 -0.003939211 0.06249755 0.02891594 -0.003740012 0.06249755 0.02928793 -0.003464043 0.0656951 0.008336424 -0.002571105 0.08784061 0.02949756 -0.003464043 0.06249755 0.03049159 -0.002652466 0.06249755 0.03034305 -0.002571105 0.06583404 0.03056174 -0.002571105 0.06249755 0.03103166 -0.001368045 0.0659247 0.008427083 -0.001368045 0.08852922 0.03125631 -0.001368045 0.06249755 0.0313813 -9.57263e-4 0.06249755 0.03127086 0 0.06595617 0.008427083 0.001368045 0.08852922 0.008458614 0 0.08876842 0.004999995 0 0.08899509 0.03149753 0 0.06249755 0.0313813 9.57263e-4 0.06249755 0.03103166 0.001368045 0.0659247 0.03125631 0.001368045 0.06249755 0.03034305 0.002571105 0.06583404 0.008336424 0.002571105 0.08784061 0.03056174 0.002571105 0.06249755 0.03049159 0.002652466 0.06249755 0.02928793 0.003464043 0.0656951 0.008027136 0.003939211 0.08549129 0.008197546 0.003464043 0.08678555 0.02949756 0.003464043 0.06249755 0.02891594 0.003740012 0.06249755 0.02799373 0.003939211 0.06552475 0.007845818 0.003939211 0.08411401 0.007675468 0.003464043 0.08281975 0.0074144 0 0.08083683 0.009787499 0 0.08036482 0.009849905 -0.001368045 0.08059781 0.01002973 -0.002571105 0.08126872 0.0103051 -0.003464043 0.08229666 0.010643 -0.003939211 0.0835576 0.01100254 -0.003939211 0.08489942 0.01134043 -0.003464043 0.08616036 0.01161581 -0.002571105 0.0871883 0.01179563 -0.001368045 0.08785921 0.01185804 0 0.0880922 0.01179563 0.001368045 0.08785921 0.01161581 0.002571105 0.0871883 0.01134043 0.003464043 0.08616036 0.01100254 0.003939211 0.08489942 0.010643 0.003939211 0.0835576 0.0103051 0.003464043 0.08229666 0.00753653 0.002571105 0.08176469 0.0120787 0 0.07958704 0.01217103 -0.001368045 0.0798099 0.0124368 -0.002571105 0.08045166 0.01284402 -0.003464043 0.08143484 0.01334363 -0.003939211 0.08264088 0.01387524 -0.003939211 0.08392429 0.01437479 -0.003464043 0.08513033 0.01478201 -0.002571105 0.08611351 0.01504784 -0.001368045 0.08675521 0.01514017 0 0.08697807 0.01504784 0.001368045 0.08675521 0.01478201 0.002571105 0.08611351 0.01437479 0.003464043 0.08513033 0.01387524 0.003939211 0.08392429 0.01334363 0.003939211 0.08264088 0.01284402 0.003464043 0.08143484 0.01424872 0 0.0785169 0.01436936 -0.001368045 0.07872581 0.01471668 -0.002571105 0.07932734 0.01524877 -0.003464043 0.08024895 0.01590144 -0.003939211 0.08137947 0.01659607 -0.003939211 0.08258253 0.01724874 -0.003464043 0.08371305 0.01778084 -0.002571105 0.08463466 0.01812815 -0.001368045 0.08523619 0.01824873 0 0.0854451 0.01812815 0.001368045 0.08523619 0.01778084 0.002571105 0.08463466 0.01724874 0.003464043 0.08371305 0.01659607 0.003939211 0.08258253 0.01590144 0.003939211 0.08137947 0.01524877 0.003464043 0.08024895 0.01626056 0 0.07717263 0.01640743 -0.001368045 0.07736402 0.01683026 -0.002571105 0.07791507 0.0174781 -0.003464043 0.07875937 0.01827275 -0.003939211 0.079795 0.01911848 -0.003939211 0.08089709 0.01991313 -0.003464043 0.08193278 0.02056097 -0.002571105 0.08277702 0.02098381 -0.001368045 0.08332806 0.02113068 0 0.08351945 0.02098381 0.001368045 0.08332806 0.02056097 0.002571105 0.08277702 0.01991313 0.003464043 0.08193278 0.01911848 0.003939211 0.08089709 0.01827275 0.003939211 0.079795 0.0174781 0.003464043 0.07875937 0.01807975 0 0.07557731 0.01825028 -0.001368045 0.07574784 0.01874142 -0.002571105 0.07623904 0.01949393 -0.003464043 0.07699149 0.02041703 -0.003939211 0.07791459 0.02139931 -0.003939211 0.07889688 0.02232235 -0.003464043 0.07981991 0.02307486 -0.002571105 0.08057242 0.023566 -0.001368045 0.08106356 0.02373659 0 0.08123415 0.023566 0.001368045 0.08106356 0.02307486 0.002571105 0.08057242 0.02232235 0.003464043 0.07981991 0.02139931 0.003939211 0.07889688 0.02041703 0.003939211 0.07791459 0.01949393 0.003464043 0.07699149 0.01967507 0 0.07375812 0.01986646 -0.001368045 0.07390499 0.02041751 -0.002571105 0.07432782 0.02126181 -0.003464043 0.07497566 0.02229744 -0.003939211 0.07577037 0.02339953 -0.003939211 0.07661604 0.02443522 -0.003464043 0.07741069 0.02527946 -0.002571105 0.07805854 0.0258305 -0.001368045 0.07848137 0.02602189 0 0.07862824 0.0258305 0.001368045 0.07848137 0.02527946 0.002571105 0.07805854 0.02443522 0.003464043 0.07741069 0.02339953 0.003939211 0.07661604 0.02229744 0.003939211 0.07577037 0.02126181 0.003464043 0.07497566 0.02101933 0 0.07174634 0.02122825 -0.001368045 0.07186692 0.02182978 -0.002571105 0.07221424 0.02275139 -0.003464043 0.07274633 0.02388191 -0.003939211 0.073399 0.02508497 -0.003939211 0.07409363 0.02621549 -0.003464043 0.07474631 0.0271371 -0.002571105 0.0752784 0.02773863 -0.001368045 0.07562571 0.02794754 0 0.07574629 0.02773863 0.001368045 0.07562571 0.0271371 0.002571105 0.0752784 0.02621549 0.003464043 0.07474631 0.02508497 0.003939211 0.07409363 0.02388191 0.003939211 0.073399 0.02275139 0.003464043 0.07274633 0.02208948 0 0.06957626 0.02231234 -0.001368045 0.06966859 0.0229541 -0.002571105 0.06993436 0.02393728 -0.003464043 0.07034164 0.02514326 -0.003939211 0.07084119 0.02642673 -0.003939211 0.0713728 0.02763277 -0.003464043 0.07187235 0.02861595 -0.002571105 0.07227957 0.02925765 -0.001368045 0.0725454 0.02948051 0 0.07263773 0.02925765 0.001368045 0.0725454 0.02861595 0.002571105 0.07227957 0.02763277 0.003464043 0.07187235 0.02642673 0.003939211 0.0713728 0.02514326 0.003939211 0.07084119 0.02393728 0.003464043 0.07034164 0.02286726 0 0.06728506 0.02310025 -0.001368045 0.06734752 0.02377116 -0.002571105 0.06752729 0.0247991 -0.003464043 0.06780272 0.02606004 -0.003939211 0.06814056 0.02740186 -0.003939211 0.0685001 0.0286628 -0.003464043 0.068838 0.02969074 -0.002571105 0.06911343 0.03036165 -0.001368045 0.0692932 0.03059464 0 0.0693556 0.03036165 0.001368045 0.0692932 0.02969074 0.002571105 0.06911343 0.0286628 0.003464043 0.068838 0.02740186 0.003939211 0.0685001 0.02606004 0.003939211 0.06814056 0.0247991 0.003464043 0.06780272 0.02661639 0.003939211 0.06534337 0.02532219 0.003464043 0.06517302 0.02819216 0.003939211 0.06249755 0.02701538 0.003970801 0.06249755 0.02680295 0.003939211 0.06249755 0.02549755 0.003464043 0.06249755 0.02522528 0.003291904 0.06249755 0.01002973 0.002571105 0.08126872 0.0124368 0.002571105 0.08045166 0.01471668 0.002571105 0.07932734 0.01683026 0.002571105 0.07791507 0.01874142 0.002571105 0.07623904 0.02041751 0.002571105 0.07432782 0.02182978 0.002571105 0.07221424 0.0229541 0.002571105 0.06993436 0.02377116 0.002571105 0.06752729 0.02426707 0.002571105 0.06503409 0.02443337 0.002571105 0.06249755 0.009849905 0.001368045 0.08059781 0.01217103 0.001368045 0.0798099 0.01436936 0.001368045 0.07872581 0.01640743 0.001368045 0.07736402 0.01825028 0.001368045 0.07574784 0.01986646 0.001368045 0.07390499 0.02122825 0.001368045 0.07186692 0.02231234 0.001368045 0.06966859 0.02310025 0.001368045 0.06734752 0.004999995 0 0.08099508 0.02373874 -0.001368045 0.02249753 0.02349752 0 0.02249753 0.02349752 0 0.06249755 0.02373874 0.001368045 0.02249753 0.0239557 0.00185889 0.02249753 0.02443337 0.002571105 0.02249753 0.02522528 0.003291904 0.02249753 0.02549755 0.003464043 0.02249753 0.02680295 0.003939211 0.02249753 0.02701538 0.003970801 0.02249753 0.02819216 0.003939211 0.02249753 0.02891594 0.003740012 0.02249753 0.02949756 0.003464043 0.02249753 0.03049159 0.002652466 0.02249753 0.03056174 0.002571105 0.02249753 0.03125631 0.001368045 0.02249753 0.0313813 9.57263e-4 0.02249753 0.03149753 0 0.02249753 0.03149753 0 0.06249755 0.0313813 -9.57263e-4 0.02249753 0.03125631 -0.001368045 0.02249753 0.03056174 -0.002571105 0.02249753 0.03049159 -0.002652466 0.02249753 0.02949756 -0.003464043 0.02249753 0.02891594 -0.003740012 0.02249753 0.02819216 -0.003939211 0.02249753 0.02749752 -0.003999948 0.02249753 0.02701538 -0.003970801 0.02249753 0.02680295 -0.003939211 0.02249753 0.02549755 -0.003464043 0.02249753 0.02522528 -0.003291904 0.02249753 0.02443337 -0.002571105 0.02249753 0.0239557 -0.00185889 0.02249753 0.004999995 0.001418411 0.003740012 0.004999995 0.001368045 0.003758728 0.007445871 0.001368045 0.003919064 0.02426707 0.002571105 0.01996099 0.007675468 -0.003464043 0.002175331 0.00753653 -0.002571105 0.003230392 0.004999995 -0.002571105 0.003064155 0.02349752 0 0.02249753 0.02333927 0 0.02008312 0.02357846 -0.001368045 0.02005165 0.0074144 0 0.004158198 0.004999995 0 0.003999948 0.004999995 -4.82147e-4 0.003970801 0.007445871 -0.001368045 0.003919064 0.004999995 -0.001368045 0.003758728 0.004999995 -0.002272248 0.003291904 0.02426707 -0.002571105 0.01996099 0.02532219 -0.003464043 0.01982206 0.004999995 -0.003464043 0.001999974 0.004999995 -0.003541767 0.00185889 0.007845818 -0.003939211 8.8112e-4 0.02661639 -0.003939211 0.01965171 0.02799373 -0.003939211 0.01947033 0.004999995 -0.003939211 6.94591e-4 0.004999995 -0.003999948 0 0.008027136 -0.003939211 -4.96179e-4 0.02928793 -0.003464043 0.01929998 0.004999995 -0.003939211 -6.94592e-4 0.004999995 -0.003541767 -0.00185889 0.008197546 -0.003464043 -0.001790404 0.004999995 -0.003464043 -0.001999974 0.008336424 -0.002571105 -0.002845466 0.03034305 -0.002571105 0.01916104 0.004999995 -0.002571105 -0.003064155 0.004999995 -0.002272248 -0.003291904 0.008427083 -0.001368045 -0.003534138 0.03127086 0 0.01903891 0.03103166 -0.001368045 0.01907038 0.004999995 -0.001368045 -0.003758728 0.004999995 -4.82147e-4 -0.003970801 0.008458614 0 -0.003773272 0.004999995 0 -0.003999948 0.008427083 0.001368045 -0.003534138 0.03103166 0.001368045 0.01907038 0.03149753 0 0.02249753 0.004999995 0.001368045 -0.003758728 0.004999995 0.001418411 -0.003740012 0.008336424 0.002571105 -0.002845466 0.02928793 0.003464043 0.01929998 0.03034305 0.002571105 0.01916104 0.004999995 0.002571105 -0.003064155 0.004999995 0.002994 -0.002652466 0.008197546 0.003464043 -0.001790404 0.02799373 0.003939211 0.01947033 0.004999995 0.003464043 -0.001999974 0.004999995 0.003883719 -9.57262e-4 0.008027136 0.003939211 -4.96179e-4 0.004999995 0.003939211 -6.94592e-4 0.007845818 0.003939211 8.8112e-4 0.02661639 0.003939211 0.01965171 0.02286726 0 0.01771003 0.02310025 -0.001368045 0.01764756 0.02377116 -0.002571105 0.01746779 0.0247991 -0.003464043 0.01719236 0.02606004 -0.003939211 0.01685452 0.02740186 -0.003939211 0.01649498 0.0286628 -0.003464043 0.01615709 0.02969074 -0.002571105 0.01588165 0.03036165 -0.001368045 0.01570188 0.03059464 0 0.01563948 0.03036165 0.001368045 0.01570188 0.02969074 0.002571105 0.01588165 0.0286628 0.003464043 0.01615709 0.02740186 0.003939211 0.01649498 0.02606004 0.003939211 0.01685452 0.02532219 0.003464043 0.01982206 0.0247991 0.003464043 0.01719236 0.02208948 0 0.01541882 0.02231234 -0.001368045 0.01532649 0.0229541 -0.002571105 0.01506072 0.02393728 -0.003464043 0.01465344 0.02514326 -0.003939211 0.01415389 0.02642673 -0.003939211 0.01362228 0.02763277 -0.003464043 0.01312273 0.02861595 -0.002571105 0.01271545 0.02925765 -0.001368045 0.01244968 0.02948051 0 0.01235735 0.02925765 0.001368045 0.01244968 0.02861595 0.002571105 0.01271545 0.02763277 0.003464043 0.01312273 0.02642673 0.003939211 0.01362228 0.02514326 0.003939211 0.01415389 0.02393728 0.003464043 0.01465344 0.02101933 0 0.01324874 0.02122825 -0.001368045 0.01312816 0.02182978 -0.002571105 0.01278084 0.02275139 -0.003464043 0.01224875 0.02388191 -0.003939211 0.01159602 0.02508497 -0.003939211 0.01090145 0.02621549 -0.003464043 0.01024878 0.0271371 -0.002571105 0.009716689 0.02773863 -0.001368045 0.009369373 0.02794754 0 0.009248733 0.02773863 0.001368045 0.009369373 0.0271371 0.002571105 0.009716689 0.02621549 0.003464043 0.01024878 0.02508497 0.003939211 0.01090145 0.02388191 0.003939211 0.01159602 0.02275139 0.003464043 0.01224875 0.01967507 0 0.01123696 0.01986646 -0.001368045 0.01109009 0.02041751 -0.002571105 0.01066726 0.02126181 -0.003464043 0.01001942 0.02229744 -0.003939211 0.009224712 0.02339953 -0.003939211 0.008379042 0.02443522 -0.003464043 0.007584393 0.02527946 -0.002571105 0.00693655 0.0258305 -0.001368045 0.006513714 0.02602189 0 0.006366848 0.0258305 0.001368045 0.006513714 0.02527946 0.002571105 0.00693655 0.02443522 0.003464043 0.007584393 0.02339953 0.003939211 0.008379042 0.02229744 0.003939211 0.009224712 0.02126181 0.003464043 0.01001942 0.01807975 0 0.009417772 0.01825028 -0.001368045 0.009247183 0.01874142 -0.002571105 0.008756041 0.01949393 -0.003464043 0.008003592 0.02041703 -0.003939211 0.007080495 0.02139931 -0.003939211 0.00609821 0.02232235 -0.003464043 0.005175113 0.02307486 -0.002571105 0.004422664 0.023566 -0.001368045 0.003931522 0.02373659 0 0.003760933 0.023566 0.001368045 0.003931522 0.02307486 0.002571105 0.004422664 0.02232235 0.003464043 0.005175113 0.02139931 0.003939211 0.00609821 0.02041703 0.003939211 0.007080495 0.01949393 0.003464043 0.008003592 0.01626056 0 0.007822453 0.01640743 -0.001368045 0.007631063 0.01683026 -0.002571105 0.007080018 0.0174781 -0.003464043 0.006235718 0.01827275 -0.003939211 0.005200088 0.01911848 -0.003939211 0.004097938 0.01991313 -0.003464043 0.003062307 0.02056097 -0.002571105 0.002218067 0.02098381 -0.001368045 0.001666963 0.02113068 0 0.001475572 0.02098381 0.001368045 0.001666963 0.02056097 0.002571105 0.002218067 0.01991313 0.003464043 0.003062307 0.01911848 0.003939211 0.004097938 0.01827275 0.003939211 0.005200088 0.0174781 0.003464043 0.006235718 0.01424872 0 0.00647819 0.01436936 -0.001368045 0.006269276 0.01471668 -0.002571105 0.005667746 0.01524877 -0.003464043 0.004746139 0.01590144 -0.003939211 0.003615617 0.01659607 -0.003939211 0.002412557 0.01724874 -0.003464043 0.001282036 0.01778084 -0.002571105 3.60447e-4 0.01812815 -0.001368045 -2.4109e-4 0.01824873 0 -4.50001e-4 0.01812815 0.001368045 -2.4109e-4 0.01778084 0.002571105 3.60447e-4 0.01724874 0.003464043 0.001282036 0.01659607 0.003939211 0.002412557 0.01590144 0.003939211 0.003615617 0.01524877 0.003464043 0.004746139 0.0120787 0 0.005407989 0.01217103 -0.001368045 0.005185127 0.0124368 -0.002571105 0.004543423 0.01284402 -0.003464043 0.003560245 0.01334363 -0.003939211 0.002354204 0.01387524 -0.003939211 0.001070797 0.01437479 -0.003464043 -1.35232e-4 0.01478201 -0.002571105 -0.001118361 0.01504784 -0.001368045 -0.001760125 0.01514017 0 -0.001982986 0.01504784 0.001368045 -0.001760125 0.01478201 0.002571105 -0.001118361 0.01437479 0.003464043 -1.35232e-4 0.01387524 0.003939211 0.001070797 0.01334363 0.003939211 0.002354204 0.01284402 0.003464043 0.003560245 0.009787499 0 0.004630267 0.009849905 -0.001368045 0.004397273 0.01002973 -0.002571105 0.003726303 0.0103051 -0.003464043 0.002698421 0.010643 -0.003939211 0.001437485 0.01100254 -0.003939211 9.56612e-5 0.01134043 -0.003464043 -0.001165211 0.01161581 -0.002571105 -0.002193152 0.01179563 -0.001368045 -0.002864062 0.01185804 0 -0.003097116 0.01179563 0.001368045 -0.002864062 0.01161581 0.002571105 -0.002193152 0.01134043 0.003464043 -0.001165211 0.01100254 0.003939211 9.56612e-5 0.010643 0.003939211 0.001437485 0.0103051 0.003464043 0.002698421 0.007675468 0.003464043 0.002175331 0.004999995 0.003939211 6.94591e-4 0.004999995 0.003883719 9.57261e-4 0.004999995 0.003464043 0.001999974 0.004999995 0.002994 0.002652466 0.02377116 0.002571105 0.01746779 0.0229541 0.002571105 0.01506072 0.02182978 0.002571105 0.01278084 0.02041751 0.002571105 0.01066726 0.01874142 0.002571105 0.008756041 0.01683026 0.002571105 0.007080018 0.01471668 0.002571105 0.005667746 0.0124368 0.002571105 0.004543423 0.01002973 0.002571105 0.003726303 0.00753653 0.002571105 0.003230392 0.004999995 0.002571105 0.003064155 0.02357846 0.001368045 0.02005165 0.02310025 0.001368045 0.01764756 0.02231234 0.001368045 0.01532649 0.02122825 0.001368045 0.01312816 0.01986646 0.001368045 0.01109009 0.01825028 0.001368045 0.009247183 0.01640743 0.001368045 0.007631063 0.01436936 0.001368045 0.006269276 0.01217103 0.001368045 0.005185127 0.009849905 0.001368045 0.004397273 -0.004999995 -0.003939211 -6.94592e-4 -0.004999995 -0.003541767 -0.00185889 -0.004999995 -0.003464043 -0.001999974 -0.004999995 -0.002571105 -0.003064155 -0.004999995 -0.002272248 -0.003291904 -0.004999995 -0.001368045 -0.003758728 -0.004999995 -4.82147e-4 -0.003970801 0.004999995 0 -0.003999948 -0.004999995 0 -0.003999948 -0.004999995 0.001368045 -0.003758728 -0.004999995 0.001418411 -0.003740012 -0.004999995 0.002571105 -0.003064155 -0.004999995 0.002994 -0.002652466 -0.004999995 0.003464043 -0.001999974 -0.004999995 0.003883719 -9.57262e-4 -0.004999995 0.003939211 -6.94592e-4 -0.004999995 0.003939211 6.94591e-4 -0.004999995 0.003883719 9.57261e-4 -0.004999995 0.003464043 0.001999974 -0.004999995 0.002994 0.002652466 -0.004999995 0.002571105 0.003064155 -0.004999995 0.001418411 0.003740012 -0.004999995 0.001368045 0.003758728 0.004999995 0 0.003999948 -0.004999995 0 0.003999948 -0.004999995 -4.82147e-4 0.003970801 -0.004999995 -0.001368045 0.003758728 -0.004999995 -0.002272248 0.003291904 -0.004999995 -0.002571105 0.003064155 -0.004999995 -0.003464043 0.001999974 -0.004999995 -0.003541767 0.00185889 -0.004999995 -0.003939211 6.94591e-4 -0.004999995 -0.003999948 0 -0.0239557 0.00185889 0.02249753 -0.02373874 0.001368045 0.02249753 -0.02357846 0.001368045 0.02005165 -0.00753653 0.002571105 0.003230392 -0.02357846 -0.001368045 0.02005165 -0.02333927 0 0.02008312 -0.02349752 0 0.02249753 -0.00753653 -0.002571105 0.003230392 -0.007445871 -0.001368045 0.003919064 -0.0074144 0 0.004158198 -0.004999995 0 0.003999948 -0.007675468 -0.003464043 0.002175331 -0.02373874 -0.001368045 0.02249753 -0.0239557 -0.00185889 0.02249753 -0.02426707 -0.002571105 0.01996099 -0.02443337 -0.002571105 0.02249753 -0.02532219 -0.003464043 0.01982206 -0.02522528 -0.003291904 0.02249753 -0.02549755 -0.003464043 0.02249753 -0.02661639 -0.003939211 0.01965171 -0.02680295 -0.003939211 0.02249753 -0.008027136 -0.003939211 -4.96179e-4 -0.007845818 -0.003939211 8.8112e-4 -0.02701538 -0.003970801 0.02249753 -0.02749752 -0.003999948 0.02249753 -0.02799373 -0.003939211 0.01947033 -0.008197546 -0.003464043 -0.001790404 -0.02819216 -0.003939211 0.02249753 -0.02891594 -0.003740012 0.02249753 -0.02928793 -0.003464043 0.01929998 -0.02949756 -0.003464043 0.02249753 -0.03034305 -0.002571105 0.01916104 -0.03056174 -0.002571105 0.02249753 -0.03103166 -0.001368045 0.01907038 -0.008427083 -0.001368045 -0.003534138 -0.008336424 -0.002571105 -0.002845466 -0.008458614 0 -0.003773272 -0.03125631 -0.001368045 0.02249753 -0.0313813 -9.57263e-4 0.02249753 -0.03127086 0 0.01903891 -0.008336424 0.002571105 -0.002845466 -0.008427083 0.001368045 -0.003534138 -0.004999995 0 -0.003999948 -0.03149753 0 0.02249753 -0.0313813 9.57263e-4 0.02249753 -0.03103166 0.001368045 0.01907038 -0.03125631 0.001368045 0.02249753 -0.03034305 0.002571105 0.01916104 -0.03056174 0.002571105 0.02249753 -0.02928793 0.003464043 0.01929998 -0.008197546 0.003464043 -0.001790404 -0.008027136 0.003939211 -4.96179e-4 -0.02949756 0.003464043 0.02249753 -0.02891594 0.003740012 0.02249753 -0.02799373 0.003939211 0.01947033 -0.007845818 0.003939211 8.8112e-4 -0.009787499 0 0.004630267 -0.009849905 -0.001368045 0.004397273 -0.01002973 -0.002571105 0.003726303 -0.0103051 -0.003464043 0.002698421 -0.010643 -0.003939211 0.001437485 -0.01100254 -0.003939211 9.56612e-5 -0.01134043 -0.003464043 -0.001165211 -0.01161581 -0.002571105 -0.002193152 -0.01179563 -0.001368045 -0.002864062 -0.01185804 0 -0.003097116 -0.01179563 0.001368045 -0.002864062 -0.01161581 0.002571105 -0.002193152 -0.01134043 0.003464043 -0.001165211 -0.01100254 0.003939211 9.56612e-5 -0.010643 0.003939211 0.001437485 -0.007675468 0.003464043 0.002175331 -0.0103051 0.003464043 0.002698421 -0.0120787 0 0.005407989 -0.01217103 -0.001368045 0.005185127 -0.0124368 -0.002571105 0.004543423 -0.01284402 -0.003464043 0.003560245 -0.01334363 -0.003939211 0.002354204 -0.01387524 -0.003939211 0.001070797 -0.01437479 -0.003464043 -1.35232e-4 -0.01478201 -0.002571105 -0.001118361 -0.01504784 -0.001368045 -0.001760125 -0.01514017 0 -0.001982986 -0.01504784 0.001368045 -0.001760125 -0.01478201 0.002571105 -0.001118361 -0.01437479 0.003464043 -1.35232e-4 -0.01387524 0.003939211 0.001070797 -0.01334363 0.003939211 0.002354204 -0.01284402 0.003464043 0.003560245 -0.01424872 0 0.00647819 -0.01436936 -0.001368045 0.006269276 -0.01471668 -0.002571105 0.005667746 -0.01524877 -0.003464043 0.004746139 -0.01590144 -0.003939211 0.003615617 -0.01659607 -0.003939211 0.002412557 -0.01724874 -0.003464043 0.001282036 -0.01778084 -0.002571105 3.60447e-4 -0.01812815 -0.001368045 -2.4109e-4 -0.01824873 0 -4.50001e-4 -0.01812815 0.001368045 -2.4109e-4 -0.01778084 0.002571105 3.60447e-4 -0.01724874 0.003464043 0.001282036 -0.01659607 0.003939211 0.002412557 -0.01590144 0.003939211 0.003615617 -0.01524877 0.003464043 0.004746139 -0.01626056 0 0.007822453 -0.01640743 -0.001368045 0.007631063 -0.01683026 -0.002571105 0.007080018 -0.0174781 -0.003464043 0.006235718 -0.01827275 -0.003939211 0.005200088 -0.01911848 -0.003939211 0.004097938 -0.01991313 -0.003464043 0.003062307 -0.02056097 -0.002571105 0.002218067 -0.02098381 -0.001368045 0.001666963 -0.02113068 0 0.001475572 -0.02098381 0.001368045 0.001666963 -0.02056097 0.002571105 0.002218067 -0.01991313 0.003464043 0.003062307 -0.01911848 0.003939211 0.004097938 -0.01827275 0.003939211 0.005200088 -0.0174781 0.003464043 0.006235718 -0.01807975 0 0.009417772 -0.01825028 -0.001368045 0.009247183 -0.01874142 -0.002571105 0.008756041 -0.01949393 -0.003464043 0.008003592 -0.02041703 -0.003939211 0.007080495 -0.02139931 -0.003939211 0.00609821 -0.02232235 -0.003464043 0.005175113 -0.02307486 -0.002571105 0.004422664 -0.023566 -0.001368045 0.003931522 -0.02373659 0 0.003760933 -0.023566 0.001368045 0.003931522 -0.02307486 0.002571105 0.004422664 -0.02232235 0.003464043 0.005175113 -0.02139931 0.003939211 0.00609821 -0.02041703 0.003939211 0.007080495 -0.01949393 0.003464043 0.008003592 -0.01967507 0 0.01123696 -0.01986646 -0.001368045 0.01109009 -0.02041751 -0.002571105 0.01066726 -0.02126181 -0.003464043 0.01001942 -0.02229744 -0.003939211 0.009224712 -0.02339953 -0.003939211 0.008379042 -0.02443522 -0.003464043 0.007584393 -0.02527946 -0.002571105 0.00693655 -0.0258305 -0.001368045 0.006513714 -0.02602189 0 0.006366848 -0.0258305 0.001368045 0.006513714 -0.02527946 0.002571105 0.00693655 -0.02443522 0.003464043 0.007584393 -0.02339953 0.003939211 0.008379042 -0.02229744 0.003939211 0.009224712 -0.02126181 0.003464043 0.01001942 -0.02101933 0 0.01324874 -0.02122825 -0.001368045 0.01312816 -0.02182978 -0.002571105 0.01278084 -0.02275139 -0.003464043 0.01224875 -0.02388191 -0.003939211 0.01159602 -0.02508497 -0.003939211 0.01090145 -0.02621549 -0.003464043 0.01024878 -0.0271371 -0.002571105 0.009716689 -0.02773863 -0.001368045 0.009369373 -0.02794754 0 0.009248733 -0.02773863 0.001368045 0.009369373 -0.0271371 0.002571105 0.009716689 -0.02621549 0.003464043 0.01024878 -0.02508497 0.003939211 0.01090145 -0.02388191 0.003939211 0.01159602 -0.02275139 0.003464043 0.01224875 -0.02208948 0 0.01541882 -0.02231234 -0.001368045 0.01532649 -0.0229541 -0.002571105 0.01506072 -0.02393728 -0.003464043 0.01465344 -0.02514326 -0.003939211 0.01415389 -0.02642673 -0.003939211 0.01362228 -0.02763277 -0.003464043 0.01312273 -0.02861595 -0.002571105 0.01271545 -0.02925765 -0.001368045 0.01244968 -0.02948051 0 0.01235735 -0.02925765 0.001368045 0.01244968 -0.02861595 0.002571105 0.01271545 -0.02763277 0.003464043 0.01312273 -0.02642673 0.003939211 0.01362228 -0.02514326 0.003939211 0.01415389 -0.02393728 0.003464043 0.01465344 -0.02286726 0 0.01771003 -0.02310025 -0.001368045 0.01764756 -0.02377116 -0.002571105 0.01746779 -0.0247991 -0.003464043 0.01719236 -0.02606004 -0.003939211 0.01685452 -0.02740186 -0.003939211 0.01649498 -0.0286628 -0.003464043 0.01615709 -0.02969074 -0.002571105 0.01588165 -0.03036165 -0.001368045 0.01570188 -0.03059464 0 0.01563948 -0.03036165 0.001368045 0.01570188 -0.02969074 0.002571105 0.01588165 -0.0286628 0.003464043 0.01615709 -0.02740186 0.003939211 0.01649498 -0.02606004 0.003939211 0.01685452 -0.0247991 0.003464043 0.01719236 -0.02661639 0.003939211 0.01965171 -0.02532219 0.003464043 0.01982206 -0.02819216 0.003939211 0.02249753 -0.02701538 0.003970801 0.02249753 -0.02680295 0.003939211 0.02249753 -0.02549755 0.003464043 0.02249753 -0.02522528 0.003291904 0.02249753 -0.01002973 0.002571105 0.003726303 -0.0124368 0.002571105 0.004543423 -0.01471668 0.002571105 0.005667746 -0.01683026 0.002571105 0.007080018 -0.01874142 0.002571105 0.008756041 -0.02041751 0.002571105 0.01066726 -0.02182978 0.002571105 0.01278084 -0.0229541 0.002571105 0.01506072 -0.02377116 0.002571105 0.01746779 -0.02426707 0.002571105 0.01996099 -0.02443337 0.002571105 0.02249753 -0.007445871 0.001368045 0.003919064 -0.009849905 0.001368045 0.004397273 -0.01217103 0.001368045 0.005185127 -0.01436936 0.001368045 0.006269276 -0.01640743 0.001368045 0.007631063 -0.01825028 0.001368045 0.009247183 -0.01986646 0.001368045 0.01109009 -0.02122825 0.001368045 0.01312816 -0.02231234 0.001368045 0.01532649 -0.02310025 0.001368045 0.01764756 -0.03149753 0 0.02249753 -0.02349752 0 0.02249753</float_array>
          <technique_common>
            <accessor source="#link_3-mesh-positions-array" count="1068" stride="3">
              <param name="X" type="float"/>
              <param name="Y" type="float"/>
              <param name="Z" type="float"/>
            </accessor>
          </technique_common>
        </source>
        <source id="link_3-mesh-normals">
          <float_array id="link_3-mesh-normals-array" count="5847">0.9709306 0.2393158 -0.004659116 0.7484986 0.6631115 -0.00573945 0.8305361 0.5569648 0 0.9146347 0.4042814 0 0.1471449 0.989115 0 0.3420198 0.9396904 -0.002148032 0.3546029 0.9350115 -0.003221631 0.5344637 0.8451914 0 0.6731134 0.7395394 0 -0.02684783 0.9996396 0 -0.1205347 0.9926938 -0.005523204 -0.2652979 0.9641665 0 -0.4286917 0.9034509 0 -0.5680574 0.8229729 -0.005163013 -0.642786 0.7660455 8.61445e-4 -0.8660271 0.4999962 -0.001003384 -0.8854483 0.4647207 -0.00401175 -0.9566976 0.2910841 0 -0.9927094 0.1205329 0 -0.9999832 0 -0.005811512 -0.9927094 -0.1205329 0 -0.9566976 -0.2910841 0 -0.8854483 -0.4647207 -0.00401175 -0.8660271 -0.4999963 -0.001003384 -0.642786 -0.7660455 8.61448e-4 -0.5680574 -0.8229729 -0.005163013 -0.4286917 -0.9034509 0 -0.2652979 -0.9641665 0 -0.1802539 -0.9836148 -0.0032714 -0.08715617 -0.9961947 0 0.06037855 -0.9981756 0 0.06037926 -0.9981756 0 0.1471449 -0.989115 0 0.354605 -0.9350134 -0.002289116 0.3420169 -0.9396875 -0.003433167 0.7484986 -0.6631115 -0.00573945 0.6731134 -0.7395394 0 0.5344637 -0.8451914 0 0.9848081 0.1736465 0 0.9848081 -0.1736465 0 0.9709306 -0.2393158 -0.004659116 0.9146347 -0.4042814 0 0.8305361 -0.5569648 0 0.06528741 0.06024354 -0.9960464 0.8293086 0.556141 -0.05435603 0.06441533 -0.1732861 -0.9827628 0.9827625 -0.1732884 -0.06441318 0.9827626 -0.1732882 -0.06441324 0.9129961 -0.4035559 -0.0598405 0.8304267 -0.5568884 -0.01633656 0.8646345 -0.4991951 -0.05667132 0.6724562 -0.7388235 -0.04407536 0.6438205 -0.7647385 -0.02589303 0.5341336 -0.8446749 -0.0350089 0.06441098 -0.1732861 -0.9827631 0.06132173 -0.3477131 -0.9355936 0.0530374 -0.4990894 -0.8649259 0.05645543 -0.5049953 -0.8612739 0.04209738 -0.7653665 -0.6422166 -0.005234479 -0.6975361 -0.7165306 0.03828346 -0.8107836 -0.5840927 0.0224111 -0.9394566 -0.3419343 0.008090436 -0.9276561 -0.3733481 0.3419337 -0.9394568 -0.02241146 0.3419358 -0.9394561 -0.02241152 0.1471398 -0.9890688 -0.009644389 0.001435339 -0.9999396 0.01090335 0.06035232 -0.9977287 0.02992123 0.01353985 -0.978336 -0.2065801 0.00571233 -0.9961786 -0.0871542 -0.02051275 -0.999786 -0.002700626 -0.3394944 -0.9396876 0.04160273 -0.2652578 -0.9640208 0.01738572 -0.08715432 -0.9961785 0.005712509 -0.00571233 -0.9961785 0.0871545 -0.01353901 -0.978336 0.2065804 -0.03463 -0.9396449 0.3403943 -0.02446556 -0.9274085 0.3732493 -0.0382812 -0.8107837 0.5840927 -0.06002891 -0.7658218 0.640245 -0.04691481 -0.6967837 0.7157455 -0.05645382 -0.5049953 0.861274 -0.05927515 -0.4992685 0.8644174 -0.06132656 -0.3475908 0.9356387 -0.06441056 -0.1732912 0.9827622 -0.9816435 -0.1734337 0.07935363 -0.9548214 -0.2905163 0.06258219 -0.8646333 -0.4991972 0.05667066 -0.8646361 -0.499192 0.05667114 -0.6422174 -0.765366 0.04209285 -0.6422178 -0.7653656 0.04209351 -0.4285206 -0.9030954 0.02808678 -0.9816435 0.1734337 0.07935363 -0.9906136 0.120288 0.06492835 -0.9906136 -0.120288 0.06492835 -0.06441354 -0.1732913 0.982762 -0.06528079 0.06025898 0.9960458 -0.08023291 0.1734468 0.9815697 -0.06361603 0.232322 0.9705563 -0.05814433 0.4579895 0.887054 -0.07077807 0.4995475 0.8633904 -0.05206269 0.6052716 0.7943148 -0.0420928 0.7653642 0.6422195 -0.3394947 0.9396876 0.04160273 -0.4285206 0.9030954 0.02808678 -0.6422198 0.7653641 0.04209345 -0.6422156 0.7653675 0.04209303 -0.8646356 0.499193 0.05667084 -0.8646339 0.4991962 0.05667096 -0.9548214 0.2905163 0.06258219 -0.04209148 0.7653668 0.6422165 -0.03160631 0.8754799 0.4822199 -0.0301389 0.9395921 0.3409667 0.001435339 0.9999396 0.01090335 -0.02684789 0.9996381 0.001759767 -0.2652578 0.9640208 0.01738572 -0.02116739 0.9461777 0.3229551 -0.00571233 0.9961785 0.08715444 -0.02051275 0.999786 -0.002700626 0.00571233 0.9961786 -0.0871542 0.02241247 0.9394568 -0.3419339 0.6422184 0.7653652 -0.04209345 0.6729288 0.7393434 -0.0232042 0.5341336 0.8446749 -0.0350089 0.3419342 0.9394567 -0.0224114 0.3419349 0.9394565 -0.02241158 0.1471398 0.9890688 -0.00964421 0.9659468 -0.1732893 -0.1921396 0.9659464 -0.1732916 -0.1921393 0.8498399 -0.4991959 -0.1690437 0.8498402 -0.4991955 -0.1690431 0.6312307 -0.7653645 -0.1255589 0.6312315 -0.7653638 -0.1255596 0.3360816 -0.9394574 -0.06685137 0.336085 -0.9394562 -0.06685096 0 -1 -2.30052e-7 0 -1 2.16273e-7 -0.336083 -0.9394569 0.06685101 -0.3360851 -0.9394561 0.06685143 -0.6312276 -0.765367 0.1255587 -0.6312299 -0.7653652 0.1255593 -0.8498404 -0.4991948 0.1690441 -0.8498389 -0.4991975 0.1690437 -0.9659473 -0.173287 0.1921391 -0.9659474 -0.1732872 0.1921389 -0.9659475 0.1732869 0.1921389 -0.9659473 0.1732873 0.1921391 -0.8498396 0.4991962 0.1690438 -0.8498398 0.4991961 0.1690438 -0.6312288 0.7653661 0.1255593 -0.6312288 0.7653662 0.1255587 -0.3360842 0.9394565 0.06685137 -0.3360839 0.9394565 0.06685119 0 1 0 0 1 -2.30052e-7 0.3360842 0.9394565 -0.06685131 0.3360824 0.9394571 -0.06685119 0.6312291 0.7653657 -0.1255593 0.6312332 0.7653625 -0.1255592 0.9326049 -0.1732863 -0.3165754 0.9326036 -0.1732905 -0.3165771 0.8205046 -0.4991962 -0.2785236 0.8205041 -0.4991967 -0.2785245 0.6094421 -0.7653639 -0.2068777 0.6094413 -0.7653648 -0.2068774 0.3244833 -0.9394564 -0.1101471 0.3244813 -0.9394571 -0.1101467 0 -1 0 -0.3244816 -0.939457 0.1101468 -0.3244825 -0.9394567 0.1101469 -0.6094398 -0.7653657 0.2068778 -0.6094389 -0.7653667 0.2068768 -0.820506 -0.4991939 0.2785239 -0.8205042 -0.4991968 0.2785238 -0.9326046 -0.1732867 0.3165763 -0.9326041 -0.1732902 0.3165755 -0.932604 0.1732898 0.3165765 -0.9326048 0.1732871 0.3165752 -0.8205045 0.4991963 0.2785239 -0.8205057 0.4991945 0.2785236 -0.6094393 0.7653664 0.2068769 -0.6094394 0.7653662 0.2068777 -0.3244825 0.9394567 0.1101468 -0.3244816 0.939457 0.1101472 0 1 0 0 1 0 0.324481 0.9394572 -0.1101467 0.3244836 0.9394564 -0.1101469 0.6094422 0.765364 -0.2068769 0.6094402 0.7653656 -0.2068776 0.8833051 -0.17329 -0.4355948 0.8833043 -0.1732857 -0.4355981 0.7771304 -0.4991962 -0.3832381 0.7771295 -0.4991968 -0.3832395 0.5772246 -0.7653645 -0.2846562 0.5772219 -0.7653671 -0.2846544 0.3073285 -0.9394569 -0.1515583 0.3073307 -0.9394564 -0.1515572 -0.3073309 -0.9394562 0.1515582 -0.307329 -0.9394567 0.1515583 -0.5772236 -0.7653657 0.2846551 -0.5772223 -0.7653664 0.2846558 -0.7771299 -0.4991968 0.3832384 -0.7771287 -0.4991996 0.3832374 -0.8833044 -0.1732867 0.4355974 -0.8833039 -0.1732882 0.4355978 -0.8833029 0.1732906 0.4355988 -0.8833053 0.1732844 0.4355964 -0.7771296 0.4991979 0.3832378 -0.7771291 0.4991986 0.3832378 -0.5772237 0.7653656 0.284655 -0.5772222 0.7653664 0.2846558 -0.3073285 0.9394569 0.1515582 -0.3073314 0.939456 0.1515582 0 1 1.7572e-7 0 1 -2.30053e-7 0.3073289 0.939457 -0.1515575 0.307331 0.9394561 -0.1515581 0.5772212 0.7653671 -0.2846561 0.5772253 0.7653646 -0.2846545 0.8188875 -0.17329 -0.5471689 0.818891 -0.1732878 -0.5471644 0.7204596 -0.499195 -0.4813961 0.7204608 -0.4991961 -0.4813932 0.5351285 -0.765367 -0.3575624 0.5351304 -0.765366 -0.3575616 0.2849156 -0.9394574 -0.1903762 0.2849195 -0.9394562 -0.1903761 0 -1 -2.16273e-7 -0.2849191 -0.9394561 0.1903766 -0.2849164 -0.9394572 0.1903752 -0.5351316 -0.765365 0.3575622 -0.5351322 -0.7653642 0.357563 -0.720457 -0.4991996 0.4813955 -0.7204608 -0.4991946 0.4813948 -0.8188896 -0.1732872 0.5471668 -0.8188909 -0.1732886 0.5471644 -0.8188902 0.1732871 0.5471659 -0.8188904 0.1732887 0.5471652 -0.7204582 0.499198 0.4813953 -0.7204596 0.4991961 0.481395 -0.5351344 0.7653628 0.3575626 -0.53513 0.7653657 0.3575631 -0.2849182 0.9394565 0.1903764 -0.2849177 0.9394568 0.1903757 0.2849165 0.9394572 -0.1903755 0.2849181 0.9394565 -0.1903764 0.5351306 0.7653659 -0.3575617 0.5351283 0.7653672 -0.3575623 0.7404652 -0.1732868 -0.6493713 0.7404641 -0.1732916 -0.6493712 0.6514599 -0.4991979 -0.5713156 0.6514585 -0.4991987 -0.5713165 0.4838795 -0.7653669 -0.4243515 0.4838838 -0.7653636 -0.4243526 0.2576322 -0.9394563 -0.2259373 0.2576307 -0.9394568 -0.2259366 -0.2576318 -0.9394568 0.2259353 -0.2576315 -0.9394565 0.2259371 -0.4838809 -0.765365 0.4243532 -0.4838826 -0.7653647 0.424352 -0.6514598 -0.4991982 0.5713155 -0.6514596 -0.4991972 0.5713166 -0.7404636 -0.1732888 0.6493726 -0.7404655 -0.1732898 0.6493701 -0.7404656 0.1732897 0.6493701 -0.7404637 0.1732875 0.6493728 -0.651459 0.4991986 0.571316 -0.6514604 0.4991967 0.5713161 -0.4838831 0.765364 0.4243525 -0.4838809 0.765365 0.4243532 -0.2576314 0.9394567 0.2259369 -0.257632 0.9394568 0.2259356 0 1 0 0.2576309 0.9394568 -0.2259367 0.2576322 0.9394562 -0.2259376 0.4838792 0.7653669 -0.4243519 0.4838843 0.7653634 -0.4243522 0.6493728 -0.1732926 -0.7404626 0.6493732 -0.1732878 -0.7404633 0.5713171 -0.4991953 -0.6514606 0.5713179 -0.4991945 -0.6514604 0.4243516 -0.765365 -0.4838826 0.4243506 -0.7653664 -0.483881 0.2259378 -0.9394564 -0.2576317 0.2259365 -0.9394569 -0.2576304 -0.2259362 -0.9394567 0.2576317 -0.2259359 -0.9394567 0.2576317 -0.4243507 -0.7653657 0.4838821 -0.4243524 -0.7653656 0.4838809 -0.5713191 -0.4991934 0.6514603 -0.571314 -0.4991987 0.6514607 -0.6493722 -0.1732909 0.7404634 -0.6493725 -0.1732876 0.740464 -0.6493723 0.1732894 0.7404637 -0.6493724 0.173289 0.7404637 -0.5713171 0.4991952 0.6514607 -0.5713155 0.4991981 0.6514599 -0.4243506 0.7653657 0.4838823 -0.4243531 0.7653648 0.4838814 -0.2259361 0.9394567 0.257632 -0.2259362 0.9394567 0.2576317 0.2259376 0.9394565 -0.2576315 0.225937 0.9394567 -0.257631 0.4243512 0.7653656 -0.4838818 0.4243509 0.7653658 -0.4838817 0.5471632 -0.1732891 -0.8188915 0.5471603 -0.1732849 -0.8188943 0.4813937 -0.4991946 -0.7204616 0.481392 -0.4991983 -0.7204602 0.3575664 -0.7653647 -0.5351293 0.3575607 -0.7653664 -0.5351306 0.1903741 -0.9394574 -0.2849168 0.1903749 -0.9394568 -0.2849181 -0.1903777 -0.9394563 0.2849178 -0.1903753 -0.9394571 0.2849174 -0.3575651 -0.7653652 0.5351293 -0.3575614 -0.7653651 0.5351318 -0.4813953 -0.4991978 0.7204583 -0.4813928 -0.4991983 0.7204596 -0.5471634 -0.1732885 0.8188917 -0.547165 -0.17329 0.8188902 -0.5471609 0.173289 0.8188931 -0.5471675 0.1732896 0.8188886 -0.4813973 0.4991973 0.7204573 -0.4813906 0.4991987 0.7204608 -0.3575633 0.7653657 0.5351299 -0.3575629 0.765365 0.5351312 -0.1903758 0.9394565 0.2849183 -0.1903768 0.9394569 0.2849167 0.1903746 0.9394571 -0.2849175 0.1903744 0.939457 -0.2849177 0.3575641 0.7653653 -0.5351299 0.3575625 0.7653661 -0.5351296 0.4356017 -0.1732842 -0.8833028 0.4355977 -0.1732883 -0.883304 0.3832392 -0.4991983 -0.7771286 0.3832387 -0.499196 -0.7771303 0.2846563 -0.7653657 -0.5772229 0.2846531 -0.7653655 -0.5772246 0.1515572 -0.9394566 -0.30733 0.1515588 -0.9394566 -0.3073291 -0.1515579 -0.939457 0.3073282 -0.1515581 -0.9394562 0.307331 -0.284653 -0.7653645 0.577226 -0.2846568 -0.765367 0.5772207 -0.3832403 -0.4991976 0.7771286 -0.38324 -0.4991952 0.7771303 -0.4355961 -0.1732898 0.8833044 -0.4356009 -0.1732891 0.8833022 -0.435596 0.17329 0.8833044 -0.4356011 0.173289 0.8833022 -0.383242 0.4991968 0.7771281 -0.3832382 0.4991958 0.7771307 -0.2846559 0.765364 0.5772253 -0.2846542 0.7653672 0.5772219 -0.151557 0.9394569 0.3073291 -0.151559 0.9394562 0.3073302 0.1515591 0.9394565 -0.3073297 0.1515567 0.9394568 -0.3073296 0.2846526 0.7653667 -0.5772234 0.2846568 0.7653645 -0.5772242 0.3165779 -0.1732892 -0.9326035 0.3165759 -0.1732872 -0.9326046 0.2785245 -0.4991957 -0.8205047 0.2785261 -0.4991964 -0.8205037 0.2068735 -0.7653657 -0.6094414 0.2068783 -0.7653659 -0.6094395 0.1101473 -0.9394568 -0.3244821 0.1101474 -0.9394563 -0.3244832 0 -1 0 -0.1101471 -0.9394562 0.3244837 -0.1101461 -0.9394569 0.3244822 -0.2068794 -0.765367 0.6094376 -0.2068749 -0.7653666 0.6094399 -0.2785226 -0.4991959 0.8205052 -0.278524 -0.4991962 0.8205046 -0.3165724 -0.1732892 0.9326055 -0.3165791 -0.1732869 0.9326035 -0.3165736 0.1732885 0.9326051 -0.3165779 0.1732872 0.932604 -0.2785241 0.4991956 0.8205049 -0.2785225 0.4991967 0.8205047 -0.2068774 0.765367 0.6094384 -0.2068767 0.7653667 0.6094391 -0.1101483 0.9394562 0.3244836 -0.1101449 0.939457 0.3244822 0 1 0 0.110147 0.9394567 -0.3244823 0.1101478 0.9394565 -0.324483 0.2068787 0.7653645 -0.609441 0.206873 0.7653672 -0.6094398 0.1921378 -0.1732873 -0.9659475 0.1921389 -0.1732861 -0.9659475 0.1690414 -0.4991966 -0.8498399 0.1690397 -0.4991964 -0.8498403 0.1255621 -0.7653657 -0.6312286 0.1255564 -0.7653666 -0.6312288 0.06685209 -0.9394561 -0.336085 0.06685107 -0.9394569 -0.3360831 0 -1 -4.60105e-7 0 -1 2.70341e-7 -0.06685107 -0.9394569 0.3360828 -0.06685215 -0.9394566 0.3360835 -0.1255611 -0.7653663 0.6312282 -0.1255601 -0.7653639 0.6312311 -0.1690455 -0.499196 0.8498394 -0.1690383 -0.4991966 0.8498405 -0.192137 -0.1732872 0.9659477 -0.1921405 -0.1732913 0.9659463 -0.1921348 0.1732874 0.9659482 -0.1921427 0.1732909 0.965946 -0.1690441 0.4991965 0.8498394 -0.1690395 0.4991961 0.8498405 -0.1255596 0.7653662 0.6312286 -0.1255615 0.7653641 0.6312306 -0.06685221 0.9394565 0.3360837 -0.06685101 0.939457 0.3360828 0 1 -1.72539e-7 0.06685316 0.9394563 -0.3360843 0.06684982 0.9394567 -0.3360837 0.125564 0.7653658 -0.6312281 0.125554 0.7653667 -0.6312291 0.9827625 0.1732887 -0.06441324 0.9129961 0.4035559 -0.0598405 0.01071482 0.9463354 -0.3230087 0.03160494 0.8754788 -0.4822219 0.04209458 0.7653661 -0.642217 0.04209756 0.7653644 -0.642219 0.05206471 0.6052714 -0.7943147 0.8662924 0.4984059 -0.03360438 0.8498396 0.4991962 -0.1690437 0.8498404 0.499195 -0.169043 0.8205047 0.4991961 -0.2785233 0.8205039 0.4991968 -0.2785248 0.7771298 0.4991961 -0.3832396 0.7771301 0.4991968 -0.383238 0.7204589 0.4991976 -0.4813947 0.7204617 0.4991935 -0.4813947 0.6514583 0.4991992 -0.5713163 0.65146 0.4991975 -0.5713158 0.5713174 0.4991956 -0.65146 0.5713176 0.4991942 -0.6514611 0.4813967 0.4991928 -0.7204608 0.481389 0.4992001 -0.720461 0.3832417 0.4991972 -0.7771281 0.383236 0.4991971 -0.777131 0.2785263 0.4991954 -0.8205043 0.2785243 0.4991967 -0.8205041 0.1690437 0.4991964 -0.8498395 0.1690373 0.4991967 -0.8498407 0.0377562 0.4985685 -0.8660277 0.05814039 0.4579955 -0.8870512 0.9827626 0.1732879 -0.06441318 0.9659465 0.1732906 -0.1921402 0.9659468 0.1732904 -0.1921387 0.9326046 0.17329 -0.3165745 0.9326039 0.1732868 -0.316578 0.883304 0.173287 -0.4355979 0.8833053 0.1732887 -0.4355949 0.8188881 0.1732899 -0.5471681 0.8188906 0.1732879 -0.547165 0.7404683 0.1732882 -0.6493673 0.7404609 0.1732903 -0.6493752 0.6493729 0.1732906 -0.740463 0.6493731 0.1732897 -0.7404629 0.5471629 0.1732893 -0.8188918 0.5471606 0.1732847 -0.8188942 0.4356015 0.1732845 -0.8833029 0.435598 0.1732881 -0.8833039 0.316572 0.1732888 -0.9326056 0.3165819 0.1732877 -0.9326025 0.1921389 0.1732875 -0.9659473 0.1921378 0.173286 -0.9659478 0.06441098 0.173286 -0.9827631 0.02899312 0.2326956 -0.9721174 0 0.9961948 -0.08715516 0 0.9961946 -0.08715718 0 0.9961946 0.08715814 0 0.9961947 0.08715605 0 0.9463898 0.3230271 0 0.9463896 0.3230277 0 0.8759172 0.4824615 0 0.7660454 0.6427865 0 0.7660456 0.6427863 0 0.606093 0.7953938 0 0.6060944 0.7953928 0 0.4587658 0.8885573 0 0.4587658 0.8885573 0 0.2327935 0.9725263 0 0.06038779 0.9981751 0 -0.1736519 0.9848071 0 -0.3482463 0.9374031 0 -0.505802 0.8626497 0 -0.5058019 0.8626497 0 -0.697552 0.7165343 0 -0.8113785 0.5845211 0 -0.8113784 0.5845214 0 -0.9276862 0.3733611 0 -0.9784263 0.206596 0 -0.9784259 0.2065986 0 -0.9961947 0.08715605 0 -0.9961946 0.08715814 0 -0.9961946 -0.08715718 0 -0.9961948 -0.08715516 0 -0.9784259 -0.2065986 0 -0.9784263 -0.206596 0 -0.9276862 -0.3733611 0 -0.8113784 -0.5845214 0 -0.8113785 -0.5845211 0 -0.6975455 -0.7165406 0 -0.5058019 -0.8626497 0 -0.505802 -0.8626497 0 -0.3483682 -0.9373578 0 -0.1736467 -0.9848081 0 0.06037241 -0.998176 0 0.2327935 -0.9725263 0 0.4587715 -0.8885543 0 0.4587715 -0.8885543 0 0.6060944 -0.7953928 0 0.606093 -0.7953938 0 0.7660434 -0.642789 0 0.7660433 -0.6427891 0 0.8759172 -0.4824615 0 0.9463896 -0.3230277 0 0.9463898 -0.3230271 -0.06361359 0.2323219 -0.9705565 -0.9129961 0.4035559 -0.0598405 -0.3419342 -0.9394567 -0.02241146 -0.9827625 -0.1732884 -0.06441318 -0.01938426 -0.7644304 -0.6444148 -0.04691243 -0.6967773 -0.7157519 -0.05667501 -0.499196 -0.8646336 -0.9827625 -0.1732887 -0.06441324 -0.9129961 -0.4035559 -0.0598405 -0.8662925 -0.4984055 -0.03360432 -0.8293086 -0.556141 -0.05435603 -0.6422184 -0.7653652 -0.04209345 -0.6729291 -0.739343 -0.02320426 -0.5341336 -0.8446749 -0.0350089 -0.009109079 -0.9390901 -0.3435503 -0.02446293 -0.9274086 -0.3732491 -0.03828346 -0.8107836 -0.5840927 0.02051275 -0.999786 -0.002700626 -0.00571233 -0.9961786 -0.0871542 -0.01353985 -0.978336 -0.2065802 -0.06035202 -0.9977286 0.02992093 -0.001435339 -0.9999396 0.01090335 -0.1471398 -0.9890688 -0.00964421 -0.3419349 -0.9394565 -0.02241158 0.03462958 -0.939645 0.3403943 0.01353901 -0.978336 0.2065804 0.00571233 -0.9961785 0.08715444 0.08715432 -0.9961785 0.005712509 0.2652578 -0.9640208 0.01738572 0.3394947 -0.9396876 0.04160273 0.06002891 -0.7658218 0.640245 0.0382812 -0.8107837 0.5840927 0.02446556 -0.9274085 0.3732494 0.4285206 -0.9030954 0.02808684 0.6319014 -0.7739415 0.04141736 0.6416754 -0.7655208 0.04723185 0.756407 -0.6522199 0.04957741 0.8646356 -0.499193 0.05667084 0.05927652 -0.4992684 0.8644174 0.05645382 -0.5049953 0.861274 0.04691481 -0.6967837 0.7157454 0.8646339 -0.4991962 0.05667096 0.9548214 -0.2905163 0.06258219 0.9816435 -0.1734337 0.07935363 0.08023291 0.1734468 0.9815697 0.06528079 0.06025898 0.9960458 0.06440752 -0.1732913 0.9827623 0.06441664 -0.1732912 0.9827618 0.06132656 -0.3475908 0.9356387 0.9906136 -0.120288 0.06492835 0.9906136 0.120288 0.06492835 0.9816435 0.1734337 0.07935363 0.9548214 0.2905163 0.06258219 0.8646333 0.4991972 0.05667066 0.07077729 0.4995476 0.8633904 0.05814433 0.4579895 0.887054 0.06361603 0.232322 0.9705563 0.8646361 0.499192 0.05667114 0.756407 0.6522199 0.04957741 0.6416755 0.7655206 0.04723191 0.03013932 0.9395921 0.3409666 0.03160631 0.8754799 0.4822199 0.04208838 0.7653644 0.6422196 0.04209572 0.7653664 0.6422167 0.05206269 0.6052716 0.7943148 0.6319014 0.7739415 0.0414173 0.4285206 0.9030954 0.02808678 0.3394944 0.9396876 0.04160273 0.02051275 0.999786 -0.002700626 0.00571233 0.9961785 0.08715444 0.02116739 0.9461776 0.3229551 -0.01329386 0.9392234 -0.343049 -0.02116763 0.9461777 -0.3229547 -0.00571233 0.9961786 -0.0871542 -0.1921378 -0.173286 -0.9659478 -0.1921389 -0.1732875 -0.9659473 -0.1690373 -0.4991968 -0.8498405 -0.1690437 -0.4991964 -0.8498395 -0.125554 -0.7653665 -0.6312294 -0.125564 -0.7653658 -0.631228 -0.06684982 -0.9394567 -0.3360837 -0.06685316 -0.9394563 -0.3360843 0 -1 0 0.06685107 -0.9394569 0.3360829 0.06685215 -0.9394567 0.3360835 0.1255615 -0.7653641 0.6312308 0.1255596 -0.7653661 0.6312286 0.1690395 -0.4991961 0.8498406 0.1690441 -0.4991965 0.8498394 0.1921427 -0.1732907 0.9659459 0.1921348 -0.1732876 0.9659481 0.1921405 0.1732913 0.9659463 0.192137 0.1732872 0.9659477 0.1690383 0.4991966 0.8498405 0.1690455 0.4991961 0.8498394 0.1255601 0.7653639 0.6312311 0.125561 0.7653662 0.6312282 0.06685215 0.9394567 0.3360834 0.06685107 0.9394569 0.3360829 0 1 4.32545e-7 0 1 -3.45079e-7 -0.06685107 0.9394569 -0.336083 -0.06685209 0.9394562 -0.336085 -0.1255564 0.7653667 -0.6312285 -0.3165819 -0.173288 -0.9326024 -0.316572 -0.1732889 -0.9326056 -0.2785243 -0.4991964 -0.8205042 -0.2785263 -0.4991954 -0.8205043 -0.206873 -0.7653671 -0.6094397 -0.2068787 -0.7653645 -0.6094409 -0.1101478 -0.9394565 -0.324483 -0.110147 -0.9394568 -0.3244822 0.1101449 -0.939457 0.3244823 0.1101482 -0.9394561 0.3244837 0.2068767 -0.7653664 0.6094393 0.2068774 -0.765367 0.6094384 0.2785226 -0.4991965 0.8205047 0.2785241 -0.4991956 0.8205049 0.3165779 -0.1732874 0.9326038 0.3165736 -0.1732889 0.932605 0.3165791 0.1732871 0.9326035 0.3165723 0.1732892 0.9326054 0.2785239 0.4991963 0.8205044 0.2785226 0.4991958 0.8205052 0.2068748 0.7653665 0.6094399 0.2068794 0.7653672 0.6094376 0.1101461 0.9394569 0.3244822 0.1101471 0.9394562 0.3244839 -0.1101474 0.9394564 -0.3244832 -0.1101473 0.9394568 -0.3244819 -0.4355979 -0.1732877 -0.8833039 -0.4356014 -0.1732846 -0.8833028 -0.383236 -0.4991971 -0.777131 -0.3832418 -0.4991973 -0.7771281 -0.2846568 -0.7653645 -0.5772241 -0.2846526 -0.7653667 -0.5772234 -0.1515567 -0.9394568 -0.3073296 -0.1515592 -0.9394565 -0.3073297 0.1515589 -0.9394564 0.3073298 0.151557 -0.9394569 0.307329 0.2846541 -0.7653673 0.5772218 0.2846558 -0.7653644 0.5772249 0.3832382 -0.4991958 0.7771307 0.383242 -0.4991968 0.7771281 0.4356011 -0.1732886 0.8833023 0.4355961 -0.1732898 0.8833045 0.4356009 0.1732888 0.8833022 0.4355961 0.1732896 0.8833044 0.38324 0.4991952 0.7771303 0.3832403 0.4991976 0.7771286 0.284657 0.7653669 0.5772209 0.284653 0.7653645 0.5772261 0.151558 0.9394561 0.3073312 0.1515579 0.9394571 0.3073281 -0.1515588 0.9394566 -0.3073294 -0.1515572 0.9394566 -0.3073303 -0.5471607 -0.1732842 -0.8188943 -0.5471629 -0.1732891 -0.8188918 -0.481389 -0.4992001 -0.720461 -0.4813966 -0.4991931 -0.7204607 -0.3575628 -0.7653657 -0.5351301 -0.3575644 -0.765365 -0.5351302 -0.1903746 -0.939457 -0.284918 -0.1903746 -0.9394571 -0.2849175 0.1903766 -0.939457 0.2849164 0.1903759 -0.9394565 0.2849186 0.3575631 -0.7653645 0.5351314 0.3575636 -0.7653654 0.5351302 0.4813908 -0.4991981 0.7204611 0.4813974 -0.499197 0.7204574 0.5471675 -0.1732895 0.8188886 0.5471609 -0.1732893 0.8188931 0.547165 0.1732898 0.8188902 0.5471633 0.1732889 0.8188915 0.4813928 0.4991983 0.7204596 0.4813953 0.4991974 0.7204586 0.3575615 0.7653653 0.5351318 0.3575651 0.7653651 0.5351294 0.1903752 0.9394571 0.2849172 0.1903777 0.9394562 0.2849182 -0.1903749 0.9394569 -0.284918 -0.1903741 0.9394574 -0.284917 -0.6493731 -0.1732905 -0.7404628 -0.6493729 -0.1732903 -0.740463 -0.5713174 -0.4991946 -0.6514608 -0.5713176 -0.4991953 -0.6514602 -0.4243506 -0.7653663 -0.4838814 -0.424351 -0.7653658 -0.4838817 -0.2259367 -0.9394568 -0.2576307 -0.2259373 -0.9394565 -0.2576311 0.2259361 -0.9394567 0.2576315 0.2259359 -0.9394567 0.2576318 0.4243533 -0.7653645 0.4838818 0.4243501 -0.7653663 0.4838817 0.5713157 -0.4991979 0.6514599 0.5713174 -0.4991943 0.651461 0.6493723 -0.1732894 0.7404637 0.6493723 -0.1732892 0.7404637 0.6493724 0.1732879 0.7404639 0.6493722 0.1732907 0.7404634 0.5713142 0.4991984 0.6514608 0.5713189 0.4991937 0.6514602 0.4243526 0.7653652 0.4838812 0.4243506 0.7653656 0.4838823 0.2259359 0.9394568 0.2576315 0.2259362 0.9394567 0.2576318 -0.2259366 0.9394571 -0.2576302 -0.2259378 0.9394562 -0.2576318 -0.740461 -0.17329 -0.6493752 -0.7404682 -0.1732891 -0.6493673 -0.6514602 -0.4991971 -0.5713161 -0.6514583 -0.4991992 -0.5713163 -0.4838842 -0.7653637 -0.4243521 -0.4838793 -0.7653666 -0.4243521 -0.2576324 -0.9394561 -0.2259378 -0.2576307 -0.9394568 -0.2259365 0 -1 0 0.2576318 -0.9394568 0.2259355 0.2576314 -0.9394567 0.2259369 0.4838809 -0.765365 0.4243532 0.4838826 -0.7653648 0.4243521 0.6514603 -0.499197 0.5713159 0.651459 -0.4991986 0.571316 0.7404637 -0.1732873 0.6493728 0.7404655 -0.1732907 0.64937 0.7404655 0.1732897 0.6493701 0.7404637 0.1732883 0.6493726 0.6514595 0.4991974 0.5713165 0.6514598 0.4991982 0.5713155 0.4838826 0.7653647 0.424352 0.4838809 0.7653651 0.4243533 0.2576317 0.9394565 0.2259373 0.2576318 0.9394568 0.2259353 -0.2576307 0.9394568 -0.2259365 -0.2576322 0.9394562 -0.2259375 -0.8188905 -0.1732888 -0.5471649 -0.8188882 -0.1732891 -0.5471682 -0.7204617 -0.4991935 -0.4813947 -0.7204592 -0.499197 -0.4813948 -0.5351285 -0.765367 -0.3575625 -0.5351308 -0.7653657 -0.3575619 -0.2849179 -0.9394567 -0.1903762 -0.2849169 -0.939457 -0.1903756 0.2849177 -0.9394568 0.1903756 0.2849178 -0.9394567 0.1903762 0.5351307 -0.7653651 0.3575635 0.5351338 -0.7653635 0.3575621 0.7204596 -0.4991961 0.481395 0.7204579 -0.4991986 0.4813951 0.8188902 -0.1732897 0.5471651 0.8188904 -0.173286 0.5471661 0.8188907 0.1732896 0.5471643 0.8188897 0.173286 0.5471668 0.7204608 0.4991946 0.4813948 0.7204567 0.4992002 0.4813953 0.5351322 0.7653641 0.3575629 0.5351316 0.765365 0.3575622 0.2849164 0.9394572 0.1903753 0.2849191 0.9394561 0.1903766 0 1 2.30053e-7 -0.2849192 0.9394564 -0.1903758 -0.2849155 0.9394575 -0.1903759 -0.8833054 -0.1732879 -0.4355949 -0.8833039 -0.1732879 -0.4355979 -0.7771304 -0.4991962 -0.3832381 -0.7771301 -0.4991958 -0.3832397 -0.5772246 -0.7653651 -0.2846542 -0.577221 -0.7653672 -0.284656 -0.3073309 -0.9394562 -0.1515581 -0.3073286 -0.9394571 -0.1515573 0 -1 -1.86918e-7 0 -1 2.16271e-7 0.3073309 -0.9394562 0.1515581 0.3073285 -0.9394569 0.1515583 0.5772215 -0.7653672 0.2846555 0.5772241 -0.7653653 0.2846552 0.7771288 -0.4991992 0.3832377 0.7771299 -0.4991973 0.383238 0.8833056 -0.1732833 0.4355965 0.8833031 -0.1732897 0.4355989 0.8833041 0.1732872 0.4355979 0.8833045 0.1732859 0.4355974 0.7771283 0.4992002 0.3832372 0.7771303 0.4991963 0.3832385 0.577223 0.7653657 0.2846562 0.577224 0.7653653 0.284655 0.307329 0.9394567 0.1515585 0.3073309 0.9394562 0.1515582 -0.3073306 0.9394565 -0.1515572 -0.3073288 0.9394568 -0.1515582 -0.9326038 -0.1732878 -0.316578 -0.9326046 -0.1732903 -0.3165745 -0.8205041 -0.4991964 -0.2785249 -0.8205045 -0.4991967 -0.2785232 -0.6094399 -0.7653658 -0.2068775 -0.6094427 -0.7653635 -0.2068771 -0.3244833 -0.9394565 -0.1101468 -0.3244807 -0.9394574 -0.1101465 0 -1 0 0.3244816 -0.939457 0.1101472 0.3244827 -0.9394566 0.1101468 0.6094399 -0.7653658 0.2068778 0.6094391 -0.7653666 0.2068769 0.8205059 -0.4991939 0.2785237 0.8205039 -0.4991973 0.2785238 0.932605 -0.1732863 0.3165754 0.9326039 -0.1732895 0.3165764 0.9326043 0.1732894 0.3165755 0.9326047 0.1732864 0.3165763 0.8205045 0.4991963 0.2785239 0.8205054 0.4991949 0.2785236 0.6094393 0.7653664 0.2068769 0.6094396 0.7653659 0.2068777 0.3244825 0.9394567 0.1101469 0.3244817 0.9394569 0.1101471 -0.324481 0.9394573 -0.1101464 -0.324483 0.9394566 -0.1101468 -0.9659468 -0.1732907 -0.1921387 -0.9659464 -0.173291 -0.1921401 -0.8498402 -0.4991957 -0.1690429 -0.8498398 -0.499196 -0.1690438 -0.6312338 -0.765362 -0.1255593 -0.6312292 -0.7653657 -0.1255593 -0.3360821 -0.9394572 -0.06685107 -0.3360837 -0.9394567 -0.06685107 0 -1 0 0.3360841 -0.9394565 0.06685125 0.3360846 -0.9394563 0.06685131 0.6312286 -0.7653663 0.1255587 0.6312285 -0.7653663 0.1255593 0.8498391 -0.4991971 0.1690437 0.8498394 -0.4991967 0.1690438 0.9659473 -0.173287 0.1921391 0.9659476 -0.1732864 0.1921389 0.9659475 0.1732869 0.1921389 0.9659474 0.1732865 0.1921391 0.8498383 0.4991985 0.1690436 0.8498402 0.4991952 0.169044 0.6312297 0.7653654 0.1255592 0.6312273 0.7653673 0.1255587 0.3360852 0.9394561 0.06685149 0.3360834 0.9394567 0.06685113 0 1 2.16273e-7 -0.3360847 0.9394562 -0.06685113 -0.336081 0.9394575 -0.06685125 0.2652578 0.9640208 0.01738572 0.02684789 0.9996381 0.001759767 -0.001435339 0.9999396 0.01090335 -0.1471398 0.9890688 -0.00964421 -0.3419353 0.9394562 -0.02241146 -0.3419337 0.9394568 -0.02241146 -0.5341336 0.8446749 -0.0350089 -0.1255621 0.7653658 -0.6312286 -0.2068783 0.7653659 -0.6094394 -0.2068735 0.7653657 -0.6094413 -0.2846531 0.7653656 -0.5772246 -0.2846562 0.7653657 -0.5772228 -0.3575607 0.7653664 -0.5351306 -0.3575664 0.7653647 -0.5351292 -0.4243506 0.7653665 -0.4838809 -0.4243513 0.7653652 -0.4838824 -0.4838836 0.7653639 -0.4243524 -0.4838797 0.7653667 -0.4243517 -0.5351306 0.7653658 -0.3575617 -0.5351288 0.7653669 -0.3575626 -0.5772221 0.765367 -0.2846545 -0.5772243 0.7653645 -0.2846562 -0.6094411 0.765365 -0.2068772 -0.6094417 0.7653644 -0.2068774 -0.631231 0.7653642 -0.1255595 -0.6312308 0.7653644 -0.1255589 -0.6438202 0.7647386 -0.02589297 -0.6724562 0.7388235 -0.04407536 -0.03249835 0.4585294 -0.8880849 -0.05206471 0.6052714 -0.7943147 -0.04209738 0.7653665 -0.6422166 -0.04209476 0.7653644 -0.6422191 -0.03160494 0.8754788 -0.4822219 -0.05667632 0.4991961 -0.8646335 -0.1690397 0.4991964 -0.8498403 -0.1690414 0.4991967 -0.8498399 -0.2785261 0.4991965 -0.8205035 -0.2785245 0.4991957 -0.8205047 -0.3832387 0.499196 -0.7771303 -0.3832392 0.4991983 -0.7771286 -0.481392 0.4991983 -0.7204602 -0.4813937 0.4991946 -0.7204616 -0.5713181 0.4991942 -0.6514606 -0.5713173 0.4991949 -0.6514608 -0.6514583 0.4991992 -0.5713164 -0.6514599 0.4991979 -0.5713156 -0.7204608 0.4991961 -0.4813932 -0.72046 0.4991945 -0.4813963 -0.7771298 0.4991961 -0.3832396 -0.7771307 0.4991959 -0.3832383 -0.8205043 0.4991962 -0.2785246 -0.8205043 0.4991968 -0.2785235 -0.8498399 0.4991961 -0.1690431 -0.8498401 0.4991956 -0.1690437 -0.8646346 0.4991948 -0.05667138 -0.8304257 0.55689 -0.01633661 -0.05266076 -0.5051003 -0.8614527 -0.06132173 -0.3477131 -0.9355936 -0.06441098 -0.173286 -0.9827631 -0.06441533 -0.1732861 -0.9827628 -0.06528741 0.0602436 -0.9960463 -0.04183721 0.1729888 -0.9840348 -0.1921389 0.1732862 -0.9659475 -0.1921378 0.1732873 -0.9659475 -0.316576 0.173287 -0.9326046 -0.3165779 0.1732894 -0.9326035 -0.4355977 0.1732884 -0.8833039 -0.4356017 0.1732844 -0.8833028 -0.5471604 0.1732845 -0.8188944 -0.5471632 0.1732888 -0.8188915 -0.6493732 0.1732875 -0.7404633 -0.6493728 0.1732923 -0.7404626 -0.7404642 0.1732914 -0.6493712 -0.7404651 0.1732877 -0.6493712 -0.8188909 0.1732887 -0.5471643 -0.8188878 0.1732892 -0.5471689 -0.8833044 0.173285 -0.4355981 -0.883305 0.1732909 -0.4355947 -0.9326034 0.1732914 -0.316577 -0.9326049 0.1732866 -0.3165754 -0.9659464 0.1732919 -0.1921393 -0.9659467 0.1732898 -0.1921396 -0.9827625 0.1732887 -0.06441324 -0.9827625 0.1732884 -0.06441318 -0.9848077 -0.1736485 0 -0.9848081 -0.1736465 0 -0.9848082 0.1736465 0 -0.9848077 0.1736485 0 -0.9146307 0.4042903 0 -0.9146348 0.4042813 0 -0.8305361 0.5569648 0 -0.8305377 0.5569625 0 -0.6731108 0.7395417 0 -0.6731134 0.7395393 0 -0.5344637 0.8451915 0 -0.5344637 0.8451914 0 -0.3420205 0.9396926 0 -0.3420205 0.9396926 0 -0.147145 0.989115 0 0.02684783 0.9996396 0 0.02684795 0.9996395 0 0.2652961 0.964167 0 0.265298 0.9641665 0 0.4286918 0.9034508 0 0.632446 0.7746046 0 0.6324459 0.7746046 0 0.7573212 0.6530426 0 0.7573749 0.6529805 0 0.8660256 0.4999997 0 0.9566937 0.2910964 0 0.9566975 0.2910839 0 0.9927094 0.1205329 0 0.9927086 0.1205388 0 0.9927086 -0.1205388 0 0.9927094 -0.1205329 0 0.9566975 -0.291084 0 0.9566938 -0.2910963 0 0.8660256 -0.4999997 0 0.7573748 -0.6529804 0 0.7573212 -0.6530426 0 0.632446 -0.7746046 0 0.6324459 -0.7746046 0 0.4286918 -0.9034508 0 0.265298 -0.9641665 0 0.2652961 -0.964167 0 0.08715623 -0.9961947 0 -0.06037855 -0.9981756 0 -0.06037926 -0.9981756 0 -0.147145 -0.989115 0 -0.3420205 -0.9396926 0 -0.3420205 -0.9396926 0 -0.5344637 -0.8451915 0 -0.5344637 -0.8451914 0 -0.6731135 -0.7395393 0 -0.6731107 -0.7395418 0 -0.8305377 -0.5569625 0 -0.8305361 -0.5569648 0 -0.9146348 -0.4042813 0 -0.9146307 -0.4042903 0 -0.06132405 0.3476515 0.9356163 -0.8293088 0.5561406 0.05435597 -0.04209339 -0.7653652 0.6422182 -0.9827624 -0.1732888 0.0644133 -0.9827625 -0.1732885 0.0644133 -0.9129959 -0.4035564 0.05984055 -0.06528466 -0.06025141 0.9960461 -0.0418387 -0.1729915 0.9840343 -0.06361401 -0.2323219 0.9705565 -0.05667155 -0.4991963 0.8646338 -0.03249716 -0.4585263 0.8880864 -0.05206221 -0.6052715 0.7943148 -0.8304246 -0.5568916 0.01633667 -0.8646349 -0.4991943 0.05667138 -0.6724562 -0.7388235 0.04407536 -0.6438203 -0.7647385 0.02589291 -0.5341359 -0.8446735 0.03500884 -0.04209333 -0.7653655 0.6422179 -0.03160655 -0.875479 0.4822217 -0.01329296 -0.9392235 0.3430489 -0.3419342 -0.9394567 0.0224114 -0.341935 -0.9394563 0.02241164 -0.147139 -0.9890688 0.009644389 -0.001435458 -0.9999396 -0.01090335 -0.06035232 -0.9977287 -0.02992123 -0.02116775 -0.9461777 0.3229547 -0.005712449 -0.9961785 0.08715468 0.02051281 -0.999786 0.002700626 0.3394923 -0.9396884 -0.04160261 0.2652574 -0.964021 -0.01738572 0.08715456 -0.9961785 -0.005712509 0.005712389 -0.9961785 -0.08715403 0.02116763 -0.9461776 -0.322955 0.03014004 -0.9395921 -0.3409666 0.03160655 -0.8754797 -0.4822202 0.04209339 -0.7653654 -0.642218 0.6416742 -0.7655217 -0.04723197 0.6319019 -0.773941 -0.04141736 0.4285234 -0.9030941 -0.02808696 0.04209339 -0.7653654 -0.6422181 0.05206251 -0.6052718 -0.7943147 0.07077622 -0.4995475 -0.8633904 0.9816434 -0.1734334 -0.07935351 0.9548217 -0.2905156 -0.06258207 0.864633 -0.4991979 -0.05667072 0.8646349 -0.4991944 -0.05667102 0.7564066 -0.6522202 -0.04957741 0.05814069 -0.4579926 -0.8870528 0.06361389 -0.232322 -0.9705564 0.0802372 -0.1734443 -0.9815698 0.06528472 -0.06025123 -0.9960461 0.06441378 0.1732887 -0.9827625 0.9816434 0.1734334 -0.07935351 0.9906135 0.1202883 -0.06492853 0.9906135 -0.1202883 -0.06492853 0.06441402 0.1732886 -0.9827625 0.06132388 0.3476517 -0.9356163 0.0592727 0.4992684 -0.8644176 0.6416743 0.7655216 -0.04723191 0.7564066 0.6522202 -0.04957741 0.8646335 0.4991968 -0.05667096 0.8646342 0.4991956 -0.05667084 0.9548217 0.2905156 -0.06258207 0.05645126 0.5049955 -0.8612741 0.04691272 0.6967837 -0.7157456 0.06003081 0.7658228 -0.6402436 0.3394923 0.9396884 -0.04160261 0.4285234 0.9030941 -0.02808696 0.6319019 0.773941 -0.04141736 0.03828376 0.810782 -0.584095 0.02446413 0.9274085 -0.3732494 0.03463077 0.9396449 -0.3403943 0.01353991 0.978336 -0.2065803 0 1 4.32545e-7 -0.001435458 0.9999396 -0.01090335 0.02684789 0.9996381 -0.001759767 0.2652574 0.964021 -0.01738572 -0.965947 -0.1732887 0.192139 -0.9659471 -0.1732888 0.1921386 -0.8498392 -0.499197 0.1690433 -0.8498396 -0.4991963 0.1690434 -0.6312289 -0.7653661 0.1255592 -0.6312302 -0.7653648 0.1255597 -0.3360821 -0.9394572 0.06685107 -0.3360846 -0.9394563 0.06685096 0 -1 2.30052e-7 0 -1 -2.16272e-7 0.3360841 -0.9394565 -0.06685101 0.3360844 -0.9394565 -0.06685137 0.6312287 -0.7653661 -0.1255591 0.6312277 -0.765367 -0.1255591 0.8498406 -0.4991944 -0.169044 0.8498398 -0.4991962 -0.1690436 0.9659473 -0.173287 -0.1921391 0.9659475 -0.173287 -0.1921387 0.9659473 0.173287 -0.192139 0.9659473 0.173287 -0.1921388 0.8498401 0.4991956 -0.1690436 0.8498403 0.499195 -0.1690438 0.6312277 0.765367 -0.1255589 0.6312286 0.7653661 -0.1255593 0.3360842 0.9394565 -0.06685137 0.3360843 0.9394564 -0.06685113 0 1 0 0 1 2.30051e-7 -0.336085 0.9394561 0.06685125 -0.3360828 0.9394569 0.06685113 -0.9326046 -0.1732867 0.3165761 -0.9326042 -0.1732884 0.3165765 -0.820505 -0.4991958 0.2785233 -0.8205043 -0.4991967 0.2785236 -0.6094418 -0.7653644 0.2068772 -0.6094413 -0.7653648 0.2068774 -0.3244826 -0.9394566 0.1101471 -0.3244827 -0.9394567 0.1101468 0.3244829 -0.9394565 -0.1101468 0.3244823 -0.9394567 -0.110147 0.6094398 -0.765366 -0.2068771 0.6094403 -0.7653658 -0.2068768 0.8205042 -0.4991969 -0.2785238 0.8205053 -0.4991952 -0.2785235 0.9326046 -0.1732866 -0.316576 0.932604 -0.1732894 -0.3165765 0.9326044 0.1732869 -0.3165766 0.9326043 0.1732891 -0.3165758 0.8205037 0.499198 -0.2785232 0.8205058 0.4991941 -0.2785241 0.60944 0.7653658 -0.2068768 0.6094401 0.7653658 -0.2068769 0.324482 0.9394568 -0.1101468 0.3244833 0.9394564 -0.1101472 0 1 0 -0.3244827 0.9394567 0.110147 -0.3244826 0.9394567 0.1101467 -0.883304 -0.1732889 0.4355975 -0.8833046 -0.1732852 0.4355977 -0.7771297 -0.4991979 0.3832378 -0.7771303 -0.4991959 0.3832388 -0.5772244 -0.7653648 0.2846556 -0.5772229 -0.7653664 0.2846547 -0.3073293 -0.9394566 0.1515586 -0.3073305 -0.9394563 0.1515581 0.3073304 -0.9394563 -0.1515585 0.3073297 -0.9394567 -0.1515581 0.5772231 -0.765366 -0.2846552 0.5772225 -0.7653666 -0.2846547 0.7771313 -0.4991943 -0.3832389 0.77713 -0.4991972 -0.3832378 0.8833049 -0.1732838 -0.4355977 0.8833039 -0.1732901 -0.4355969 0.8833044 0.1732869 -0.4355973 0.8833045 0.173287 -0.4355973 0.777131 0.4991955 -0.3832383 0.7771305 0.4991961 -0.3832384 0.5772218 0.7653672 -0.2846544 0.5772238 0.7653654 -0.2846554 0.3073297 0.9394567 -0.1515582 0.3073304 0.9394563 -0.1515582 0 1 -1.7572e-7 0 1 2.30052e-7 -0.3073295 0.9394567 0.151558 -0.3073298 0.9394566 0.1515583 -0.8188905 -0.1732888 0.547165 -0.8188903 -0.1732861 0.5471661 -0.7204589 -0.4991967 0.4813956 -0.7204584 -0.499198 0.481395 -0.5351293 -0.7653666 0.3575622 -0.53513 -0.7653661 0.3575623 -0.2849181 -0.9394566 0.1903765 -0.2849181 -0.9394566 0.1903762 0 -1 2.16273e-7 0.2849183 -0.9394564 -0.1903766 0.2849178 -0.9394567 -0.1903759 0.5351302 -0.7653658 -0.3575626 0.5351308 -0.7653651 -0.3575631 0.7204588 -0.4991967 -0.4813957 0.7204577 -0.4991986 -0.4813954 0.8188907 -0.1732839 -0.5471662 0.8188902 -0.173289 -0.5471654 0.8188904 0.173287 -0.5471656 0.8188904 0.1732859 -0.547166 0.720458 0.4991981 -0.4813954 0.7204586 0.4991971 -0.4813956 0.5351311 0.7653648 -0.3575635 0.5351305 0.7653655 -0.3575626 0.2849175 0.9394568 -0.1903758 0.2849181 0.9394565 -0.1903765 -0.2849169 0.9394571 0.1903755 -0.2849189 0.9394562 0.1903767 -0.7404655 -0.1732867 0.649371 -0.7404655 -0.1732905 0.64937 -0.6514615 -0.4991958 0.5713157 -0.6514602 -0.4991977 0.5713154 -0.4838811 -0.7653655 0.4243525 -0.4838807 -0.7653658 0.4243522 -0.257632 -0.9394564 0.2259371 -0.2576312 -0.9394567 0.2259365 0.2576304 -0.9394571 -0.2259358 0.2576315 -0.9394567 -0.2259366 0.4838816 -0.7653652 -0.4243524 0.4838812 -0.7653654 -0.4243523 0.6514608 -0.4991968 -0.5713156 0.6514613 -0.4991953 -0.5713163 0.7404652 -0.1732897 -0.6493705 0.7404656 -0.1732888 -0.6493703 0.7404655 0.1732897 -0.6493702 0.7404655 0.1732873 -0.6493708 0.6514614 0.4991956 -0.571316 0.6514608 0.4991965 -0.5713158 0.4838806 0.765366 -0.4243519 0.4838822 0.7653644 -0.4243528 0.2576319 0.9394565 -0.2259368 0.2576304 0.9394571 -0.2259359 -0.2576315 0.9394567 0.2259367 -0.2576314 0.9394566 0.225937 -0.6493709 -0.1732898 0.7404648 -0.6493707 -0.1732885 0.7404653 -0.5713164 -0.4991956 0.651461 -0.5713156 -0.4991968 0.6514607 -0.4243521 -0.7653659 0.4838806 -0.4243518 -0.765366 0.4838807 -0.225937 -0.9394565 0.257632 -0.2259368 -0.9394566 0.2576313 0.2259365 -0.9394567 -0.2576313 0.225936 -0.9394568 -0.2576311 0.4243528 -0.7653648 -0.4838816 0.4243522 -0.7653657 -0.4838809 0.5713166 -0.4991945 -0.6514617 0.5713163 -0.4991953 -0.6514613 0.6493705 -0.1732897 -0.7404652 0.6493707 -0.1732879 -0.7404654 0.6493707 0.1732883 -0.7404654 0.6493706 0.1732894 -0.7404652 0.5713165 0.4991945 -0.6514617 0.5713162 0.4991953 -0.6514614 0.4243529 0.7653647 -0.4838817 0.4243525 0.7653651 -0.4838815 0.2259352 0.9394572 -0.2576303 0.2259369 0.9394565 -0.2576317 -0.2259371 0.9394565 0.2576315 -0.2259366 0.9394565 0.257632 -0.5471652 -0.1732878 0.8188905 -0.5471642 -0.1732871 0.8188914 -0.4813948 -0.4991957 0.7204601 -0.4813954 -0.4991973 0.7204586 -0.3575628 -0.7653657 0.5351301 -0.3575628 -0.7653649 0.5351312 -0.1903759 -0.9394568 0.2849175 -0.1903756 -0.9394569 0.2849174 0.1903759 -0.9394569 -0.2849172 0.1903761 -0.9394567 -0.284918 0.357563 -0.7653656 -0.5351302 0.3575629 -0.765365 -0.5351312 0.4813951 -0.4991968 -0.7204592 0.4813959 -0.4991973 -0.7204583 0.5471658 -0.1732882 -0.81889 0.5471651 -0.1732879 -0.8188905 0.547165 0.1732884 -0.8188905 0.5471659 0.1732878 -0.81889 0.481396 0.4991967 -0.7204586 0.4813948 0.4991974 -0.7204589 0.3575623 0.765366 -0.5351302 0.3575635 0.7653648 -0.535131 0.1903756 0.9394569 -0.2849175 0.1903761 0.9394568 -0.2849177 -0.1903761 0.9394567 0.2849179 -0.1903755 0.9394569 0.2849174 -0.4355975 -0.1732878 0.8833041 -0.4355979 -0.1732883 0.8833039 -0.3832384 -0.4991984 0.7771288 -0.3832378 -0.4991962 0.7771306 -0.2846551 -0.7653651 0.5772241 -0.2846551 -0.7653653 0.5772241 -0.1515581 -0.9394568 0.3073291 -0.1515578 -0.9394568 0.3073292 0.1515582 -0.9394568 -0.307329 0.1515582 -0.9394565 -0.3073301 0.2846552 -0.7653649 -0.5772244 0.2846551 -0.7653664 -0.5772226 0.3832383 -0.4991985 -0.7771289 0.3832381 -0.499195 -0.7771312 0.435597 -0.1732875 -0.8833044 0.4355974 -0.1732894 -0.8833039 0.4355975 0.1732876 -0.8833042 0.4355968 0.1732893 -0.8833042 0.3832374 0.4991979 -0.7771297 0.383239 0.4991956 -0.7771304 0.2846557 0.7653652 -0.5772238 0.2846545 0.7653662 -0.5772231 0.1515576 0.9394568 -0.3073291 0.1515588 0.9394564 -0.30733 -0.1515578 0.9394568 0.3073292 -0.1515579 0.9394567 0.3073292 -0.3165768 -0.1732888 0.932604 -0.3165759 -0.1732872 0.9326046 -0.2785235 -0.4991955 0.820505 -0.2785236 -0.4991965 0.8205044 -0.2068771 -0.7653649 0.6094412 -0.2068775 -0.7653661 0.6094397 -0.1101472 -0.9394568 0.3244823 -0.110147 -0.9394567 0.3244826 0 -1 0 0.1101469 -0.9394567 -0.3244826 0.1101471 -0.9394568 -0.3244821 0.2068773 -0.7653664 -0.6094391 0.2068769 -0.7653654 -0.6094405 0.2785237 -0.4991956 -0.820505 0.278524 -0.4991962 -0.8205046 0.3165767 -0.173289 -0.932604 0.3165761 -0.1732871 -0.9326046 0.316576 0.1732891 -0.9326041 0.3165767 0.1732873 -0.9326043 0.2785239 0.4991956 -0.8205048 0.2785237 0.4991962 -0.8205046 0.2068766 0.7653662 -0.6094397 0.2068776 0.7653657 -0.6094399 0.1101473 0.9394565 -0.3244827 0.1101467 0.9394569 -0.3244819 0 1 0 -0.1101468 0.9394568 0.3244821 -0.1101474 0.9394565 0.3244826 -0.1921386 -0.1732873 0.9659473 -0.1921393 -0.1732887 0.965947 -0.1690437 -0.4991965 0.8498395 -0.1690437 -0.4991963 0.8498396 -0.1255592 -0.7653661 0.6312287 -0.1255589 -0.7653653 0.6312298 -0.06685096 -0.9394564 0.3360843 -0.06685107 -0.9394569 0.3360829 0 -1 4.60105e-7 0 -1 -2.70341e-7 0.06685101 -0.9394568 -0.3360832 0.0668509 -0.9394567 -0.3360834 0.1255591 -0.7653652 -0.6312299 0.1255591 -0.7653651 -0.6312299 0.1690432 -0.4991964 -0.8498396 0.1690432 -0.4991962 -0.8498398 0.1921383 -0.1732872 -0.9659475 0.192139 -0.1732887 -0.9659471 0.1921388 0.1732873 -0.9659474 0.1921384 0.1732885 -0.9659472 0.1690431 0.4991966 -0.8498396 0.1690434 0.499196 -0.8498398 0.1255592 0.7653649 -0.6312301 0.125559 0.7653656 -0.6312295 0.06685096 0.9394567 -0.3360837 0.06685101 0.9394569 -0.3360831 0 1 1.72539e-7 -0.06685119 0.9394567 0.3360834 -0.06685084 0.9394567 0.3360837 -0.6729298 0.7393423 0.0232042 -0.5341359 0.8446735 0.03500884 -0.3419354 0.9394562 0.02241146 -0.3419345 0.9394565 0.02241158 -0.147139 0.9890688 0.00964421 -0.01353996 0.978336 0.2065801 -0.00911045 0.9390901 0.3435503 -0.02446419 0.9274086 0.3732491 -0.0382837 0.8107836 0.5840927 -0.6422175 0.7653658 0.04209333 -0.6312298 0.7653651 0.1255598 -0.6312302 0.7653648 0.1255592 -0.6094413 0.7653647 0.2068772 -0.6094418 0.7653644 0.2068772 -0.5772241 0.7653651 0.2846553 -0.577223 0.7653662 0.2846549 -0.5351303 0.7653656 0.3575626 -0.5351297 0.7653661 0.3575625 -0.4838811 0.7653656 0.4243523 -0.483881 0.7653653 0.4243527 -0.4243513 0.7653667 0.4838801 -0.4243526 0.7653653 0.4838813 -0.3575628 0.7653652 0.5351309 -0.3575629 0.7653656 0.5351303 -0.2846549 0.7653656 0.5772237 -0.2846552 0.765365 0.5772245 -0.2068779 0.765365 0.6094408 -0.2068768 0.7653661 0.6094398 -0.1255585 0.7653664 0.6312286 -0.1255595 0.7653651 0.6312299 -0.01938182 0.7644296 0.6444159 -0.04691267 0.6967805 0.7157487 -0.9827625 0.1732887 0.06441324 -0.9129959 0.4035564 0.05984055 -0.8662923 0.498406 0.03360444 -0.8498405 0.4991949 0.1690433 -0.8498383 0.4991984 0.1690434 -0.8205047 0.4991961 0.2785233 -0.8205046 0.4991965 0.2785236 -0.7771302 0.4991965 0.3832383 -0.7771297 0.4991973 0.3832383 -0.7204584 0.499198 0.481395 -0.7204589 0.4991967 0.4813956 -0.6514598 0.4991983 0.5713153 -0.6514619 0.4991952 0.5713157 -0.5713151 0.499198 0.6514603 -0.5713168 0.4991945 0.6514614 -0.4813962 0.4991943 0.7204601 -0.4813941 0.4991984 0.7204587 -0.3832373 0.4991981 0.7771296 -0.3832389 0.4991964 0.77713 -0.2785237 0.4991958 0.8205049 -0.2785233 0.4991964 0.8205046 -0.1690437 0.4991968 0.8498393 -0.1690438 0.4991958 0.8498398 -0.05667138 0.4991961 0.8646338 -0.05265551 0.5051004 0.8614529 -0.9827625 0.1732886 0.06441336 -0.9659475 0.1732869 0.1921384 -0.9659466 0.1732907 0.1921392 -0.9326041 0.173289 0.3165765 -0.9326047 0.173286 0.3165761 -0.8833043 0.1732869 0.4355975 -0.8833043 0.1732872 0.4355975 -0.8188905 0.1732869 0.5471655 -0.8188902 0.1732881 0.5471655 -0.7404659 0.1732889 0.6493699 -0.740465 0.1732884 0.6493711 -0.6493709 0.1732889 0.740465 -0.6493707 0.1732894 0.7404651 -0.5471644 0.1732881 0.8188909 -0.5471649 0.1732868 0.8188909 -0.4355982 0.1732873 0.8833039 -0.4355972 0.1732887 0.8833041 -0.3165758 0.1732885 0.9326043 -0.3165768 0.1732875 0.9326043 -0.1921393 0.1732875 0.9659472 -0.1921385 0.1732885 0.9659472 -0.06441414 0.1732887 0.9827623 -0.06441396 0.1732887 0.9827625 0 -0.9463898 -0.3230271 0 -0.9463896 -0.3230277 0 -0.8759171 -0.4824618 0 -0.7660443 -0.6427878 0 -0.7660445 -0.6427876 0 -0.606093 -0.7953938 0 -0.6060944 -0.7953928 0 -0.4587686 -0.8885558 0 -0.4587687 -0.8885558 0 -0.2327935 -0.9725263 0 -0.0603801 -0.9981755 0 0.1736493 -0.9848076 0 0.3483073 -0.9373805 0 0.505802 -0.8626497 0 0.5058019 -0.8626497 0 0.697552 -0.7165343 0 0.8113769 -0.5845233 0 0.8113768 -0.5845236 0 0.9276862 -0.3733611 0 0.9784263 -0.206596 0 0.9784259 -0.2065986 0 0.9784259 0.2065986 0 0.9784263 0.206596 0 0.9276862 0.3733611 0 0.8113784 0.5845214 0 0.8113785 0.5845211 0 0.6975487 0.7165374 0 0.5058019 0.8626497 0 0.505802 0.8626497 0 0.3483073 0.9373805 0 0.1736493 0.9848076 0 -0.0603801 0.9981755 0 -0.2327935 0.9725263 0 -0.4587687 0.8885558 0 -0.4587686 0.8885558 0 -0.6060944 0.7953928 0 -0.606093 0.7953938 0 -0.7660445 0.6427876 0 -0.7660443 0.6427878 0 -0.8759174 0.4824612 0 -0.9463896 0.3230277 0 -0.9463898 0.3230271 0 -0.9961948 0.08715558 0 -0.9961946 0.08715766 0 -0.9961946 -0.08715766 0 -0.9961948 -0.08715558 0.9129959 0.4035564 0.05984055 0.0564512 0.5049954 0.8612741 0.9827625 -0.173289 0.06441336 0.03775036 -0.4985686 0.8660278 0.05814087 -0.4579926 0.8870528 0.06441414 -0.1732887 0.9827623 0.02899086 -0.2326955 0.9721175 0.06528466 -0.06025141 0.9960461 0.04209345 -0.7653652 0.6422183 0.04209321 -0.7653657 0.6422178 0.05206221 -0.6052715 0.7943148 0.9827625 -0.1732887 0.06441324 0.9129959 -0.4035564 0.05984055 0.8662919 -0.4984065 0.03360438 0.8293088 -0.5561406 0.05435597 0.642217 -0.7653664 0.04209327 0.6729298 -0.7393423 0.0232042 0.5341359 -0.8446735 0.03500884 0.3419354 -0.9394562 0.02241146 0.3419345 -0.9394565 0.02241158 -0.02051281 -0.999786 0.002700626 0.005712449 -0.9961785 0.08715468 0.0224117 -0.9394568 0.3419339 0.0107159 -0.9463353 0.3230088 0.03160655 -0.875479 0.4822217 0.147139 -0.9890688 0.009644389 0.06037867 -0.9981721 -0.002620637 0.002700567 -0.999786 -0.02051264 -0.03014004 -0.9395921 -0.3409667 -0.02116763 -0.9461776 -0.322955 -0.005712389 -0.9961785 -0.08715403 -0.08715456 -0.9961785 -0.005712509 -0.2652574 -0.964021 -0.01738572 -0.3394923 -0.9396884 -0.04160261 -0.4285234 -0.9030941 -0.02808696 -0.6422176 -0.7653658 -0.04209333 -0.6422175 -0.7653658 -0.04209315 -0.8646335 -0.4991968 -0.05667096 -0.07077628 -0.4995476 -0.8633904 -0.05206251 -0.6052718 -0.7943147 -0.04209345 -0.7653652 -0.6422183 -0.04209327 -0.7653656 -0.6422179 -0.03160655 -0.8754797 -0.4822202 -0.0802372 -0.1734442 -0.9815698 -0.06361389 -0.232322 -0.9705564 -0.05814069 -0.4579926 -0.8870528 -0.8646342 -0.4991956 -0.05667084 -0.9548217 -0.2905156 -0.06258207 -0.9816434 -0.1734334 -0.07935351 -0.0592727 0.4992685 -0.8644176 -0.06132388 0.3476517 -0.9356163 -0.06441384 0.1732886 -0.9827624 -0.06441396 0.1732887 -0.9827625 -0.06528472 -0.06025123 -0.9960461 -0.9906135 -0.1202883 -0.06492853 -0.9906135 0.1202883 -0.06492853 -0.9816434 0.1734334 -0.07935351 -0.9548217 0.2905156 -0.06258207 -0.864633 0.4991979 -0.05667072 -0.8646349 0.4991944 -0.05667102 -0.6422175 0.7653658 -0.04209303 -0.06003081 0.7658228 -0.6402436 -0.04691272 0.6967837 -0.7157456 -0.05645126 0.5049955 -0.861274 -0.03463077 0.9396449 -0.3403944 -0.02446413 0.9274085 -0.3732494 -0.03828376 0.810782 -0.5840951 -0.6422176 0.7653658 -0.04209333 -0.4285234 0.9030941 -0.02808696 -0.3394923 0.9396884 -0.04160261 0 1 4.60105e-7 -0.01353991 0.978336 -0.2065803 0.1921385 -0.1732887 0.9659472 0.1921393 -0.1732875 0.9659472 0.1690438 -0.4991959 0.8498398 0.1690437 -0.4991968 0.8498393 0.1255595 -0.7653651 0.6312299 0.1255585 -0.7653664 0.6312285 0.06685084 -0.9394567 0.3360836 0.06685125 -0.9394568 0.3360834 0 -1 0 -0.06685101 -0.9394569 -0.3360829 -0.0668509 -0.9394567 -0.3360836 -0.1255589 -0.7653654 -0.6312295 -0.1255592 -0.7653648 -0.6312304 -0.1690434 -0.499196 -0.8498398 -0.169043 -0.4991967 -0.8498395 -0.1921384 -0.1732887 -0.9659472 -0.1921388 -0.1732875 -0.9659473 -0.192139 0.1732887 -0.9659471 -0.1921383 0.1732872 -0.9659475 -0.1690432 0.4991963 -0.8498397 -0.1690432 0.4991965 -0.8498395 -0.125559 0.765365 -0.63123 -0.1255591 0.7653651 -0.6312299 -0.0668509 0.9394567 -0.3360834 -0.06685101 0.9394568 -0.3360832 0 1 -4.32545e-7 0 1 3.45079e-7 0.06685113 0.9394569 0.3360829 0.06685096 0.9394565 0.3360842 0.3165768 -0.1732878 0.9326041 0.3165758 -0.1732887 0.9326044 0.2785233 -0.4991966 0.8205044 0.2785237 -0.4991958 0.8205049 0.2068768 -0.7653661 0.6094397 0.2068778 -0.765365 0.6094408 0.1101475 -0.9394566 0.3244827 0.1101468 -0.9394569 0.324482 -0.1101467 -0.9394569 -0.324482 -0.1101474 -0.9394564 -0.324483 -0.2068776 -0.7653657 -0.60944 -0.2068767 -0.765366 -0.6094399 -0.2785238 -0.4991964 -0.8205046 -0.2785239 -0.4991956 -0.8205048 -0.3165767 -0.1732875 -0.9326043 -0.3165761 -0.1732888 -0.9326043 -0.3165761 0.1732873 -0.9326044 -0.3165766 0.1732891 -0.932604 -0.278524 0.4991962 -0.8205046 -0.2785238 0.4991956 -0.8205049 -0.206877 0.7653654 -0.6094406 -0.2068774 0.7653664 -0.6094393 -0.1101471 0.9394567 -0.3244822 -0.1101469 0.9394565 -0.3244828 0.110147 0.9394567 0.3244825 0.1101472 0.9394568 0.324482 0.4355973 -0.1732888 0.8833041 0.4355982 -0.1732873 0.8833039 0.3832389 -0.4991964 0.77713 0.3832374 -0.4991982 0.7771295 0.2846552 -0.765365 0.5772244 0.2846549 -0.7653656 0.5772237 0.1515578 -0.9394569 0.307329 0.1515579 -0.9394567 0.3073292 -0.1515588 -0.9394564 -0.3073298 -0.1515576 -0.9394569 -0.307329 -0.2846546 -0.765366 -0.5772233 -0.2846559 -0.765365 -0.5772241 -0.383239 -0.4991956 -0.7771304 -0.3832374 -0.4991979 -0.7771297 -0.4355968 -0.173289 -0.8833042 -0.4355975 -0.1732873 -0.8833042 -0.4355974 0.1732891 -0.883304 -0.435597 0.1732873 -0.8833045 -0.3832381 0.499195 -0.7771312 -0.3832383 0.4991985 -0.7771289 -0.2846552 0.7653662 -0.5772228 -0.2846552 0.7653649 -0.5772246 -0.1515582 0.9394565 -0.3073302 -0.1515582 0.9394569 -0.3073288 0.1515578 0.9394567 0.3073294 0.1515581 0.9394567 0.3073293 0.5471649 -0.1732868 0.8188909 0.5471644 -0.1732886 0.8188908 0.4813941 -0.4991984 0.7204587 0.4813961 -0.4991947 0.72046 0.3575628 -0.7653657 0.5351301 0.3575628 -0.7653652 0.535131 0.1903755 -0.9394569 0.2849174 0.1903759 -0.9394567 0.2849177 -0.1903759 -0.9394568 -0.2849174 -0.1903757 -0.9394568 -0.2849177 -0.3575637 -0.7653644 -0.5351313 -0.3575625 -0.7653657 -0.5351304 -0.4813951 -0.4991968 -0.7204592 -0.4813959 -0.499197 -0.7204585 -0.5471659 -0.1732882 -0.8188899 -0.547165 -0.1732888 -0.8188904 -0.547165 0.1732884 -0.8188905 -0.5471658 0.1732886 -0.8188899 -0.4813959 0.4991973 -0.7204583 -0.481395 0.4991971 -0.7204591 -0.3575629 0.765365 -0.5351311 -0.357563 0.7653656 -0.5351303 -0.190376 0.9394567 -0.2849178 -0.1903758 0.9394569 -0.2849174 0.1903756 0.939457 0.2849172 0.1903759 0.9394568 0.2849177 0.6493707 -0.1732889 0.7404652 0.6493709 -0.1732894 0.7404649 0.5713167 -0.4991949 0.6514613 0.5713152 -0.4991976 0.6514605 0.4243522 -0.7653657 0.4838809 0.4243515 -0.7653664 0.4838802 0.2259364 -0.9394566 0.2576317 0.2259371 -0.9394565 0.2576314 -0.2259367 -0.9394567 -0.2576315 -0.2259356 -0.939457 -0.2576308 -0.4243527 -0.7653647 -0.483882 -0.4243524 -0.7653654 -0.4838812 -0.5713161 -0.4991956 -0.6514612 -0.5713164 -0.4991948 -0.6514616 -0.6493705 -0.1732897 -0.7404652 -0.6493707 -0.1732878 -0.7404655 -0.6493707 0.1732883 -0.7404654 -0.6493706 0.1732892 -0.7404653 -0.5713161 0.4991956 -0.6514612 -0.5713164 0.4991948 -0.6514616 -0.4243524 0.7653653 -0.4838813 -0.4243528 0.7653648 -0.4838818 -0.225936 0.9394569 -0.257631 -0.2259365 0.9394567 -0.2576314 0.2259368 0.9394567 0.2576311 0.225937 0.9394564 0.2576321 0.7404649 -0.1732889 0.649371 0.7404658 -0.1732898 0.6493698 0.6514621 -0.4991948 0.5713158 0.6514598 -0.4991983 0.5713153 0.4838812 -0.7653651 0.4243528 0.4838806 -0.7653659 0.4243519 0.2576314 -0.9394566 0.225937 0.2576318 -0.9394565 0.2259368 0 -1 0 -0.25763 -0.9394573 -0.2259356 -0.2576317 -0.9394565 -0.2259367 -0.4838822 -0.7653644 -0.4243528 -0.4838803 -0.7653663 -0.4243516 -0.6514607 -0.4991968 -0.5713157 -0.6514614 -0.4991953 -0.5713161 -0.7404656 -0.1732867 -0.6493709 -0.7404654 -0.1732907 -0.64937 -0.7404657 0.1732882 -0.6493704 -0.7404652 0.1732892 -0.6493705 -0.6514612 0.4991956 -0.5713162 -0.6514609 0.4991965 -0.5713157 -0.4838812 0.7653654 -0.4243523 -0.4838813 0.7653655 -0.4243522 -0.2576315 0.9394566 -0.2259365 -0.2576307 0.9394569 -0.2259359 0.2576312 0.9394567 0.2259364 0.257632 0.9394563 0.2259373 0.8188902 -0.173289 0.5471655 0.8188905 -0.1732865 0.5471655 0.7204589 -0.4991967 0.4813956 0.7204587 -0.4991973 0.4813952 0.5351293 -0.7653666 0.3575623 0.53513 -0.7653661 0.3575623 0.2849192 -0.9394562 0.1903769 0.2849172 -0.939457 0.1903756 -0.2849179 -0.9394566 -0.1903762 -0.284918 -0.9394566 -0.1903761 -0.5351302 -0.7653659 -0.3575624 -0.5351305 -0.7653654 -0.3575631 -0.7204587 -0.4991968 -0.4813956 -0.7204577 -0.4991987 -0.4813953 -0.8188903 -0.1732869 -0.5471659 -0.8188905 -0.1732866 -0.5471656 -0.81889 0.17329 -0.5471653 -0.8188907 0.1732835 -0.5471662 -0.7204579 0.4991983 -0.4813955 -0.7204586 0.4991973 -0.4813954 -0.5351305 0.7653654 -0.3575628 -0.5351302 0.7653658 -0.3575626 -0.2849176 0.9394568 -0.1903759 -0.2849183 0.9394564 -0.1903766 0 1 -2.30052e-7 0.2849179 0.9394567 0.1903758 0.2849179 0.9394567 0.1903761 0.8833044 -0.1732868 0.4355976 0.8833042 -0.1732875 0.4355975 0.77713 -0.4991967 0.3832384 0.7771304 -0.4991964 0.3832383 0.5772225 -0.7653665 0.2846547 0.5772239 -0.7653652 0.2846553 0.3073295 -0.9394567 0.1515581 0.3073299 -0.9394565 0.1515582 0 -1 1.86918e-7 0 -1 -2.16271e-7 -0.3073299 -0.9394565 -0.1515581 -0.3073295 -0.9394566 -0.1515582 -0.5772231 -0.765366 -0.284655 -0.5772218 -0.7653672 -0.2846544 -0.7771302 -0.4991967 -0.3832382 -0.7771307 -0.4991957 -0.3832382 -0.8833045 -0.1732867 -0.4355973 -0.8833044 -0.1732874 -0.4355973 -0.8833041 0.1732898 -0.435597 -0.8833048 0.1732842 -0.4355976 -0.7771297 0.4991978 -0.3832377 -0.7771311 0.4991946 -0.3832387 -0.5772232 0.765366 -0.2846551 -0.5772231 0.765366 -0.284655 -0.3073297 0.9394567 -0.1515583 -0.3073303 0.9394564 -0.1515584 0.3073308 0.9394561 0.1515582 0.3073292 0.9394567 0.1515583 0.9326046 -0.1732867 0.3165761 0.932604 -0.1732892 0.3165764 0.8205046 -0.4991962 0.2785236 0.8205045 -0.4991967 0.2785232 0.6094415 -0.7653647 0.2068772 0.609441 -0.7653651 0.2068771 0.324483 -0.9394565 0.1101468 0.3244825 -0.9394567 0.1101469 0 -1 0 -0.3244831 -0.9394564 -0.1101471 -0.3244825 -0.9394567 -0.1101469 -0.6094401 -0.7653658 -0.2068769 -0.6094399 -0.765366 -0.2068768 -0.8205056 -0.4991944 -0.278524 -0.820504 -0.4991974 -0.2785233 -0.9326041 -0.1732896 -0.3165758 -0.9326044 -0.1732866 -0.3165766 -0.932604 0.1732898 -0.3165765 -0.9326047 0.1732863 -0.316576 -0.8205052 0.4991955 -0.2785235 -0.8205046 0.4991964 -0.2785238 -0.6094403 0.7653658 -0.2068768 -0.6094397 0.7653662 -0.2068769 -0.3244822 0.9394568 -0.1101469 -0.3244835 0.9394563 -0.1101472 0.3244826 0.9394567 0.1101465 0.3244823 0.9394567 0.1101468 0.9659467 -0.173291 0.1921392 0.9659475 -0.1732873 0.1921384 0.849838 -0.499199 0.1690433 0.8498403 -0.4991955 0.1690433 0.6312299 -0.7653652 0.1255591 0.6312293 -0.7653656 0.1255598 0.3360825 -0.939457 0.06685107 0.3360845 -0.9394564 0.06685101 0 -1 0 -0.3360837 -0.9394566 -0.06685101 -0.3360839 -0.9394565 -0.06685119 -0.6312285 -0.7653663 -0.1255592 -0.631228 -0.7653667 -0.125559 -0.8498407 -0.4991945 -0.1690439 -0.8498395 -0.4991967 -0.1690435 -0.9659475 -0.1732867 -0.1921388 -0.9659475 -0.1732866 -0.192139 -0.9659475 0.1732867 -0.1921387 -0.9659474 0.1732865 -0.1921391 -0.8498401 0.4991956 -0.1690436 -0.8498401 0.4991956 -0.1690438 -0.6312275 0.7653672 -0.125559 -0.631229 0.7653659 -0.1255592 -0.3360849 0.9394562 -0.06685149 -0.3360838 0.9394567 -0.06685096 0 1 -2.16272e-7 0.3360843 0.9394565 0.06685113 0.3360828 0.939457 0.06685125 -0.005230545 0.6975392 0.7165276 0.0382837 0.8107836 0.5840927 0.02241164 0.9394567 0.3419342 0.008090317 0.9276561 0.3733481 0.01353996 0.978336 0.2065801 -0.2652574 0.964021 -0.01738572 -0.02684789 0.9996381 -0.001759767 0.001435458 0.9999396 -0.01090335 0.147139 0.9890688 0.00964421 0.3419345 0.9394565 0.02241158 0.3419342 0.9394567 0.0224114 0.5341359 0.8446735 0.03500884 0.04209339 0.7653654 0.6422181 0.1255589 0.7653654 0.6312297 0.1255592 0.7653663 0.6312285 0.2068775 0.7653661 0.6094396 0.2068771 0.765365 0.6094411 0.2846551 0.7653653 0.577224 0.284655 0.7653653 0.5772241 0.357563 0.7653647 0.5351315 0.3575628 0.7653658 0.53513 0.4243518 0.7653661 0.4838806 0.4243522 0.7653657 0.4838808 0.4838808 0.7653656 0.4243523 0.4838811 0.7653655 0.4243525 0.5351303 0.7653656 0.3575626 0.5351297 0.7653661 0.3575625 0.5772233 0.7653659 0.2846549 0.5772241 0.765365 0.2846556 0.6094411 0.765365 0.2068772 0.6094415 0.7653647 0.206877 0.6312298 0.7653651 0.1255596 0.6312293 0.7653656 0.1255593 0.6438198 0.764739 0.02589285 0.6724562 0.7388235 0.04407536 0.06441414 0.1732887 0.9827625 0.06132405 0.347652 0.9356161 0.05303341 0.4990894 0.8649261 0.1690437 0.4991962 0.8498396 0.1690438 0.4991965 0.8498396 0.2785236 0.4991965 0.8205044 0.2785235 0.4991956 0.8205051 0.3832378 0.4991962 0.7771306 0.3832384 0.4991984 0.7771288 0.4813954 0.4991973 0.7204586 0.4813948 0.4991957 0.7204601 0.5713158 0.4991964 0.6514609 0.5713165 0.4991952 0.6514611 0.6514601 0.4991981 0.5713152 0.6514615 0.4991958 0.5713157 0.7204584 0.499198 0.481395 0.7204592 0.4991961 0.4813959 0.7771307 0.4991953 0.383239 0.7771297 0.4991977 0.3832377 0.8205044 0.4991965 0.2785236 0.8205046 0.4991964 0.2785232 0.8498393 0.499197 0.1690434 0.8498389 0.4991975 0.1690433 0.8646346 0.4991948 0.05667138 0.8304249 0.5568912 0.01633667 0.06441396 0.1732887 0.9827625 0.1921393 0.1732888 0.965947 0.1921386 0.1732873 0.9659473 0.3165759 0.1732875 0.9326045 0.3165768 0.173289 0.932604 0.4355979 0.1732884 0.8833039 0.4355975 0.1732878 0.8833041 0.5471642 0.1732871 0.8188914 0.5471652 0.1732883 0.8188904 0.6493707 0.173289 0.7404652 0.6493709 0.1732904 0.7404647 0.7404654 0.173291 0.6493699 0.7404654 0.1732876 0.6493709 0.8188902 0.1732871 0.5471659 0.8188905 0.1732884 0.547165 0.8833046 0.1732848 0.4355977 0.8833038 0.1732895 0.4355974 0.9326041 0.173289 0.3165765 0.9326046 0.173287 0.3165761 0.9659471 0.1732891 0.1921386 0.965947 0.1732892 0.192139 0.9827625 0.1732889 0.0644133 0.9827624 0.1732888 0.0644133 0.9709306 0.2393158 0.004659116 0.9146348 0.4042813 0 0.8305361 0.5569649 0 0.7484987 0.6631115 0.00573945 0.3420197 0.9396904 0.002148032 0.3546029 0.9350115 0.003221631 0.5344637 0.8451915 0 0.6731134 0.7395393 0 0.147145 0.989115 0 -0.02684783 0.9996396 0 -0.1205347 0.9926938 0.005523204 -0.265298 0.9641665 0 -0.4286918 0.9034508 0 -0.5680574 0.8229728 0.005163013 -0.642786 0.7660455 -8.61445e-4 -0.866027 0.4999964 0.001003384 -0.8854483 0.4647207 0.00401175 -0.9566975 0.291084 0 -0.9999832 0 0.005811512 -0.9566975 -0.291084 0 -0.8854483 -0.4647207 0.00401175 -0.8660269 -0.4999964 0.001003384 -0.642786 -0.7660455 -8.61448e-4 -0.5680574 -0.8229729 0.005163013 -0.4286918 -0.9034508 0 -0.1802548 -0.98362 0 0.06037926 -0.9981756 0 0.06037855 -0.9981756 0 -0.2652928 -0.9641475 0.006283879 0.147145 -0.989115 0 0.3420197 -0.9396904 0.002148032 0.3546029 -0.9350115 0.003221631 0.5344637 -0.8451915 0 0.6731134 -0.7395393 0 0.7484987 -0.6631115 0.00573945 0.8305361 -0.5569649 0 0.9146348 -0.4042813 0 0.9709306 -0.2393159 0.004659116</float_array>
          <technique_common>
            <accessor source="#link_3-mesh-normals-array" count="1949" stride="3">
              <param name="X" type="float"/>
              <param name="Y" type="float"/>
              <param name="Z" type="float"/>
            </accessor>
          </technique_common>
        </source>
        <vertices id="link_3-mesh-vertices">
          <input semantic="POSITION" source="#link_3-mesh-positions"/>
        </vertices>
        <triangles count="2104">
          <input semantic="VERTEX" source="#link_3-mesh-vertices" offset="0"/>
          <input semantic="NORMAL" source="#link_3-mesh-normals" offset="1"/>
          <p>0 0 1 0 2 0 3 1 4 1 1 1 1 2 4 2 5 2 1 3 5 3 2 3 6 4 7 4 8 4 8 5 7 5 9 5 8 6 9 6 3 6 3 7 9 7 10 7 3 8 10 8 4 8 6 9 8 9 11 9 11 10 8 10 12 10 11 11 12 11 13 11 13 12 12 12 14 12 14 13 12 13 15 13 14 14 15 14 16 14 16 15 15 15 17 15 17 16 15 16 18 16 17 17 18 17 19 17 19 18 18 18 20 18 20 19 18 19 21 19 20 20 21 20 22 20 22 21 21 21 23 21 23 22 21 22 24 22 23 23 24 23 25 23 25 24 24 24 26 24 26 25 24 25 27 25 26 26 27 26 28 26 28 27 27 27 29 27 29 28 27 28 30 28 29 29 30 29 31 29 31 30 30 30 32 30 32 31 30 31 33 31 32 32 33 32 34 32 34 33 33 33 35 33 34 34 35 34 36 34 37 35 38 35 35 35 35 36 38 36 39 36 35 37 39 37 36 37 2 38 40 38 0 38 0 39 40 39 41 39 0 40 41 40 37 40 37 41 41 41 42 41 37 42 42 42 38 42 43 43 44 43 45 43 5 44 4 44 46 44 45 45 44 45 47 45 48 46 49 46 41 46 41 47 49 47 50 47 41 48 50 48 42 48 42 49 50 49 38 49 38 50 50 50 51 50 38 51 51 51 39 51 39 52 51 52 52 52 39 53 52 53 36 53 44 54 53 54 47 54 47 55 53 55 54 55 47 56 54 56 55 56 55 57 54 57 56 57 55 58 56 58 57 58 56 59 58 59 57 59 57 60 58 60 59 60 57 61 59 61 60 61 60 62 59 62 61 62 36 63 52 63 34 63 34 64 52 64 62 64 34 65 62 65 32 65 32 66 62 66 63 66 32 67 63 67 31 67 61 68 64 68 60 68 60 69 64 69 65 69 60 70 65 70 66 70 67 71 28 71 63 71 63 72 28 72 29 72 63 73 29 73 31 73 65 74 68 74 66 74 66 75 68 75 69 75 66 76 69 76 70 76 69 77 71 77 70 77 70 78 71 78 72 78 70 79 72 79 73 79 72 80 74 80 73 80 73 81 74 81 75 81 73 82 75 82 76 82 76 83 75 83 77 83 76 84 77 84 78 84 79 85 22 85 80 85 80 86 22 86 23 86 80 87 23 87 81 87 81 88 23 88 25 88 81 89 25 89 67 89 67 90 25 90 26 90 67 91 26 91 28 91 82 92 19 92 79 92 79 93 19 93 83 93 79 94 83 94 22 94 77 95 84 95 78 95 78 96 84 96 85 96 78 97 85 97 86 97 85 98 87 98 86 98 86 99 87 99 88 99 86 100 88 100 89 100 89 101 88 101 90 101 89 102 90 102 91 102 92 103 13 103 93 103 93 104 13 104 14 104 93 105 14 105 94 105 94 106 14 106 16 106 94 107 16 107 82 107 82 108 16 108 17 108 82 109 17 109 19 109 90 110 95 110 91 110 91 111 95 111 96 111 91 112 96 112 97 112 98 113 6 113 92 113 92 114 6 114 11 114 92 115 11 115 13 115 96 116 99 116 97 116 97 117 99 117 100 117 97 118 100 118 101 118 101 119 100 119 102 119 101 120 102 120 103 120 46 121 4 121 104 121 4 122 10 122 104 122 104 123 10 123 9 123 104 124 9 124 98 124 98 125 9 125 7 125 98 126 7 126 6 126 49 127 105 127 50 127 50 128 105 128 106 128 50 129 106 129 51 129 51 130 106 130 107 130 51 131 107 131 52 131 52 132 107 132 108 132 52 133 108 133 62 133 62 134 108 134 109 134 62 135 109 135 63 135 63 136 109 136 110 136 63 137 110 137 67 137 67 138 110 138 111 138 67 139 111 139 81 139 81 140 111 140 112 140 81 141 112 141 80 141 80 142 112 142 113 142 80 143 113 143 79 143 79 144 113 144 114 144 79 145 114 145 82 145 82 146 114 146 115 146 82 147 115 147 94 147 94 148 115 148 116 148 94 149 116 149 93 149 93 150 116 150 117 150 93 151 117 151 92 151 92 152 117 152 118 152 92 153 118 153 98 153 98 154 118 154 119 154 98 155 119 155 104 155 104 156 119 156 120 156 104 157 120 157 46 157 46 158 120 158 121 158 105 159 122 159 106 159 106 160 122 160 123 160 106 161 123 161 107 161 107 162 123 162 124 162 107 163 124 163 108 163 108 164 124 164 125 164 108 165 125 165 109 165 109 166 125 166 126 166 109 167 126 167 110 167 110 167 126 167 127 167 110 168 127 168 111 168 111 169 127 169 128 169 111 170 128 170 112 170 112 171 128 171 129 171 112 172 129 172 113 172 113 173 129 173 130 173 113 174 130 174 114 174 114 175 130 175 131 175 114 176 131 176 115 176 115 177 131 177 132 177 115 178 132 178 116 178 116 179 132 179 133 179 116 180 133 180 117 180 117 181 133 181 134 181 117 182 134 182 118 182 118 183 134 183 135 183 118 184 135 184 119 184 119 185 135 185 136 185 119 186 136 186 120 186 120 187 136 187 137 187 120 188 137 188 121 188 121 189 137 189 138 189 122 190 139 190 123 190 123 191 139 191 140 191 123 192 140 192 124 192 124 193 140 193 141 193 124 194 141 194 125 194 125 195 141 195 142 195 125 196 142 196 126 196 126 197 142 197 143 197 126 167 143 167 127 167 127 167 143 167 144 167 127 198 144 198 128 198 128 199 144 199 145 199 128 200 145 200 129 200 129 201 145 201 146 201 129 202 146 202 130 202 130 203 146 203 147 203 130 204 147 204 131 204 131 205 147 205 148 205 131 206 148 206 132 206 132 207 148 207 149 207 132 208 149 208 133 208 133 209 149 209 150 209 133 210 150 210 134 210 134 211 150 211 151 211 134 212 151 212 135 212 135 213 151 213 152 213 135 214 152 214 136 214 136 215 152 215 153 215 136 216 153 216 137 216 137 217 153 217 154 217 137 218 154 218 138 218 138 219 154 219 155 219 139 220 156 220 140 220 140 221 156 221 157 221 140 222 157 222 141 222 141 223 157 223 158 223 141 224 158 224 142 224 142 225 158 225 159 225 142 226 159 226 143 226 143 227 159 227 160 227 143 167 160 167 144 167 144 228 160 228 161 228 144 229 161 229 145 229 145 230 161 230 162 230 145 231 162 231 146 231 146 232 162 232 163 232 146 233 163 233 147 233 147 234 163 234 164 234 147 235 164 235 148 235 148 236 164 236 165 236 148 237 165 237 149 237 149 238 165 238 166 238 149 239 166 239 150 239 150 240 166 240 167 240 150 241 167 241 151 241 151 242 167 242 168 242 151 243 168 243 152 243 152 244 168 244 169 244 152 185 169 185 153 185 153 185 169 185 170 185 153 245 170 245 154 245 154 246 170 246 171 246 154 247 171 247 155 247 155 248 171 248 172 248 156 249 173 249 157 249 157 250 173 250 174 250 157 251 174 251 158 251 158 252 174 252 175 252 158 253 175 253 159 253 159 254 175 254 176 254 159 255 176 255 160 255 160 256 176 256 177 256 160 167 177 167 161 167 161 167 177 167 178 167 161 257 178 257 162 257 162 258 178 258 179 258 162 259 179 259 163 259 163 260 179 260 180 260 163 261 180 261 164 261 164 262 180 262 181 262 164 263 181 263 165 263 165 264 181 264 182 264 165 265 182 265 166 265 166 266 182 266 183 266 166 267 183 267 167 267 167 268 183 268 184 268 167 269 184 269 168 269 168 270 184 270 185 270 168 271 185 271 169 271 169 272 185 272 186 272 169 273 186 273 170 273 170 185 186 185 187 185 170 274 187 274 171 274 171 275 187 275 188 275 171 276 188 276 172 276 172 277 188 277 189 277 173 278 190 278 174 278 174 279 190 279 191 279 174 280 191 280 175 280 175 281 191 281 192 281 175 282 192 282 176 282 176 283 192 283 193 283 176 284 193 284 177 284 177 285 193 285 194 285 177 167 194 167 178 167 178 167 194 167 195 167 178 286 195 286 179 286 179 287 195 287 196 287 179 288 196 288 180 288 180 289 196 289 197 289 180 290 197 290 181 290 181 291 197 291 198 291 181 292 198 292 182 292 182 293 198 293 199 293 182 294 199 294 183 294 183 295 199 295 200 295 183 296 200 296 184 296 184 297 200 297 201 297 184 298 201 298 185 298 185 299 201 299 202 299 185 300 202 300 186 300 186 301 202 301 203 301 186 185 203 185 187 185 187 185 203 185 204 185 187 302 204 302 188 302 188 303 204 303 205 303 188 304 205 304 189 304 189 305 205 305 206 305 190 306 207 306 191 306 191 307 207 307 208 307 191 308 208 308 192 308 192 309 208 309 209 309 192 310 209 310 193 310 193 311 209 311 210 311 193 312 210 312 194 312 194 313 210 313 211 313 194 167 211 167 195 167 195 167 211 167 212 167 195 314 212 314 196 314 196 315 212 315 213 315 196 316 213 316 197 316 197 317 213 317 214 317 197 318 214 318 198 318 198 319 214 319 215 319 198 320 215 320 199 320 199 321 215 321 216 321 199 322 216 322 200 322 200 323 216 323 217 323 200 324 217 324 201 324 201 325 217 325 218 325 201 326 218 326 202 326 202 327 218 327 219 327 202 328 219 328 203 328 203 329 219 329 220 329 203 185 220 185 204 185 204 185 220 185 221 185 204 330 221 330 205 330 205 331 221 331 222 331 205 332 222 332 206 332 206 333 222 333 223 333 207 334 224 334 208 334 208 335 224 335 225 335 208 336 225 336 209 336 209 337 225 337 226 337 209 338 226 338 210 338 210 339 226 339 227 339 210 340 227 340 211 340 211 341 227 341 228 341 211 167 228 167 212 167 212 167 228 167 229 167 212 342 229 342 213 342 213 343 229 343 230 343 213 344 230 344 214 344 214 345 230 345 231 345 214 346 231 346 215 346 215 347 231 347 232 347 215 348 232 348 216 348 216 349 232 349 233 349 216 350 233 350 217 350 217 351 233 351 234 351 217 352 234 352 218 352 218 353 234 353 235 353 218 354 235 354 219 354 219 355 235 355 236 355 219 356 236 356 220 356 220 357 236 357 237 357 220 185 237 185 221 185 221 185 237 185 238 185 221 358 238 358 222 358 222 359 238 359 239 359 222 360 239 360 223 360 223 361 239 361 240 361 224 362 241 362 225 362 225 363 241 363 242 363 225 364 242 364 226 364 226 365 242 365 243 365 226 366 243 366 227 366 227 367 243 367 244 367 227 368 244 368 228 368 228 369 244 369 245 369 228 167 245 167 229 167 229 370 245 370 246 370 229 371 246 371 230 371 230 372 246 372 247 372 230 373 247 373 231 373 231 374 247 374 248 374 231 375 248 375 232 375 232 376 248 376 249 376 232 377 249 377 233 377 233 378 249 378 250 378 233 379 250 379 234 379 234 380 250 380 251 380 234 381 251 381 235 381 235 382 251 382 252 382 235 383 252 383 236 383 236 384 252 384 253 384 236 385 253 385 237 385 237 386 253 386 254 386 237 185 254 185 238 185 238 387 254 387 255 387 238 388 255 388 239 388 239 389 255 389 256 389 239 390 256 390 240 390 240 391 256 391 257 391 241 392 45 392 242 392 242 393 45 393 47 393 242 394 47 394 243 394 243 395 47 395 55 395 243 396 55 396 244 396 244 397 55 397 57 397 244 398 57 398 245 398 245 399 57 399 60 399 245 400 60 400 246 400 246 401 60 401 66 401 246 402 66 402 247 402 247 403 66 403 70 403 247 404 70 404 248 404 248 405 70 405 73 405 248 406 73 406 249 406 249 407 73 407 76 407 249 408 76 408 250 408 250 409 76 409 78 409 250 410 78 410 251 410 251 411 78 411 86 411 251 412 86 412 252 412 252 413 86 413 89 413 252 414 89 414 253 414 253 415 89 415 91 415 253 416 91 416 254 416 254 417 91 417 97 417 254 185 97 185 255 185 255 418 97 418 101 418 255 419 101 419 256 419 256 420 101 420 103 420 256 421 103 421 257 421 257 422 103 422 258 422 48 423 2 423 259 423 259 424 2 424 5 424 102 425 260 425 103 425 103 426 260 426 261 426 103 427 261 427 258 427 258 428 261 428 262 428 258 429 262 429 263 429 5 430 46 430 259 430 259 431 46 431 121 431 259 432 121 432 264 432 264 433 121 433 138 433 264 434 138 434 265 434 265 435 138 435 155 435 265 436 155 436 266 436 266 437 155 437 172 437 266 438 172 438 267 438 267 439 172 439 189 439 267 440 189 440 268 440 268 441 189 441 206 441 268 442 206 442 269 442 269 443 206 443 223 443 269 444 223 444 270 444 270 445 223 445 240 445 270 446 240 446 271 446 271 447 240 447 257 447 271 448 257 448 272 448 272 449 257 449 258 449 272 450 258 450 273 450 273 451 258 451 263 451 273 452 263 452 274 452 48 453 259 453 49 453 49 454 259 454 264 454 49 455 264 455 105 455 105 456 264 456 265 456 105 457 265 457 122 457 122 458 265 458 266 458 122 459 266 459 139 459 139 460 266 460 267 460 139 461 267 461 156 461 156 462 267 462 268 462 156 463 268 463 173 463 173 464 268 464 269 464 173 465 269 465 190 465 190 466 269 466 270 466 190 467 270 467 207 467 207 468 270 468 271 468 207 469 271 469 224 469 224 470 271 470 272 470 224 471 272 471 241 471 241 472 272 472 273 472 241 473 273 473 45 473 45 474 273 474 274 474 45 475 274 475 43 475 275 476 102 476 276 476 276 477 102 477 100 477 276 478 100 478 277 478 277 479 100 479 99 479 277 480 99 480 278 480 278 481 99 481 96 481 278 482 96 482 279 482 279 482 96 482 95 482 279 483 95 483 280 483 280 484 95 484 90 484 280 485 90 485 281 485 281 486 90 486 88 486 281 487 88 487 282 487 282 488 88 488 87 488 282 489 87 489 283 489 283 489 87 489 85 489 283 490 85 490 284 490 284 490 85 490 285 490 284 491 285 491 286 491 286 491 285 491 77 491 286 492 77 492 287 492 287 492 77 492 75 492 287 493 75 493 288 493 288 494 75 494 74 494 288 495 74 495 289 495 289 495 74 495 72 495 289 496 72 496 290 496 290 497 72 497 71 497 290 498 71 498 291 498 291 498 71 498 69 498 291 499 69 499 292 499 292 500 69 500 68 500 292 501 68 501 293 501 293 502 68 502 65 502 293 503 65 503 294 503 294 504 65 504 64 504 294 505 64 505 295 505 295 506 64 506 61 506 295 507 61 507 296 507 296 507 61 507 59 507 296 508 59 508 297 508 297 509 59 509 58 509 297 510 58 510 298 510 298 510 58 510 56 510 298 511 56 511 299 511 299 512 56 512 54 512 299 513 54 513 300 513 300 513 54 513 53 513 300 514 53 514 301 514 301 514 53 514 302 514 301 515 302 515 303 515 303 515 302 515 43 515 303 516 43 516 304 516 304 516 43 516 274 516 304 517 274 517 305 517 305 518 274 518 263 518 305 519 263 519 306 519 306 520 263 520 262 520 306 521 262 521 307 521 307 522 262 522 261 522 307 523 261 523 308 523 308 523 261 523 260 523 308 524 260 524 275 524 275 525 260 525 102 525 303 526 304 526 309 526 310 527 311 527 312 527 313 528 314 528 315 528 316 529 317 529 318 529 319 530 297 530 320 530 320 531 297 531 298 531 320 532 298 532 321 532 318 533 322 533 316 533 316 534 322 534 323 534 316 535 323 535 324 535 324 536 323 536 325 536 324 537 325 537 314 537 314 538 325 538 326 538 314 539 326 539 315 539 327 540 295 540 319 540 319 541 295 541 296 541 319 542 296 542 297 542 328 543 293 543 327 543 327 544 293 544 294 544 327 545 294 545 295 545 329 546 330 546 331 546 331 547 330 547 313 547 331 548 313 548 332 548 332 549 313 549 315 549 333 550 291 550 328 550 328 551 291 551 292 551 328 552 292 552 293 552 329 553 334 553 330 553 330 554 334 554 335 554 330 555 335 555 336 555 337 556 289 556 333 556 333 557 289 557 290 557 333 558 290 558 291 558 335 559 338 559 336 559 336 560 338 560 339 560 336 561 339 561 340 561 340 562 339 562 341 562 340 563 341 563 342 563 343 564 287 564 337 564 337 565 287 565 288 565 337 566 288 566 289 566 341 567 344 567 342 567 342 568 344 568 345 568 342 569 345 569 346 569 347 570 283 570 348 570 348 571 283 571 349 571 348 572 349 572 343 572 343 573 349 573 286 573 343 574 286 574 287 574 345 575 350 575 346 575 346 576 350 576 351 576 346 577 351 577 352 577 352 578 351 578 353 578 352 579 353 579 354 579 355 580 281 580 347 580 347 581 281 581 282 581 347 582 282 582 283 582 353 583 356 583 354 583 354 584 356 584 357 584 354 585 357 585 358 585 359 586 278 586 360 586 360 587 278 587 279 587 360 588 279 588 355 588 355 589 279 589 280 589 355 590 280 590 281 590 357 591 361 591 358 591 358 592 361 592 362 592 358 593 362 593 363 593 364 594 276 594 359 594 359 595 276 595 277 595 359 596 277 596 278 596 365 597 308 597 364 597 364 598 308 598 275 598 364 599 275 599 276 599 366 600 367 600 321 600 321 601 367 601 368 601 321 602 368 602 320 602 320 603 368 603 369 603 320 604 369 604 319 604 319 605 369 605 370 605 319 606 370 606 327 606 327 607 370 607 371 607 327 167 371 167 328 167 328 608 371 608 372 608 328 609 372 609 333 609 333 610 372 610 373 610 333 611 373 611 337 611 337 612 373 612 374 612 337 613 374 613 343 613 343 614 374 614 375 614 343 615 375 615 348 615 348 616 375 616 376 616 348 617 376 617 347 617 347 618 376 618 377 618 347 619 377 619 355 619 355 620 377 620 378 620 355 621 378 621 360 621 360 622 378 622 379 622 360 623 379 623 359 623 359 624 379 624 380 624 359 625 380 625 364 625 364 626 380 626 381 626 364 627 381 627 365 627 365 628 381 628 382 628 365 629 382 629 383 629 367 630 384 630 368 630 368 631 384 631 385 631 368 632 385 632 369 632 369 633 385 633 386 633 369 634 386 634 370 634 370 635 386 635 387 635 370 636 387 636 371 636 371 637 387 637 388 637 371 167 388 167 372 167 372 167 388 167 389 167 372 638 389 638 373 638 373 639 389 639 390 639 373 640 390 640 374 640 374 641 390 641 391 641 374 642 391 642 375 642 375 643 391 643 392 643 375 644 392 644 376 644 376 645 392 645 393 645 376 646 393 646 377 646 377 647 393 647 394 647 377 648 394 648 378 648 378 649 394 649 395 649 378 650 395 650 379 650 379 651 395 651 396 651 379 652 396 652 380 652 380 653 396 653 397 653 380 185 397 185 381 185 381 185 397 185 398 185 381 654 398 654 382 654 382 655 398 655 399 655 384 656 400 656 385 656 385 657 400 657 401 657 385 658 401 658 386 658 386 659 401 659 402 659 386 660 402 660 387 660 387 661 402 661 403 661 387 662 403 662 388 662 388 663 403 663 404 663 388 167 404 167 389 167 389 167 404 167 405 167 389 664 405 664 390 664 390 665 405 665 406 665 390 666 406 666 391 666 391 667 406 667 407 667 391 668 407 668 392 668 392 669 407 669 408 669 392 670 408 670 393 670 393 671 408 671 409 671 393 672 409 672 394 672 394 673 409 673 410 673 394 674 410 674 395 674 395 675 410 675 411 675 395 676 411 676 396 676 396 677 411 677 412 677 396 678 412 678 397 678 397 679 412 679 413 679 397 185 413 185 398 185 398 185 413 185 414 185 398 680 414 680 399 680 399 681 414 681 415 681 400 682 416 682 401 682 401 683 416 683 417 683 401 684 417 684 402 684 402 685 417 685 418 685 402 686 418 686 403 686 403 687 418 687 419 687 403 688 419 688 404 688 404 689 419 689 420 689 404 167 420 167 405 167 405 167 420 167 421 167 405 690 421 690 406 690 406 691 421 691 422 691 406 692 422 692 407 692 407 693 422 693 423 693 407 694 423 694 408 694 408 695 423 695 424 695 408 696 424 696 409 696 409 697 424 697 425 697 409 698 425 698 410 698 410 699 425 699 426 699 410 700 426 700 411 700 411 701 426 701 427 701 411 702 427 702 412 702 412 703 427 703 428 703 412 704 428 704 413 704 413 705 428 705 429 705 413 185 429 185 414 185 414 185 429 185 430 185 414 706 430 706 415 706 415 707 430 707 431 707 416 708 432 708 417 708 417 709 432 709 433 709 417 710 433 710 418 710 418 711 433 711 434 711 418 712 434 712 419 712 419 713 434 713 435 713 419 714 435 714 420 714 420 715 435 715 436 715 420 167 436 167 421 167 421 167 436 167 437 167 421 716 437 716 422 716 422 717 437 717 438 717 422 718 438 718 423 718 423 719 438 719 439 719 423 720 439 720 424 720 424 721 439 721 440 721 424 722 440 722 425 722 425 723 440 723 441 723 425 724 441 724 426 724 426 725 441 725 442 725 426 726 442 726 427 726 427 727 442 727 443 727 427 728 443 728 428 728 428 729 443 729 444 729 428 730 444 730 429 730 429 731 444 731 445 731 429 185 445 185 430 185 430 185 445 185 446 185 430 732 446 732 431 732 431 733 446 733 447 733 432 734 448 734 433 734 433 735 448 735 449 735 433 736 449 736 434 736 434 737 449 737 450 737 434 738 450 738 435 738 435 739 450 739 451 739 435 740 451 740 436 740 436 741 451 741 452 741 436 742 452 742 437 742 437 167 452 167 453 167 437 743 453 743 438 743 438 744 453 744 454 744 438 745 454 745 439 745 439 746 454 746 455 746 439 747 455 747 440 747 440 748 455 748 456 748 440 749 456 749 441 749 441 750 456 750 457 750 441 751 457 751 442 751 442 752 457 752 458 752 442 753 458 753 443 753 443 754 458 754 459 754 443 755 459 755 444 755 444 756 459 756 460 756 444 757 460 757 445 757 445 758 460 758 461 758 445 185 461 185 446 185 446 185 461 185 462 185 446 759 462 759 447 759 447 760 462 760 463 760 448 761 464 761 449 761 449 762 464 762 465 762 449 763 465 763 450 763 450 764 465 764 466 764 450 765 466 765 451 765 451 766 466 766 467 766 451 767 467 767 452 767 452 768 467 768 468 768 452 167 468 167 453 167 453 167 468 167 469 167 453 769 469 769 454 769 454 770 469 770 470 770 454 771 470 771 455 771 455 772 470 772 471 772 455 773 471 773 456 773 456 774 471 774 472 774 456 775 472 775 457 775 457 776 472 776 473 776 457 777 473 777 458 777 458 778 473 778 474 778 458 779 474 779 459 779 459 780 474 780 475 780 459 781 475 781 460 781 460 782 475 782 476 782 460 783 476 783 461 783 461 784 476 784 477 784 461 185 477 185 462 185 462 785 477 785 478 785 462 786 478 786 463 786 463 787 478 787 479 787 464 788 480 788 465 788 465 789 480 789 481 789 465 790 481 790 466 790 466 791 481 791 482 791 466 792 482 792 467 792 467 793 482 793 483 793 467 794 483 794 468 794 468 795 483 795 484 795 468 796 484 796 469 796 469 797 484 797 485 797 469 798 485 798 470 798 470 799 485 799 486 799 470 800 486 800 471 800 471 801 486 801 487 801 471 802 487 802 472 802 472 803 487 803 488 803 472 804 488 804 473 804 473 805 488 805 489 805 473 806 489 806 474 806 474 807 489 807 490 807 474 808 490 808 475 808 475 809 490 809 491 809 475 810 491 810 476 810 476 811 491 811 492 811 476 812 492 812 477 812 477 813 492 813 493 813 477 185 493 185 478 185 478 185 493 185 494 185 478 814 494 814 479 814 479 815 494 815 495 815 480 816 496 816 481 816 481 817 496 817 497 817 481 818 497 818 482 818 482 819 497 819 498 819 482 820 498 820 483 820 483 821 498 821 499 821 483 822 499 822 484 822 484 823 499 823 500 823 484 824 500 824 485 824 485 167 500 167 501 167 485 825 501 825 486 825 486 826 501 826 502 826 486 827 502 827 487 827 487 828 502 828 503 828 487 829 503 829 488 829 488 830 503 830 504 830 488 831 504 831 489 831 489 832 504 832 505 832 489 833 505 833 490 833 490 834 505 834 506 834 490 835 506 835 491 835 491 836 506 836 507 836 491 837 507 837 492 837 492 838 507 838 508 838 492 839 508 839 493 839 493 840 508 840 509 840 493 185 509 185 494 185 494 185 509 185 510 185 494 841 510 841 495 841 495 842 510 842 511 842 496 843 317 843 497 843 497 844 317 844 316 844 497 845 316 845 498 845 498 846 316 846 324 846 498 847 324 847 499 847 499 848 324 848 314 848 499 849 314 849 500 849 500 850 314 850 313 850 500 851 313 851 501 851 501 167 313 167 330 167 501 852 330 852 502 852 502 853 330 853 336 853 502 854 336 854 503 854 503 855 336 855 340 855 503 856 340 856 504 856 504 857 340 857 342 857 504 858 342 858 505 858 505 859 342 859 346 859 505 860 346 860 506 860 506 861 346 861 352 861 506 862 352 862 507 862 507 863 352 863 354 863 507 864 354 864 508 864 508 865 354 865 358 865 508 866 358 866 509 866 509 867 358 867 363 867 509 868 363 868 510 868 510 185 363 185 512 185 510 869 512 869 511 869 511 870 512 870 513 870 362 871 514 871 363 871 363 872 514 872 515 872 363 873 515 873 512 873 512 874 515 874 516 874 512 875 516 875 513 875 513 876 516 876 517 876 513 877 517 877 518 877 383 878 382 878 519 878 519 879 382 879 399 879 519 880 399 880 520 880 520 881 399 881 415 881 520 882 415 882 521 882 521 883 415 883 431 883 521 884 431 884 522 884 522 885 431 885 447 885 522 886 447 886 523 886 523 887 447 887 463 887 523 888 463 888 524 888 524 889 463 889 479 889 524 890 479 890 525 890 525 891 479 891 495 891 525 892 495 892 526 892 526 893 495 893 511 893 526 894 511 894 527 894 527 895 511 895 513 895 527 896 513 896 528 896 528 897 513 897 518 897 528 898 518 898 529 898 304 899 305 899 383 899 383 900 305 900 306 900 383 901 306 901 365 901 365 902 306 902 307 902 365 903 307 903 308 903 304 904 383 904 309 904 309 905 383 905 519 905 309 906 519 906 530 906 530 907 519 907 520 907 530 908 520 908 531 908 531 909 520 909 521 909 531 910 521 910 532 910 532 911 521 911 522 911 532 912 522 912 533 912 533 913 522 913 523 913 533 914 523 914 534 914 534 915 523 915 524 915 534 916 524 916 535 916 535 917 524 917 525 917 535 918 525 918 536 918 536 919 525 919 526 919 536 920 526 920 537 920 537 921 526 921 527 921 537 922 527 922 538 922 538 923 527 923 528 923 538 924 528 924 312 924 312 925 528 925 529 925 312 926 529 926 310 926 298 927 299 927 321 927 321 928 299 928 300 928 321 929 300 929 366 929 366 930 300 930 539 930 366 931 539 931 303 931 303 932 309 932 366 932 366 933 309 933 530 933 366 934 530 934 367 934 367 935 530 935 531 935 367 936 531 936 384 936 384 937 531 937 532 937 384 938 532 938 400 938 400 939 532 939 533 939 400 940 533 940 416 940 416 941 533 941 534 941 416 942 534 942 432 942 432 943 534 943 535 943 432 944 535 944 448 944 448 945 535 945 536 945 448 946 536 946 464 946 464 947 536 947 537 947 464 948 537 948 480 948 480 949 537 949 538 949 480 950 538 950 496 950 496 951 538 951 312 951 496 952 312 952 317 952 317 953 312 953 311 953 317 954 311 954 318 954 540 955 322 955 541 955 541 956 322 956 542 956 541 957 542 957 543 957 543 958 542 958 311 958 543 959 311 959 544 959 544 960 311 960 310 960 544 961 310 961 545 961 545 962 310 962 529 962 545 963 529 963 546 963 546 964 529 964 518 964 546 965 518 965 547 965 547 966 518 966 517 966 547 967 517 967 548 967 548 968 517 968 516 968 548 969 516 969 549 969 549 969 516 969 515 969 549 970 515 970 550 970 550 971 515 971 514 971 550 972 514 972 551 972 551 973 514 973 362 973 551 974 362 974 552 974 552 974 362 974 361 974 552 975 361 975 553 975 553 976 361 976 357 976 553 977 357 977 554 977 554 978 357 978 356 978 554 979 356 979 555 979 555 979 356 979 353 979 555 980 353 980 556 980 556 981 353 981 351 981 556 982 351 982 557 982 557 983 351 983 558 983 557 984 558 984 559 984 559 985 558 985 345 985 559 986 345 986 560 986 560 987 345 987 344 987 560 988 344 988 561 988 561 988 344 988 341 988 561 989 341 989 562 989 562 990 341 990 339 990 562 991 339 991 563 991 563 992 339 992 338 992 563 993 338 993 564 993 564 993 338 993 335 993 564 994 335 994 565 994 565 995 335 995 334 995 565 996 334 996 566 996 566 996 334 996 329 996 566 997 329 997 567 997 567 998 329 998 331 998 567 999 331 999 568 999 568 999 331 999 332 999 568 1000 332 1000 569 1000 569 1001 332 1001 315 1001 569 1002 315 1002 570 1002 570 1003 315 1003 326 1003 570 1004 326 1004 571 1004 571 1005 326 1005 325 1005 571 1006 325 1006 572 1006 572 1007 325 1007 323 1007 572 1008 323 1008 540 1008 540 1009 323 1009 322 1009 573 1010 574 1010 575 1010 544 1011 545 1011 576 1011 577 1012 578 1012 579 1012 580 1013 581 1013 540 1013 540 1014 581 1014 582 1014 540 1015 582 1015 572 1015 583 1016 584 1016 585 1016 583 1017 585 1017 586 1017 586 1018 585 1018 587 1018 586 1019 587 1019 578 1019 578 1020 587 1020 588 1020 578 1021 588 1021 579 1021 572 1022 582 1022 571 1022 571 1023 582 1023 589 1023 571 1024 589 1024 570 1024 570 1025 589 1025 590 1025 570 1026 590 1026 569 1026 579 1027 591 1027 577 1027 577 1028 591 1028 592 1028 577 1029 592 1029 593 1029 569 1030 590 1030 568 1030 568 1031 590 1031 594 1031 568 1032 594 1032 567 1032 567 1033 594 1033 595 1033 567 1034 595 1034 566 1034 592 1035 596 1035 593 1035 593 1036 596 1036 597 1036 593 1037 597 1037 598 1037 599 1038 564 1038 595 1038 595 1039 564 1039 565 1039 595 1040 565 1040 566 1040 597 1041 600 1041 598 1041 598 1042 600 1042 601 1042 598 1043 601 1043 602 1043 602 1044 601 1044 603 1044 602 1045 603 1045 604 1045 605 1046 562 1046 599 1046 599 1047 562 1047 563 1047 599 1048 563 1048 564 1048 603 1049 606 1049 604 1049 604 1050 606 1050 607 1050 604 1051 607 1051 608 1051 609 1052 559 1052 610 1052 610 1053 559 1053 560 1053 610 1054 560 1054 605 1054 605 1055 560 1055 561 1055 605 1056 561 1056 562 1056 607 1057 611 1057 608 1057 608 1058 611 1058 612 1058 608 1059 612 1059 613 1059 613 1060 612 1060 614 1060 613 1061 614 1061 615 1061 616 1062 556 1062 609 1062 609 1063 556 1063 617 1063 609 1064 617 1064 559 1064 614 1065 618 1065 615 1065 615 1066 618 1066 619 1066 615 1067 619 1067 620 1067 621 1068 553 1068 622 1068 622 1069 553 1069 554 1069 622 1070 554 1070 616 1070 616 1071 554 1071 555 1071 616 1072 555 1072 556 1072 619 1073 623 1073 620 1073 620 1074 623 1074 624 1074 620 1075 624 1075 625 1075 626 1076 551 1076 621 1076 621 1077 551 1077 552 1077 621 1078 552 1078 553 1078 624 1079 627 1079 625 1079 625 1080 627 1080 628 1080 625 1081 628 1081 629 1081 629 1082 628 1082 630 1082 629 1083 630 1083 631 1083 632 1084 549 1084 626 1084 626 1085 549 1085 550 1085 626 1086 550 1086 551 1086 581 1087 633 1087 582 1087 582 1088 633 1088 634 1088 582 1089 634 1089 589 1089 589 1090 634 1090 635 1090 589 1091 635 1091 590 1091 590 1092 635 1092 636 1092 590 1093 636 1093 594 1093 594 1094 636 1094 637 1094 594 1095 637 1095 595 1095 595 1096 637 1096 638 1096 595 1097 638 1097 599 1097 599 1098 638 1098 639 1098 599 1099 639 1099 605 1099 605 1100 639 1100 640 1100 605 1101 640 1101 610 1101 610 1102 640 1102 641 1102 610 1103 641 1103 609 1103 609 1104 641 1104 642 1104 609 1105 642 1105 616 1105 616 1106 642 1106 643 1106 616 1107 643 1107 622 1107 622 1108 643 1108 644 1108 622 1109 644 1109 621 1109 621 1110 644 1110 645 1110 621 1111 645 1111 626 1111 626 1112 645 1112 646 1112 626 1113 646 1113 632 1113 632 1114 646 1114 647 1114 632 1115 647 1115 648 1115 648 1116 647 1116 649 1116 633 1117 650 1117 634 1117 634 1118 650 1118 651 1118 634 1119 651 1119 635 1119 635 1120 651 1120 652 1120 635 1121 652 1121 636 1121 636 1122 652 1122 653 1122 636 1123 653 1123 637 1123 637 1124 653 1124 654 1124 637 167 654 167 638 167 638 167 654 167 655 167 638 1125 655 1125 639 1125 639 1126 655 1126 656 1126 639 1127 656 1127 640 1127 640 1128 656 1128 657 1128 640 1129 657 1129 641 1129 641 1130 657 1130 658 1130 641 1131 658 1131 642 1131 642 1132 658 1132 659 1132 642 1133 659 1133 643 1133 643 1134 659 1134 660 1134 643 1135 660 1135 644 1135 644 1136 660 1136 661 1136 644 1137 661 1137 645 1137 645 1138 661 1138 662 1138 645 1139 662 1139 646 1139 646 1140 662 1140 663 1140 646 1141 663 1141 647 1141 647 185 663 185 664 185 647 1142 664 1142 649 1142 649 1143 664 1143 665 1143 650 1144 666 1144 651 1144 651 1145 666 1145 667 1145 651 1146 667 1146 652 1146 652 1147 667 1147 668 1147 652 1148 668 1148 653 1148 653 1149 668 1149 669 1149 653 1150 669 1150 654 1150 654 1151 669 1151 670 1151 654 167 670 167 655 167 655 167 670 167 671 167 655 1152 671 1152 656 1152 656 1153 671 1153 672 1153 656 1154 672 1154 657 1154 657 1155 672 1155 673 1155 657 1156 673 1156 658 1156 658 1157 673 1157 674 1157 658 1158 674 1158 659 1158 659 1159 674 1159 675 1159 659 1160 675 1160 660 1160 660 1161 675 1161 676 1161 660 1162 676 1162 661 1162 661 1163 676 1163 677 1163 661 1164 677 1164 662 1164 662 1165 677 1165 678 1165 662 1166 678 1166 663 1166 663 1167 678 1167 679 1167 663 1168 679 1168 664 1168 664 1169 679 1169 680 1169 664 1170 680 1170 665 1170 665 1171 680 1171 681 1171 666 1172 682 1172 667 1172 667 1173 682 1173 683 1173 667 1174 683 1174 668 1174 668 1175 683 1175 684 1175 668 1176 684 1176 669 1176 669 1177 684 1177 685 1177 669 1178 685 1178 670 1178 670 1179 685 1179 686 1179 670 167 686 167 671 167 671 1180 686 1180 687 1180 671 1181 687 1181 672 1181 672 1182 687 1182 688 1182 672 1183 688 1183 673 1183 673 1184 688 1184 689 1184 673 1185 689 1185 674 1185 674 1186 689 1186 690 1186 674 1187 690 1187 675 1187 675 1188 690 1188 691 1188 675 1189 691 1189 676 1189 676 1190 691 1190 692 1190 676 1191 692 1191 677 1191 677 1192 692 1192 693 1192 677 1193 693 1193 678 1193 678 1194 693 1194 694 1194 678 1195 694 1195 679 1195 679 1196 694 1196 695 1196 679 185 695 185 680 185 680 185 695 185 696 185 680 1197 696 1197 681 1197 681 1198 696 1198 697 1198 682 1199 698 1199 683 1199 683 1200 698 1200 699 1200 683 1201 699 1201 684 1201 684 1202 699 1202 700 1202 684 1203 700 1203 685 1203 685 1204 700 1204 701 1204 685 1205 701 1205 686 1205 686 1206 701 1206 702 1206 686 167 702 167 687 167 687 167 702 167 703 167 687 1207 703 1207 688 1207 688 1208 703 1208 704 1208 688 1209 704 1209 689 1209 689 1210 704 1210 705 1210 689 1211 705 1211 690 1211 690 1212 705 1212 706 1212 690 1213 706 1213 691 1213 691 1214 706 1214 707 1214 691 1215 707 1215 692 1215 692 1216 707 1216 708 1216 692 1217 708 1217 693 1217 693 1218 708 1218 709 1218 693 1219 709 1219 694 1219 694 1220 709 1220 710 1220 694 1221 710 1221 695 1221 695 1222 710 1222 711 1222 695 153 711 153 696 153 696 185 711 185 712 185 696 1223 712 1223 697 1223 697 1224 712 1224 713 1224 698 1225 714 1225 699 1225 699 1226 714 1226 715 1226 699 1227 715 1227 700 1227 700 1228 715 1228 716 1228 700 1229 716 1229 701 1229 701 1230 716 1230 717 1230 701 1231 717 1231 702 1231 702 1232 717 1232 718 1232 702 167 718 167 703 167 703 167 718 167 719 167 703 1233 719 1233 704 1233 704 1234 719 1234 720 1234 704 1235 720 1235 705 1235 705 1236 720 1236 721 1236 705 1237 721 1237 706 1237 706 1238 721 1238 722 1238 706 1239 722 1239 707 1239 707 1240 722 1240 723 1240 707 1241 723 1241 708 1241 708 1242 723 1242 724 1242 708 1243 724 1243 709 1243 709 1244 724 1244 725 1244 709 1245 725 1245 710 1245 710 1246 725 1246 726 1246 710 1247 726 1247 711 1247 711 1248 726 1248 727 1248 711 185 727 185 712 185 712 185 727 185 728 185 712 1249 728 1249 713 1249 713 1250 728 1250 729 1250 714 1251 730 1251 715 1251 715 1252 730 1252 731 1252 715 1253 731 1253 716 1253 716 1254 731 1254 732 1254 716 1255 732 1255 717 1255 717 1256 732 1256 733 1256 717 1257 733 1257 718 1257 718 1258 733 1258 734 1258 718 167 734 167 719 167 719 167 734 167 735 167 719 1259 735 1259 720 1259 720 1260 735 1260 736 1260 720 1261 736 1261 721 1261 721 1262 736 1262 737 1262 721 1263 737 1263 722 1263 722 1264 737 1264 738 1264 722 1265 738 1265 723 1265 723 1266 738 1266 739 1266 723 1267 739 1267 724 1267 724 1268 739 1268 740 1268 724 1269 740 1269 725 1269 725 1270 740 1270 741 1270 725 1271 741 1271 726 1271 726 1272 741 1272 742 1272 726 1273 742 1273 727 1273 727 1274 742 1274 743 1274 727 185 743 185 728 185 728 185 743 185 744 185 728 1275 744 1275 729 1275 729 1276 744 1276 745 1276 730 1277 746 1277 731 1277 731 1278 746 1278 747 1278 731 1279 747 1279 732 1279 732 1280 747 1280 748 1280 732 1281 748 1281 733 1281 733 1282 748 1282 749 1282 733 1283 749 1283 734 1283 734 1284 749 1284 750 1284 734 167 750 167 735 167 735 167 750 167 751 167 735 1285 751 1285 736 1285 736 1286 751 1286 752 1286 736 1287 752 1287 737 1287 737 1288 752 1288 753 1288 737 1289 753 1289 738 1289 738 1290 753 1290 754 1290 738 1291 754 1291 739 1291 739 1292 754 1292 755 1292 739 1293 755 1293 740 1293 740 1294 755 1294 756 1294 740 1295 756 1295 741 1295 741 1296 756 1296 757 1296 741 1297 757 1297 742 1297 742 1298 757 1298 758 1298 742 1299 758 1299 743 1299 743 1300 758 1300 759 1300 743 185 759 185 744 185 744 185 759 185 760 185 744 1301 760 1301 745 1301 745 1302 760 1302 761 1302 746 1303 762 1303 747 1303 747 1304 762 1304 763 1304 747 1305 763 1305 748 1305 748 1306 763 1306 764 1306 748 1307 764 1307 749 1307 749 1308 764 1308 765 1308 749 1309 765 1309 750 1309 750 1310 765 1310 766 1310 750 167 766 167 751 167 751 1311 766 1311 767 1311 751 1312 767 1312 752 1312 752 1313 767 1313 768 1313 752 1314 768 1314 753 1314 753 1315 768 1315 769 1315 753 1316 769 1316 754 1316 754 1317 769 1317 770 1317 754 1318 770 1318 755 1318 755 1319 770 1319 771 1319 755 1320 771 1320 756 1320 756 1321 771 1321 772 1321 756 1322 772 1322 757 1322 757 1323 772 1323 773 1323 757 1324 773 1324 758 1324 758 1325 773 1325 774 1325 758 1326 774 1326 759 1326 759 1327 774 1327 775 1327 759 185 775 185 760 185 760 1328 775 1328 776 1328 760 1329 776 1329 761 1329 761 1330 776 1330 777 1330 762 1331 583 1331 763 1331 763 1332 583 1332 586 1332 763 1333 586 1333 764 1333 764 1334 586 1334 578 1334 764 1335 578 1335 765 1335 765 1336 578 1336 577 1336 765 1337 577 1337 766 1337 766 1338 577 1338 593 1338 766 1339 593 1339 767 1339 767 1340 593 1340 598 1340 767 1341 598 1341 768 1341 768 1342 598 1342 602 1342 768 1343 602 1343 769 1343 769 1344 602 1344 604 1344 769 1345 604 1345 770 1345 770 1346 604 1346 608 1346 770 1347 608 1347 771 1347 771 1348 608 1348 613 1348 771 1349 613 1349 772 1349 772 1350 613 1350 615 1350 772 1351 615 1351 773 1351 773 1352 615 1352 620 1352 773 1353 620 1353 774 1353 774 1354 620 1354 625 1354 774 1355 625 1355 775 1355 775 1356 625 1356 629 1356 775 185 629 185 776 185 776 1357 629 1357 631 1357 776 1358 631 1358 777 1358 777 1359 631 1359 778 1359 545 1360 546 1360 648 1360 648 1361 546 1361 547 1361 648 1362 547 1362 632 1362 632 1363 547 1363 548 1363 632 1364 548 1364 549 1364 630 185 779 185 631 185 631 1365 779 1365 780 1365 631 1366 780 1366 778 1366 778 1367 780 1367 781 1367 778 1368 781 1368 782 1368 545 1369 648 1369 576 1369 576 1370 648 1370 649 1370 576 1371 649 1371 783 1371 783 1372 649 1372 665 1372 783 1373 665 1373 784 1373 784 1374 665 1374 681 1374 784 1375 681 1375 785 1375 785 1376 681 1376 697 1376 785 1377 697 1377 786 1377 786 1378 697 1378 713 1378 786 1379 713 1379 787 1379 787 1380 713 1380 729 1380 787 1381 729 1381 788 1381 788 1382 729 1382 745 1382 788 1383 745 1383 789 1383 789 1384 745 1384 761 1384 789 1385 761 1385 790 1385 790 1386 761 1386 777 1386 790 1387 777 1387 791 1387 791 1388 777 1388 778 1388 791 1389 778 1389 792 1389 792 1390 778 1390 782 1390 792 1391 782 1391 793 1391 580 1392 543 1392 794 1392 794 1393 543 1393 544 1393 544 1394 576 1394 794 1394 794 1395 576 1395 783 1395 794 1396 783 1396 795 1396 795 1397 783 1397 784 1397 795 1398 784 1398 796 1398 796 1399 784 1399 785 1399 796 1400 785 1400 797 1400 797 1401 785 1401 786 1401 797 1402 786 1402 798 1402 798 1403 786 1403 787 1403 798 1404 787 1404 799 1404 799 1405 787 1405 788 1405 799 1406 788 1406 800 1406 800 1407 788 1407 789 1407 800 1408 789 1408 801 1408 801 1409 789 1409 790 1409 801 1410 790 1410 802 1410 802 1411 790 1411 791 1411 802 1412 791 1412 803 1412 803 1413 791 1413 792 1413 803 1414 792 1414 575 1414 575 1415 792 1415 793 1415 575 1416 793 1416 573 1416 580 1417 794 1417 581 1417 581 1418 794 1418 795 1418 581 1419 795 1419 633 1419 633 1420 795 1420 796 1420 633 1421 796 1421 650 1421 650 1422 796 1422 797 1422 650 1423 797 1423 666 1423 666 1424 797 1424 798 1424 666 1425 798 1425 682 1425 682 1426 798 1426 799 1426 682 1427 799 1427 698 1427 698 1428 799 1428 800 1428 698 1429 800 1429 714 1429 714 1430 800 1430 801 1430 714 1431 801 1431 730 1431 730 1432 801 1432 802 1432 730 1433 802 1433 746 1433 746 1434 802 1434 803 1434 746 1435 803 1435 762 1435 762 1436 803 1436 575 1436 762 1437 575 1437 583 1437 583 1438 575 1438 574 1438 583 1439 574 1439 584 1439 600 1440 804 1440 601 1440 601 1441 804 1441 805 1441 601 1442 805 1442 603 1442 603 1442 805 1442 806 1442 603 1443 806 1443 606 1443 606 1444 806 1444 807 1444 606 1445 807 1445 607 1445 607 1446 807 1446 808 1446 607 1447 808 1447 611 1447 611 1448 808 1448 809 1448 611 1449 809 1449 612 1449 612 1449 809 1449 810 1449 612 1450 810 1450 811 1450 811 1450 810 1450 812 1450 811 1451 812 1451 618 1451 618 1451 812 1451 813 1451 618 1452 813 1452 619 1452 619 1452 813 1452 814 1452 619 1453 814 1453 623 1453 623 1454 814 1454 815 1454 623 1455 815 1455 624 1455 624 1455 815 1455 816 1455 624 1456 816 1456 627 1456 627 1457 816 1457 817 1457 627 1458 817 1458 628 1458 628 1458 817 1458 818 1458 628 1459 818 1459 630 1459 630 1460 818 1460 819 1460 630 185 819 185 779 185 779 185 819 185 820 185 779 1461 820 1461 780 1461 780 1462 820 1462 821 1462 780 1463 821 1463 781 1463 781 1463 821 1463 822 1463 781 1464 822 1464 782 1464 782 1465 822 1465 823 1465 782 1466 823 1466 793 1466 793 1466 823 1466 824 1466 793 1467 824 1467 573 1467 573 1468 824 1468 825 1468 573 1469 825 1469 574 1469 574 1469 825 1469 826 1469 574 1470 826 1470 827 1470 827 1470 826 1470 828 1470 827 1471 828 1471 585 1471 585 1471 828 1471 829 1471 585 1472 829 1472 587 1472 587 1472 829 1472 830 1472 587 1473 830 1473 588 1473 588 1474 830 1474 831 1474 588 1475 831 1475 579 1475 579 1476 831 1476 832 1476 579 1477 832 1477 591 1477 591 1478 832 1478 833 1478 591 1479 833 1479 592 1479 592 1479 833 1479 834 1479 592 1480 834 1480 596 1480 596 1481 834 1481 835 1481 596 1482 835 1482 597 1482 597 1483 835 1483 836 1483 597 1484 836 1484 600 1484 600 1485 836 1485 804 1485 837 1486 838 1486 839 1486 825 1487 824 1487 840 1487 841 1488 842 1488 843 1488 844 1489 831 1489 845 1489 845 1490 831 1490 830 1490 845 1491 830 1491 846 1491 846 1492 830 1492 829 1492 846 1493 829 1493 847 1493 848 1494 833 1494 844 1494 844 1495 833 1495 832 1495 844 1496 832 1496 831 1496 843 1497 849 1497 841 1497 841 1498 849 1498 850 1498 841 1499 850 1499 851 1499 851 1500 850 1500 852 1500 851 1501 852 1501 853 1501 852 1502 854 1502 853 1502 853 1503 854 1503 855 1503 853 1504 855 1504 856 1504 856 1505 855 1505 857 1505 858 1506 836 1506 859 1506 859 1507 836 1507 835 1507 859 1508 835 1508 848 1508 848 1509 835 1509 834 1509 848 1510 834 1510 833 1510 857 1511 860 1511 856 1511 856 1512 860 1512 861 1512 856 1513 861 1513 862 1513 863 1514 805 1514 858 1514 858 1515 805 1515 804 1515 858 1516 804 1516 836 1516 861 1517 864 1517 862 1517 862 1518 864 1518 865 1518 862 1519 865 1519 866 1519 866 1520 865 1520 867 1520 866 1521 867 1521 868 1521 868 1522 867 1522 869 1522 868 1523 869 1523 870 1523 871 1524 808 1524 872 1524 872 1525 808 1525 807 1525 872 1526 807 1526 863 1526 863 1527 807 1527 806 1527 863 1528 806 1528 805 1528 873 1529 810 1529 871 1529 871 1530 810 1530 809 1530 871 1531 809 1531 808 1531 869 1532 874 1532 870 1532 870 1533 874 1533 875 1533 870 1534 875 1534 876 1534 877 1535 814 1535 878 1535 878 1536 814 1536 813 1536 878 1537 813 1537 873 1537 873 1538 813 1538 879 1538 873 1539 879 1539 810 1539 875 1540 880 1540 876 1540 876 1541 880 1541 881 1541 876 1542 881 1542 882 1542 882 1543 881 1543 883 1543 882 1544 883 1544 884 1544 884 1545 883 1545 885 1545 884 1546 885 1546 886 1546 887 1547 816 1547 877 1547 877 1548 816 1548 815 1548 877 1549 815 1549 814 1549 888 1550 818 1550 887 1550 887 1551 818 1551 817 1551 887 1552 817 1552 816 1552 885 1553 889 1553 886 1553 886 1554 889 1554 890 1554 886 1555 890 1555 891 1555 892 1556 820 1556 888 1556 888 185 820 185 819 185 888 1557 819 1557 818 1557 846 1558 893 1558 845 1558 845 1559 893 1559 894 1559 845 1560 894 1560 844 1560 844 1561 894 1561 895 1561 844 1562 895 1562 848 1562 848 1563 895 1563 896 1563 848 1564 896 1564 859 1564 859 1565 896 1565 897 1565 859 167 897 167 858 167 858 1566 897 1566 898 1566 858 1567 898 1567 863 1567 863 1568 898 1568 899 1568 863 1569 899 1569 872 1569 872 1570 899 1570 900 1570 872 1571 900 1571 871 1571 871 1572 900 1572 901 1572 871 1573 901 1573 873 1573 873 1574 901 1574 902 1574 873 1575 902 1575 878 1575 878 1576 902 1576 903 1576 878 1577 903 1577 877 1577 877 1578 903 1578 904 1578 877 1579 904 1579 887 1579 887 1580 904 1580 905 1580 887 1581 905 1581 888 1581 888 1582 905 1582 906 1582 888 1583 906 1583 892 1583 892 1584 906 1584 907 1584 892 1585 907 1585 908 1585 908 1586 907 1586 909 1586 893 1587 910 1587 894 1587 894 1588 910 1588 911 1588 894 1589 911 1589 895 1589 895 1590 911 1590 912 1590 895 1591 912 1591 896 1591 896 1592 912 1592 913 1592 896 1593 913 1593 897 1593 897 1594 913 1594 914 1594 897 167 914 167 898 167 898 167 914 167 915 167 898 1595 915 1595 899 1595 899 1596 915 1596 916 1596 899 1597 916 1597 900 1597 900 1598 916 1598 917 1598 900 1599 917 1599 901 1599 901 1600 917 1600 918 1600 901 1601 918 1601 902 1601 902 1602 918 1602 919 1602 902 1603 919 1603 903 1603 903 1604 919 1604 920 1604 903 1605 920 1605 904 1605 904 1606 920 1606 921 1606 904 1607 921 1607 905 1607 905 1608 921 1608 922 1608 905 1609 922 1609 906 1609 906 1610 922 1610 923 1610 906 185 923 185 907 185 907 185 923 185 924 185 907 1611 924 1611 909 1611 909 1612 924 1612 925 1612 910 1613 926 1613 911 1613 911 1614 926 1614 927 1614 911 1615 927 1615 912 1615 912 1616 927 1616 928 1616 912 1617 928 1617 913 1617 913 1618 928 1618 929 1618 913 1619 929 1619 914 1619 914 1620 929 1620 930 1620 914 167 930 167 915 167 915 167 930 167 931 167 915 1621 931 1621 916 1621 916 1622 931 1622 932 1622 916 1623 932 1623 917 1623 917 1624 932 1624 933 1624 917 1625 933 1625 918 1625 918 1626 933 1626 934 1626 918 1627 934 1627 919 1627 919 1628 934 1628 935 1628 919 1629 935 1629 920 1629 920 1630 935 1630 936 1630 920 1631 936 1631 921 1631 921 1632 936 1632 937 1632 921 1633 937 1633 922 1633 922 1634 937 1634 938 1634 922 1635 938 1635 923 1635 923 1636 938 1636 939 1636 923 185 939 185 924 185 924 185 939 185 940 185 924 1637 940 1637 925 1637 925 1638 940 1638 941 1638 926 1639 942 1639 927 1639 927 1640 942 1640 943 1640 927 1641 943 1641 928 1641 928 1642 943 1642 944 1642 928 1643 944 1643 929 1643 929 1644 944 1644 945 1644 929 1645 945 1645 930 1645 930 1646 945 1646 946 1646 930 167 946 167 931 167 931 167 946 167 947 167 931 1647 947 1647 932 1647 932 1648 947 1648 948 1648 932 1649 948 1649 933 1649 933 1650 948 1650 949 1650 933 1651 949 1651 934 1651 934 1652 949 1652 950 1652 934 1653 950 1653 935 1653 935 1654 950 1654 951 1654 935 1655 951 1655 936 1655 936 1656 951 1656 952 1656 936 1657 952 1657 937 1657 937 1658 952 1658 953 1658 937 1659 953 1659 938 1659 938 1660 953 1660 954 1660 938 1661 954 1661 939 1661 939 1662 954 1662 955 1662 939 185 955 185 940 185 940 185 955 185 956 185 940 1663 956 1663 941 1663 941 1664 956 1664 957 1664 942 1665 958 1665 943 1665 943 1666 958 1666 959 1666 943 1667 959 1667 944 1667 944 1668 959 1668 960 1668 944 1669 960 1669 945 1669 945 1670 960 1670 961 1670 945 1671 961 1671 946 1671 946 1672 961 1672 962 1672 946 167 962 167 947 167 947 167 962 167 963 167 947 1673 963 1673 948 1673 948 1674 963 1674 964 1674 948 1675 964 1675 949 1675 949 1676 964 1676 965 1676 949 1677 965 1677 950 1677 950 1678 965 1678 966 1678 950 1679 966 1679 951 1679 951 1680 966 1680 967 1680 951 1681 967 1681 952 1681 952 1682 967 1682 968 1682 952 1683 968 1683 953 1683 953 1684 968 1684 969 1684 953 1685 969 1685 954 1685 954 1686 969 1686 970 1686 954 1687 970 1687 955 1687 955 1688 970 1688 971 1688 955 185 971 185 956 185 956 185 971 185 972 185 956 1689 972 1689 957 1689 957 1690 972 1690 973 1690 958 1691 974 1691 959 1691 959 1692 974 1692 975 1692 959 1693 975 1693 960 1693 960 1694 975 1694 976 1694 960 1695 976 1695 961 1695 961 1696 976 1696 977 1696 961 1697 977 1697 962 1697 962 1698 977 1698 978 1698 962 1699 978 1699 963 1699 963 167 978 167 979 167 963 1700 979 1700 964 1700 964 1701 979 1701 980 1701 964 1702 980 1702 965 1702 965 1703 980 1703 981 1703 965 1704 981 1704 966 1704 966 1705 981 1705 982 1705 966 1706 982 1706 967 1706 967 1707 982 1707 983 1707 967 1708 983 1708 968 1708 968 1709 983 1709 984 1709 968 1710 984 1710 969 1710 969 1711 984 1711 985 1711 969 1712 985 1712 970 1712 970 1713 985 1713 986 1713 970 1714 986 1714 971 1714 971 1715 986 1715 987 1715 971 185 987 185 972 185 972 185 987 185 988 185 972 1716 988 1716 973 1716 973 1717 988 1717 989 1717 974 1718 990 1718 975 1718 975 1719 990 1719 991 1719 975 1720 991 1720 976 1720 976 1721 991 1721 992 1721 976 1722 992 1722 977 1722 977 1723 992 1723 993 1723 977 1724 993 1724 978 1724 978 1725 993 1725 994 1725 978 167 994 167 979 167 979 167 994 167 995 167 979 1726 995 1726 980 1726 980 1727 995 1727 996 1727 980 1728 996 1728 981 1728 981 1729 996 1729 997 1729 981 1730 997 1730 982 1730 982 1731 997 1731 998 1731 982 1732 998 1732 983 1732 983 1733 998 1733 999 1733 983 1734 999 1734 984 1734 984 1735 999 1735 1000 1735 984 1736 1000 1736 985 1736 985 1737 1000 1737 1001 1737 985 1738 1001 1738 986 1738 986 1739 1001 1739 1002 1739 986 1740 1002 1740 987 1740 987 1741 1002 1741 1003 1741 987 185 1003 185 988 185 988 1742 1003 1742 1004 1742 988 1743 1004 1743 989 1743 989 1744 1004 1744 1005 1744 990 1745 1006 1745 991 1745 991 1746 1006 1746 1007 1746 991 1747 1007 1747 992 1747 992 1748 1007 1748 1008 1748 992 1749 1008 1749 993 1749 993 1750 1008 1750 1009 1750 993 1751 1009 1751 994 1751 994 1752 1009 1752 1010 1752 994 1753 1010 1753 995 1753 995 1754 1010 1754 1011 1754 995 1755 1011 1755 996 1755 996 1756 1011 1756 1012 1756 996 1757 1012 1757 997 1757 997 1758 1012 1758 1013 1758 997 1759 1013 1759 998 1759 998 1760 1013 1760 1014 1760 998 1761 1014 1761 999 1761 999 1762 1014 1762 1015 1762 999 1763 1015 1763 1000 1763 1000 1764 1015 1764 1016 1764 1000 1765 1016 1765 1001 1765 1001 1766 1016 1766 1017 1766 1001 1767 1017 1767 1002 1767 1002 1768 1017 1768 1018 1768 1002 1769 1018 1769 1003 1769 1003 1770 1018 1770 1019 1770 1003 185 1019 185 1004 185 1004 185 1019 185 1020 185 1004 1771 1020 1771 1005 1771 1005 1772 1020 1772 1021 1772 1006 1773 1022 1773 1007 1773 1007 1774 1022 1774 1023 1774 1007 1775 1023 1775 1008 1775 1008 1776 1023 1776 1024 1776 1008 1777 1024 1777 1009 1777 1009 1778 1024 1778 1025 1778 1009 1779 1025 1779 1010 1779 1010 1780 1025 1780 1026 1780 1010 1781 1026 1781 1011 1781 1011 167 1026 167 1027 167 1011 1782 1027 1782 1012 1782 1012 1783 1027 1783 1028 1783 1012 1784 1028 1784 1013 1784 1013 1785 1028 1785 1029 1785 1013 1786 1029 1786 1014 1786 1014 1787 1029 1787 1030 1787 1014 1788 1030 1788 1015 1788 1015 1789 1030 1789 1031 1789 1015 1790 1031 1790 1016 1790 1016 1791 1031 1791 1032 1791 1016 1792 1032 1792 1017 1792 1017 1793 1032 1793 1033 1793 1017 1794 1033 1794 1018 1794 1018 1795 1033 1795 1034 1795 1018 1796 1034 1796 1019 1796 1019 1797 1034 1797 1035 1797 1019 185 1035 185 1020 185 1020 185 1035 185 1036 185 1020 1798 1036 1798 1021 1798 1021 1799 1036 1799 1037 1799 1022 1800 842 1800 1023 1800 1023 1801 842 1801 841 1801 1023 1802 841 1802 1024 1802 1024 1803 841 1803 851 1803 1024 1804 851 1804 1025 1804 1025 1805 851 1805 853 1805 1025 1806 853 1806 1026 1806 1026 1807 853 1807 856 1807 1026 1808 856 1808 1027 1808 1027 167 856 167 862 167 1027 1809 862 1809 1028 1809 1028 1810 862 1810 866 1810 1028 1811 866 1811 1029 1811 1029 1812 866 1812 868 1812 1029 1813 868 1813 1030 1813 1030 1814 868 1814 870 1814 1030 1815 870 1815 1031 1815 1031 1816 870 1816 876 1816 1031 1817 876 1817 1032 1817 1032 1818 876 1818 882 1818 1032 1819 882 1819 1033 1819 1033 1820 882 1820 884 1820 1033 1821 884 1821 1034 1821 1034 1822 884 1822 886 1822 1034 1823 886 1823 1035 1823 1035 1824 886 1824 891 1824 1035 1825 891 1825 1036 1825 1036 185 891 185 1038 185 1036 1826 1038 1826 1037 1826 1037 1827 1038 1827 1039 1827 824 1828 823 1828 908 1828 908 1829 823 1829 822 1829 908 1830 822 1830 892 1830 892 1831 822 1831 821 1831 892 1832 821 1832 820 1832 890 1833 1040 1833 891 1833 891 1834 1040 1834 1041 1834 891 1835 1041 1835 1038 1835 1038 1836 1041 1836 1042 1836 1038 1837 1042 1837 1039 1837 1039 1838 1042 1838 1043 1838 1039 1839 1043 1839 1044 1839 824 1840 908 1840 840 1840 840 1841 908 1841 909 1841 840 1842 909 1842 1045 1842 1045 1843 909 1843 925 1843 1045 1844 925 1844 1046 1844 1046 1845 925 1845 941 1845 1046 1846 941 1846 1047 1846 1047 1847 941 1847 957 1847 1047 1848 957 1848 1048 1848 1048 1849 957 1849 973 1849 1048 1850 973 1850 1049 1850 1049 1851 973 1851 989 1851 1049 1852 989 1852 1050 1852 1050 1853 989 1853 1005 1853 1050 1854 1005 1854 1051 1854 1051 1855 1005 1855 1021 1855 1051 1856 1021 1856 1052 1856 1052 1857 1021 1857 1037 1857 1052 1858 1037 1858 1053 1858 1053 1859 1037 1859 1039 1859 1053 1860 1039 1860 1054 1860 1054 1861 1039 1861 1044 1861 1054 1862 1044 1862 1055 1862 847 1863 826 1863 1056 1863 1056 1864 826 1864 825 1864 825 1865 840 1865 1056 1865 1056 1866 840 1866 1045 1866 1056 1867 1045 1867 1057 1867 1057 1868 1045 1868 1046 1868 1057 1869 1046 1869 1058 1869 1058 1870 1046 1870 1047 1870 1058 1871 1047 1871 1059 1871 1059 1872 1047 1872 1048 1872 1059 1873 1048 1873 1060 1873 1060 1874 1048 1874 1049 1874 1060 1875 1049 1875 1061 1875 1061 1876 1049 1876 1050 1876 1061 1877 1050 1877 1062 1877 1062 1878 1050 1878 1051 1878 1062 1879 1051 1879 1063 1879 1063 1880 1051 1880 1052 1880 1063 1881 1052 1881 1064 1881 1064 1882 1052 1882 1053 1882 1064 1883 1053 1883 1065 1883 1065 1884 1053 1884 1054 1884 1065 1885 1054 1885 839 1885 839 1886 1054 1886 1055 1886 839 1887 1055 1887 837 1887 847 1888 1056 1888 846 1888 846 1889 1056 1889 1057 1889 846 1890 1057 1890 893 1890 893 1891 1057 1891 1058 1891 893 1892 1058 1892 910 1892 910 1893 1058 1893 1059 1893 910 1894 1059 1894 926 1894 926 1895 1059 1895 1060 1895 926 1896 1060 1896 942 1896 942 1897 1060 1897 1061 1897 942 1898 1061 1898 958 1898 958 1899 1061 1899 1062 1899 958 1900 1062 1900 974 1900 974 1901 1062 1901 1063 1901 974 1902 1063 1902 990 1902 990 1903 1063 1903 1064 1903 990 1904 1064 1904 1006 1904 1006 1905 1064 1905 1065 1905 1006 1906 1065 1906 1022 1906 1022 1907 1065 1907 839 1907 1022 1908 839 1908 842 1908 842 1909 839 1909 838 1909 842 1910 838 1910 843 1910 838 1911 1 1911 0 1911 838 1912 837 1912 1 1912 1 1913 837 1913 1055 1913 1 1914 1055 1914 3 1914 1042 1915 8 1915 1043 1915 1043 1916 8 1916 3 1916 1043 1917 3 1917 1044 1917 1044 1918 3 1918 1055 1918 1042 1919 1041 1919 8 1919 8 1920 1041 1920 1040 1920 8 1921 1040 1921 12 1921 1040 1922 890 1922 12 1922 12 1923 890 1923 889 1923 12 1924 889 1924 15 1924 889 1925 885 1925 15 1925 15 1926 885 1926 883 1926 15 1927 883 1927 18 1927 883 1928 881 1928 18 1928 18 18 881 18 1066 18 18 1929 1066 1929 21 1929 1066 20 875 20 21 20 21 1930 875 1930 874 1930 21 1931 874 1931 24 1931 874 1932 869 1932 24 1932 24 1933 869 1933 867 1933 24 1934 867 1934 27 1934 27 1935 867 1935 865 1935 27 1936 865 1936 30 1936 860 1937 33 1937 861 1937 861 1938 33 1938 30 1938 861 29 30 29 864 29 864 1939 30 1939 865 1939 860 1940 857 1940 33 1940 33 1941 857 1941 855 1941 33 1942 855 1942 35 1942 855 1943 854 1943 35 1943 35 1944 854 1944 852 1944 35 1945 852 1945 37 1945 852 1946 850 1946 37 1946 37 1947 850 1947 849 1947 37 1948 849 1948 0 1948 0 39 849 39 1067 39 0 38 1067 38 838 38</p>
        </triangles>
      </mesh>
    </geometry>
  </library_geometries>
  <library_visual_scenes>
    <visual_scene id="Scene" name="Scene">
      <node id="link_3" name="link_3" type="NODE">
        <matrix sid="transform">1 0 0 0 0 1 0 0 0 0 1 0 0 0 0 1</matrix>
        <instance_geometry url="#link_3-mesh" name="link_3"/>
      </node>
      <node id="Camera" name="Camera" type="NODE">
        <matrix sid="transform">0.6859207 -0.3240135 0.6515582 7.358891 0.7276763 0.3054208 -0.6141704 -6.925791 0 0.8953956 0.4452714 4.958309 0 0 0 1</matrix>
        <instance_camera url="#Camera-camera"/>
      </node>
      <node id="Light" name="Light" type="NODE">
        <matrix sid="transform">-0.2908646 -0.7711008 0.5663932 4.076245 0.9551712 -0.1998834 0.2183912 1.005454 -0.05518906 0.6045247 0.7946723 5.903862 0 0 0 1</matrix>
        <instance_light url="#Light-light"/>
      </node>
    </visual_scene>
  </library_visual_scenes>
  <scene>
    <instance_visual_scene url="#Scene"/>
  </scene>
</COLLADA>