<?xml version="1.0" encoding="utf-8"?>
<COLLADA xmlns="http://www.collada.org/2005/11/COLLADASchema" version="1.4.1" xmlns:xsi="http://www.w3.org/2001/XMLSchema-instance">
  <asset>
    <contributor>
      <author>Blender User</author>
      <authoring_tool>Blender 3.0.1</authoring_tool>
    </contributor>
    <created>2025-05-26T00:12:58</created>
    <modified>2025-05-26T00:12:58</modified>
    <unit name="meter" meter="1"/>
    <up_axis>Z_UP</up_axis>
  </asset>
  <library_cameras>
    <camera id="Camera-camera" name="Camera">
      <optics>
        <technique_common>
          <perspective>
            <xfov sid="xfov">39.59775</xfov>
            <aspect_ratio>1.777778</aspect_ratio>
            <znear sid="znear">0.1</znear>
            <zfar sid="zfar">100</zfar>
          </perspective>
        </technique_common>
      </optics>
      <extra>
        <technique profile="blender">
          <shiftx sid="shiftx" type="float">0</shiftx>
          <shifty sid="shifty" type="float">0</shifty>
          <dof_distance sid="dof_distance" type="float">10</dof_distance>
        </technique>
      </extra>
    </camera>
  </library_cameras>
  <library_lights>
    <light id="Light-light" name="Light">
      <technique_common>
        <point>
          <color sid="color">1000 1000 1000</color>
          <constant_attenuation>1</constant_attenuation>
          <linear_attenuation>0</linear_attenuation>
          <quadratic_attenuation>0.00111109</quadratic_attenuation>
        </point>
      </technique_common>
      <extra>
        <technique profile="blender">
          <type sid="type" type="int">0</type>
          <flag sid="flag" type="int">0</flag>
          <mode sid="mode" type="int">1</mode>
          <gamma sid="blender_gamma" type="float">1</gamma>
          <red sid="red" type="float">1</red>
          <green sid="green" type="float">1</green>
          <blue sid="blue" type="float">1</blue>
          <shadow_r sid="blender_shadow_r" type="float">0</shadow_r>
          <shadow_g sid="blender_shadow_g" type="float">0</shadow_g>
          <shadow_b sid="blender_shadow_b" type="float">0</shadow_b>
          <energy sid="blender_energy" type="float">1000</energy>
          <dist sid="blender_dist" type="float">29.99998</dist>
          <spotsize sid="spotsize" type="float">75</spotsize>
          <spotblend sid="spotblend" type="float">0.15</spotblend>
          <att1 sid="att1" type="float">0</att1>
          <att2 sid="att2" type="float">1</att2>
          <falloff_type sid="falloff_type" type="int">2</falloff_type>
          <clipsta sid="clipsta" type="float">0.04999995</clipsta>
          <clipend sid="clipend" type="float">30.002</clipend>
          <bias sid="bias" type="float">1</bias>
          <soft sid="soft" type="float">3</soft>
          <bufsize sid="bufsize" type="int">2880</bufsize>
          <samp sid="samp" type="int">3</samp>
          <buffers sid="buffers" type="int">1</buffers>
          <area_shape sid="area_shape" type="int">1</area_shape>
          <area_size sid="area_size" type="float">0.1</area_size>
          <area_sizey sid="area_sizey" type="float">0.1</area_sizey>
          <area_sizez sid="area_sizez" type="float">1</area_sizez>
        </technique>
      </extra>
    </light>
  </library_lights>
  <library_images/>
  <library_geometries>
    <geometry id="link_2-mesh" name="link_2">
      <mesh>
        <source id="link_2-mesh-positions">
          <float_array id="link_2-mesh-positions-array" count="3741">-0.002638399 -0.002709269 -0.006993532 -0.003011882 -0.001401782 -0.007367789 -0.003291904 -0.004999995 -0.007727682 -0.003122448 0 -0.007499992 -0.003011941 0.001401364 -0.007367849 -0.003291904 0.004999995 -0.007727682 -0.002638399 0.002709269 -0.006993532 -0.00230807 0.003303825 -0.006733059 0.002638399 0.002709269 -0.006993532 0.003012359 0.001398861 -0.007368385 0.003291904 0.004999995 -0.007727682 0.003122448 0 -0.007499992 0.003012299 -0.001399278 -0.007368266 0.003291904 -0.004999995 -0.007727682 0.002638399 -0.002709269 -0.006993532 0.002306878 -0.003305554 -0.006732225 -0.002307474 -0.003304719 -0.006732642 -0.002571105 -0.004999995 -0.006935775 -0.00185889 -0.003813385 -0.006458163 -0.00185889 -0.004999995 -0.006458163 -0.001012861 -0.004320681 -0.006130337 -0.001368045 -0.004999995 -0.006241202 0 -0.004499971 -0.005999982 0 -0.004999995 -0.005999982 0.001012265 -0.004320919 -0.006130158 0.001368045 -0.004999995 -0.006241202 0.00185889 -0.003813385 -0.006458163 0.00185889 -0.004999995 -0.006458163 0.002571105 -0.004999995 -0.006935775 0.002306103 0.003306627 -0.006731688 0.002571105 0.004999995 -0.006935775 0.00185889 0.003813385 -0.006458163 0.00185889 0.004999995 -0.006458163 0.00101298 0.004320621 -0.006130397 0.001368045 0.004999995 -0.006241202 0 0.004499971 -0.005999982 0 0.004999995 -0.005999982 -0.001013219 0.004320561 -0.006130456 -0.001368045 0.004999995 -0.006241202 -0.00185889 0.003813385 -0.006458163 -0.00185889 0.004999995 -0.006458163 -0.002571105 0.004999995 -0.006935775 -0.003464043 -0.004999995 -0.007999956 -0.003464043 0.004999995 -0.007999956 -0.003939211 -0.004999995 -0.009305357 -0.003939211 0.004999995 -0.009305357 -0.003970801 -0.004999995 -0.009517848 -0.003970801 0.004999995 -0.009517848 -0.003939211 -0.004999995 -0.01069456 -0.003939211 0.004999995 -0.01069456 -0.003740012 -0.004999995 -0.0114184 -0.003740012 0.004999995 -0.0114184 -0.003464043 -0.004999995 -0.01199996 -0.003464043 0.004999995 -0.01199996 -0.002652466 -0.004999995 -0.01299399 -0.002652466 0.004999995 -0.01299399 -0.002571105 -0.004999995 -0.01306414 -0.002571105 0.004999995 -0.01306414 -0.001368045 -0.004999995 -0.01375871 -0.001368045 0.004999995 -0.01375871 -9.57263e-4 -0.004999995 -0.01388376 -9.57263e-4 0.004999995 -0.01388376 0 -0.004999995 -0.01399999 0 0.004999995 -0.01399999 9.57263e-4 -0.004999995 -0.01388376 9.57263e-4 0.004999995 -0.01388376 0.001368045 -0.004999995 -0.01375871 0.001368045 0.004999995 -0.01375871 0.002571105 -0.004999995 -0.01306414 0.002571105 0.004999995 -0.01306414 0.002652466 -0.004999995 -0.01299399 0.002652466 0.004999995 -0.01299399 0.003464043 -0.004999995 -0.01199996 0.003464043 0.004999995 -0.01199996 0.003740012 -0.004999995 -0.0114184 0.003740012 0.004999995 -0.0114184 0.003939211 -0.004999995 -0.01069456 0.003939211 0.004999995 -0.01069456 0.003970801 -0.004999995 -0.009517848 0.003970801 0.004999995 -0.009517848 0.003939211 -0.004999995 -0.009305357 0.003939211 0.004999995 -0.009305357 0.003464043 -0.004999995 -0.007999956 0.003464043 0.004999995 -0.007999956 -0.00169444 0.003948211 0.0714246 -0.001873493 0.003800272 0.07151389 -0.00185889 0.004999995 0.0715062 -0.002571105 0.004999995 0.07198381 -0.00230509 0.003308117 0.07177901 -0.003291904 0.004999995 0.07277572 -0.002634942 0.002717018 0.07203853 -0.003015816 0.001378118 0.07242029 -0.003122448 4.71426e-7 0.07254797 -0.003015816 -0.001378118 0.07242029 -0.003291904 -0.004999995 0.07277572 -0.002761423 -0.002398371 0.07215416 -0.002305328 -0.003307759 0.07177919 -0.002571105 -0.004999995 0.07198381 -0.00185889 -0.004999995 0.0715062 -9.08572e-4 0.004357099 0.07115256 -0.001368045 0.004999995 0.07128924 0 0.004499971 0.07104802 0 0.004999995 0.07104802 9.08101e-4 0.004357218 0.07115244 0.001368045 0.004999995 0.07128924 0.001652777 0.003979027 0.07140541 0.00185889 0.004999995 0.0715062 0.00185889 0.003813385 0.0715062 0.00185889 -0.004999995 0.0715062 0.001873433 -0.003800332 0.07151389 0.002571105 -0.004999995 0.07198381 0.002303361 -0.00331062 0.07177776 0.003291904 -0.004999995 0.07277572 0.002634406 -0.002718269 0.07203805 0.003015816 -0.001378118 0.07242029 0.003122448 -3.54961e-7 0.07254797 0.003015816 0.001378118 0.07242029 0.003291904 0.004999995 0.07277572 0.002761065 0.002399444 0.0721538 0.002304434 0.003309071 0.07177853 0.002571105 0.004999995 0.07198381 -0.00185889 -0.003813385 0.0715062 -0.001652777 -0.003979027 0.07140547 -0.001368045 -0.004999995 0.07128924 -9.08249e-4 -0.004357159 0.0711525 0 -0.004999995 0.07104802 0 -0.004499971 0.07104802 0.001368045 -0.004999995 0.07128924 9.08368e-4 -0.004357159 0.0711525 0.00169444 -0.003948211 0.0714246 -0.003464043 0.004999995 0.07304799 -0.003464043 -0.004999995 0.07304799 -0.003939211 0.004999995 0.07435339 -0.003939211 -0.004999995 0.07435339 -0.003970801 0.004999995 0.07456582 -0.003970801 -0.004999995 0.07456582 -0.003939211 0.004999995 0.0757426 -0.003939211 -0.004999995 0.0757426 -0.003740012 0.004999995 0.07646644 -0.003740012 -0.004999995 0.07646644 -0.003464043 0.004999995 0.077048 -0.003464043 -0.004999995 0.077048 -0.002652466 0.004999995 0.07804203 -0.002652466 -0.004999995 0.07804203 -0.002571105 0.004999995 0.07811218 -0.002571105 -0.004999995 0.07811218 -0.001368045 0.004999995 0.07880675 -0.001368045 -0.004999995 0.07880675 -9.57263e-4 0.004999995 0.07893174 -9.57263e-4 -0.004999995 0.07893174 0 0.004999995 0.07904797 0 -0.004999995 0.07904797 9.57263e-4 0.004999995 0.07893174 9.57263e-4 -0.004999995 0.07893174 0.001368045 0.004999995 0.07880675 0.001368045 -0.004999995 0.07880675 0.002571105 0.004999995 0.07811218 0.002571105 -0.004999995 0.07811218 0.002652466 0.004999995 0.07804203 0.002652466 -0.004999995 0.07804203 0.003464043 0.004999995 0.077048 0.003464043 -0.004999995 0.077048 0.003740012 0.004999995 0.07646644 0.003740012 -0.004999995 0.07646644 0.003939211 0.004999995 0.0757426 0.003939211 -0.004999995 0.0757426 0.003970801 0.004999995 0.07456582 0.003970801 -0.004999995 0.07456582 0.003939211 0.004999995 0.07435339 0.003939211 -0.004999995 0.07435339 0.003464043 0.004999995 0.07304799 0.003464043 -0.004999995 0.07304799 0.001368045 0.0237652 0.012524 0.00185889 0.02398216 0.03252398 0 0.02352398 0.03252398 0.00185889 0.02398216 0.012524 0.002571105 0.02445983 0.012524 0.003291904 0.02525174 0.03252398 0.003939211 0.02682942 0.012524 0.003970801 0.02704185 0.03252398 0.003464043 0.02552396 0.012524 0.003291904 0.02525174 0.012524 0.003970801 0.02704185 0.012524 0.003939211 0.02821856 0.012524 0.003740012 0.0289424 0.03252398 0.003740012 0.0289424 0.012524 0.003464043 0.02952396 0.012524 0.002652466 0.03051805 0.03252398 0.002571105 0.03058815 0.012524 0.001368045 0.03128278 0.012524 9.57263e-4 0.03140777 0.03252398 9.57263e-4 0.03140777 0.012524 0 0.031524 0.03252398 0 0.031524 0.012524 -9.57263e-4 0.03140777 0.03252398 -9.57263e-4 0.03140777 0.012524 -0.001368045 0.03128278 0.012524 -0.002652466 0.03051805 0.03252398 -0.002571105 0.03058815 0.012524 -0.003464043 0.02952396 0.012524 -0.003740012 0.0289424 0.03252398 -0.003970801 0.02704185 0.012524 -0.003970801 0.02704185 0.03252398 -0.003939211 0.02821856 0.012524 -0.003740012 0.0289424 0.012524 -0.003939211 0.02682942 0.012524 -0.003464043 0.02552396 0.012524 -0.003291904 0.02525174 0.03252398 -0.003291904 0.02525174 0.012524 -0.002571105 0.02445983 0.012524 -0.00185889 0.02398216 0.03252398 -0.00185889 0.02398216 0.012524 -0.001368045 0.0237652 0.012524 0 0.02352398 0.012524 0.001368045 0.02360469 0.01007461 0.002571105 0.007539987 -0.006769299 -0.003939211 0.02664262 0.009674668 -0.003464043 0.02534842 0.009845077 -0.001368045 0.02360469 0.01007461 0 0.02336549 0.01010608 0 0.02352398 0.012524 0 0.004999995 -0.005999982 0 0.007417857 -0.005841493 -0.001368045 0.007449328 -0.006080687 -0.003464043 0.007678866 -0.007824361 -0.002571105 0.007539987 -0.006769299 -0.002571105 0.0242933 0.009983956 -0.003939211 0.008030593 -0.0104959 -0.003939211 0.007849276 -0.009118616 -0.003939211 0.02801996 0.00949335 -0.003464043 0.008201003 -0.01179015 -0.002571105 0.008339881 -0.01284521 -0.003464043 0.02931416 0.009322941 -0.002571105 0.03036928 0.009184062 -0.001368045 0.03105789 0.009093403 0 0.008462071 -0.01377308 -0.001368045 0.00843054 -0.01353389 0 0.03129708 0.009061932 0.001368045 0.00843054 -0.01353389 0 0.004999995 -0.01399999 0 0.031524 0.012524 0.001368045 0.03105789 0.009093403 0.002571105 0.03036928 0.009184062 0.003464043 0.02931416 0.009322941 0.003464043 0.008201003 -0.01179015 0.002571105 0.008339881 -0.01284521 0.003939211 0.008030593 -0.0104959 0.003939211 0.02801996 0.00949335 0.003939211 0.007849276 -0.009118616 0 0.009794354 -0.005368769 -0.001368045 0.00985676 -0.005601763 -0.002571105 0.01003652 -0.006272733 -0.003464043 0.01031196 -0.007300615 -0.003939211 0.01064985 -0.008561551 -0.003939211 0.01100939 -0.00990343 -0.003464043 0.01134723 -0.01116436 -0.002571105 0.01162266 -0.01219224 -0.001368045 0.01180243 -0.01286315 0 0.0118649 -0.01309621 0.001368045 0.01180243 -0.01286315 0.002571105 0.01162266 -0.01219224 0.003464043 0.01134723 -0.01116436 0.003939211 0.01100939 -0.00990343 0.003939211 0.01064985 -0.008561551 0.003464043 0.007678866 -0.007824361 0.003464043 0.01031196 -0.007300615 0 0.01208883 -0.004589915 -0.001368045 0.0121811 -0.004812777 -0.002571105 0.01244693 -0.00545448 -0.003464043 0.01285415 -0.006437659 -0.003939211 0.0133537 -0.007643699 -0.003939211 0.01388537 -0.008927166 -0.003464043 0.01438492 -0.0101332 -0.002571105 0.01479214 -0.01111638 -0.001368045 0.01505798 -0.01175808 0 0.01515024 -0.01198095 0.001368045 0.01505798 -0.01175808 0.002571105 0.01479214 -0.01111638 0.003464043 0.01438492 -0.0101332 0.003939211 0.01388537 -0.008927166 0.003939211 0.0133537 -0.007643699 0.003464043 0.01285415 -0.006437659 0 0.01426196 -0.003518223 -0.001368045 0.0143826 -0.003727138 -0.002571105 0.01472991 -0.004328668 -0.003464043 0.015262 -0.005250275 -0.003939211 0.01591467 -0.006380796 -0.003939211 0.01660925 -0.007583856 -0.003464043 0.01726198 -0.008714377 -0.002571105 0.01779407 -0.009635984 -0.001368045 0.01814138 -0.01023751 0 0.01826196 -0.01044642 0.001368045 0.01814138 -0.01023751 0.002571105 0.01779407 -0.009635984 0.003464043 0.01726198 -0.008714377 0.003939211 0.01660925 -0.007583856 0.003939211 0.01591467 -0.006380796 0.003464043 0.015262 -0.005250275 0 0.01627665 -0.002172052 -0.001368045 0.01642352 -0.002363443 -0.002571105 0.01684635 -0.002914488 -0.003464043 0.0174942 -0.003758728 -0.003939211 0.01828891 -0.004794418 -0.003939211 0.01913458 -0.005896508 -0.003464043 0.01992923 -0.006932139 -0.002571105 0.02057707 -0.007776439 -0.001368045 0.0209999 -0.008327484 0 0.02114677 -0.008518874 0.001368045 0.0209999 -0.008327484 0.002571105 0.02057707 -0.007776439 0.003464043 0.01992923 -0.006932139 0.003939211 0.01913458 -0.005896508 0.003939211 0.01828891 -0.004794418 0.003464043 0.0174942 -0.003758728 0 0.01809841 -5.74441e-4 -0.001368045 0.018269 -7.45019e-4 -0.002571105 0.01876014 -0.00123614 -0.003464043 0.01951265 -0.001988649 -0.003939211 0.02043569 -0.002911686 -0.003939211 0.02141803 -0.003893971 -0.003464043 0.02234107 -0.004817068 -0.002571105 0.02309358 -0.005569517 -0.001368045 0.02358472 -0.006060719 0 0.02375531 -0.006231248 0.001368045 0.02358472 -0.006060719 0.002571105 0.02309358 -0.005569517 0.003464043 0.02234107 -0.004817068 0.003939211 0.02141803 -0.003893971 0.003939211 0.02043569 -0.002911686 0.003464043 0.01951265 -0.001988649 0 0.01969605 0.001247286 -0.001368045 0.01988744 0.00110042 -0.002571105 0.02043849 6.77614e-4 -0.003464043 0.02128279 2.97858e-5 -0.003939211 0.02231842 -7.64897e-4 -0.003939211 0.02342051 -0.001610577 -0.003464043 0.0244562 -0.002405226 -0.002571105 0.02530044 -0.003053069 -0.001368045 0.02585148 -0.003475904 0 0.02604287 -0.00362277 0.001368045 0.02585148 -0.003475904 0.002571105 0.02530044 -0.003053069 0.003464043 0.0244562 -0.002405226 0.003939211 0.02342051 -0.001610577 0.003939211 0.02231842 -7.64897e-4 0.003464043 0.02128279 2.97858e-5 0 0.02104222 0.003261983 -0.001368045 0.02125114 0.003141343 -0.002571105 0.02185267 0.002794086 -0.003464043 0.02277427 0.002261996 -0.003939211 0.0239048 0.001609265 -0.003939211 0.02510786 9.1471e-4 -0.003464043 0.02623838 2.62006e-4 -0.002571105 0.02715998 -2.70085e-4 -0.001368045 0.02776151 -6.17379e-4 0 0.02797043 -7.37996e-4 0.001368045 0.02776151 -6.17379e-4 0.002571105 0.02715998 -2.70085e-4 0.003464043 0.02623838 2.62006e-4 0.003939211 0.02510786 9.1471e-4 0.003939211 0.0239048 0.001609265 0.003464043 0.02277427 0.002261996 0 0.02211391 0.005435168 -0.001368045 0.02233678 0.005342841 -0.002571105 0.02297854 0.005077004 -0.003464043 0.02396166 0.004669785 -0.003939211 0.0251677 0.004170238 -0.003939211 0.02645117 0.003638625 -0.003464043 0.02765721 0.003139019 -0.002571105 0.02864038 0.0027318 -0.001368045 0.02928209 0.002466022 0 0.02950495 0.002373695 0.001368045 0.02928209 0.002466022 0.002571105 0.02864038 0.0027318 0.003464043 0.02765721 0.003139019 0.003939211 0.02645117 0.003638625 0.003939211 0.0251677 0.004170238 0.003464043 0.02396166 0.004669785 0 0.02289277 0.007729589 -0.001368045 0.02312582 0.007667183 -0.002571105 0.02379673 0.007487416 -0.003464043 0.02482461 0.007211983 -0.003939211 0.02608555 0.006874084 -0.003939211 0.02742743 0.006514549 -0.003464043 0.02868837 0.00617671 -0.002571105 0.02971625 0.005901277 -0.001368045 0.03038722 0.005721509 0 0.03062021 0.005659043 0.001368045 0.03038722 0.005721509 0.002571105 0.02971625 0.005901277 0.003464043 0.02868837 0.00617671 0.003939211 0.02742743 0.006514549 0.003939211 0.02608555 0.006874084 0.003464043 0.02482461 0.007211983 0.003939211 0.02664262 0.009674668 0.003464043 0.02534842 0.009845077 0.002571105 0.01003652 -0.006272733 0.002571105 0.01244693 -0.00545448 0.002571105 0.01472991 -0.004328668 0.002571105 0.01684635 -0.002914488 0.002571105 0.01876014 -0.00123614 0.002571105 0.02043849 6.77614e-4 0.002571105 0.02185267 0.002794086 0.002571105 0.02297854 0.005077004 0.002571105 0.02379673 0.007487416 0.002571105 0.0242933 0.009983956 0.001368045 0.007449328 -0.006080687 0.001368045 0.00985676 -0.005601763 0.001368045 0.0121811 -0.004812777 0.001368045 0.0143826 -0.003727138 0.001368045 0.01642352 -0.002363443 0.001368045 0.018269 -7.45019e-4 0.001368045 0.01988744 0.00110042 0.001368045 0.02125114 0.003141343 0.001368045 0.02233678 0.005342841 0.001368045 0.02312582 0.007667183 0.001368045 -0.007449328 -0.006080687 0.00185889 -0.02398216 0.012524 0.002571105 -0.02445983 0.012524 0.002571105 -0.0242933 0.009983956 -0.003939211 -0.007849276 -0.009118616 -0.003464043 -0.007678866 -0.007824361 -0.001368045 -0.007449328 -0.006080687 0 -0.007417857 -0.005841493 0 -0.004999995 -0.005999982 0 -0.02352398 0.012524 0 -0.02336549 0.01010608 -0.001368045 -0.0237652 0.012524 -0.001368045 -0.02360469 0.01007461 -0.003464043 -0.02534842 0.009845077 -0.003291904 -0.02525174 0.012524 -0.002571105 -0.0242933 0.009983956 -0.002571105 -0.02445983 0.012524 -0.00185889 -0.02398216 0.012524 -0.002571105 -0.007539987 -0.006769299 -0.003939211 -0.02801996 0.00949335 -0.003970801 -0.02704185 0.012524 -0.003939211 -0.02664262 0.009674668 -0.003939211 -0.02682942 0.012524 -0.003464043 -0.02552396 0.012524 -0.003939211 -0.008030593 -0.0104959 -0.003464043 -0.02931416 0.009322941 -0.003740012 -0.0289424 0.012524 -0.003939211 -0.02821856 0.012524 -0.003464043 -0.008201003 -0.01179015 -0.002571105 -0.03036928 0.009184062 -0.002652466 -0.03051805 0.012524 -0.003464043 -0.02952396 0.012524 -0.002571105 -0.008339881 -0.01284521 -0.001368045 -0.00843054 -0.01353389 0 -0.03129708 0.009061932 -9.57263e-4 -0.03140777 0.012524 -0.001368045 -0.03105789 0.009093403 -0.001368045 -0.03128278 0.012524 -0.002571105 -0.03058815 0.012524 0 -0.008462071 -0.01377308 0.001368045 -0.03105789 0.009093403 9.57263e-4 -0.03140777 0.012524 0 -0.031524 0.012524 0 -0.004999995 -0.01399999 0.001368045 -0.00843054 -0.01353389 0.002571105 -0.008339881 -0.01284521 0.003464043 -0.02931416 0.009322941 0.002652466 -0.03051805 0.012524 0.002571105 -0.03036928 0.009184062 0.002571105 -0.03058815 0.012524 0.001368045 -0.03128278 0.012524 0.003464043 -0.008201003 -0.01179015 0.003939211 -0.02801996 0.00949335 0.003740012 -0.0289424 0.012524 0.003464043 -0.02952396 0.012524 0.003939211 -0.008030593 -0.0104959 0.003939211 -0.02664262 0.009674668 0.003970801 -0.02704185 0.012524 0.003939211 -0.02821856 0.012524 0 -0.02289277 0.007729589 -0.001368045 -0.02312582 0.007667183 -0.002571105 -0.02379673 0.007487416 -0.003464043 -0.02482461 0.007211983 -0.003939211 -0.02608555 0.006874084 -0.003939211 -0.02742743 0.006514549 -0.003464043 -0.02868837 0.00617671 -0.002571105 -0.02971625 0.005901277 -0.001368045 -0.03038722 0.005721509 0 -0.03062021 0.005659043 0.001368045 -0.03038722 0.005721509 0.002571105 -0.02971625 0.005901277 0.003464043 -0.02868837 0.00617671 0.003939211 -0.02742743 0.006514549 0.003939211 -0.02608555 0.006874084 0.003464043 -0.02534842 0.009845077 0.003464043 -0.02482461 0.007211983 0 -0.02211391 0.005435168 -0.001368045 -0.02233678 0.005342841 -0.002571105 -0.02297854 0.005077004 -0.003464043 -0.02396166 0.004669785 -0.003939211 -0.0251677 0.004170238 -0.003939211 -0.02645117 0.003638625 -0.003464043 -0.02765721 0.003139019 -0.002571105 -0.02864038 0.0027318 -0.001368045 -0.02928209 0.002466022 0 -0.02950495 0.002373695 0.001368045 -0.02928209 0.002466022 0.002571105 -0.02864038 0.0027318 0.003464043 -0.02765721 0.003139019 0.003939211 -0.02645117 0.003638625 0.003939211 -0.0251677 0.004170238 0.003464043 -0.02396166 0.004669785 0 -0.02104222 0.003261983 -0.001368045 -0.02125114 0.003141343 -0.002571105 -0.02185267 0.002794086 -0.003464043 -0.02277427 0.002261996 -0.003939211 -0.0239048 0.001609265 -0.003939211 -0.02510786 9.1471e-4 -0.003464043 -0.02623838 2.62006e-4 -0.002571105 -0.02715998 -2.70085e-4 -0.001368045 -0.02776151 -6.17379e-4 0 -0.02797043 -7.37996e-4 0.001368045 -0.02776151 -6.17379e-4 0.002571105 -0.02715998 -2.70085e-4 0.003464043 -0.02623838 2.62006e-4 0.003939211 -0.02510786 9.1471e-4 0.003939211 -0.0239048 0.001609265 0.003464043 -0.02277427 0.002261996 0 -0.01969605 0.001247286 -0.001368045 -0.01988744 0.00110042 -0.002571105 -0.02043849 6.77614e-4 -0.003464043 -0.02128279 2.97858e-5 -0.003939211 -0.02231842 -7.64897e-4 -0.003939211 -0.02342051 -0.001610577 -0.003464043 -0.0244562 -0.002405226 -0.002571105 -0.02530044 -0.003053069 -0.001368045 -0.02585148 -0.003475904 0 -0.02604287 -0.00362277 0.001368045 -0.02585148 -0.003475904 0.002571105 -0.02530044 -0.003053069 0.003464043 -0.0244562 -0.002405226 0.003939211 -0.02342051 -0.001610577 0.003939211 -0.02231842 -7.64897e-4 0.003464043 -0.02128279 2.97858e-5 0 -0.01809841 -5.74441e-4 -0.001368045 -0.018269 -7.45019e-4 -0.002571105 -0.01876014 -0.00123614 -0.003464043 -0.01951265 -0.001988649 -0.003939211 -0.02043569 -0.002911686 -0.003939211 -0.02141803 -0.003893971 -0.003464043 -0.02234107 -0.004817068 -0.002571105 -0.02309358 -0.005569517 -0.001368045 -0.02358472 -0.006060719 0 -0.02375531 -0.006231248 0.001368045 -0.02358472 -0.006060719 0.002571105 -0.02309358 -0.005569517 0.003464043 -0.02234107 -0.004817068 0.003939211 -0.02141803 -0.003893971 0.003939211 -0.02043569 -0.002911686 0.003464043 -0.01951265 -0.001988649 0 -0.01627665 -0.002172052 -0.001368045 -0.01642352 -0.002363443 -0.002571105 -0.01684635 -0.002914488 -0.003464043 -0.0174942 -0.003758728 -0.003939211 -0.01828891 -0.004794418 -0.003939211 -0.01913458 -0.005896508 -0.003464043 -0.01992923 -0.006932139 -0.002571105 -0.02057707 -0.007776439 -0.001368045 -0.0209999 -0.008327484 0 -0.02114677 -0.008518874 0.001368045 -0.0209999 -0.008327484 0.002571105 -0.02057707 -0.007776439 0.003464043 -0.01992923 -0.006932139 0.003939211 -0.01913458 -0.005896508 0.003939211 -0.01828891 -0.004794418 0.003464043 -0.0174942 -0.003758728 0 -0.01426196 -0.003518223 -0.001368045 -0.0143826 -0.003727138 -0.002571105 -0.01472991 -0.004328668 -0.003464043 -0.015262 -0.005250275 -0.003939211 -0.01591467 -0.006380796 -0.003939211 -0.01660925 -0.007583856 -0.003464043 -0.01726198 -0.008714377 -0.002571105 -0.01779407 -0.009635984 -0.001368045 -0.01814138 -0.01023751 0 -0.01826196 -0.01044642 0.001368045 -0.01814138 -0.01023751 0.002571105 -0.01779407 -0.009635984 0.003464043 -0.01726198 -0.008714377 0.003939211 -0.01660925 -0.007583856 0.003939211 -0.01591467 -0.006380796 0.003464043 -0.015262 -0.005250275 0 -0.01208883 -0.004589915 -0.001368045 -0.0121811 -0.004812777 -0.002571105 -0.01244693 -0.00545448 -0.003464043 -0.01285415 -0.006437659 -0.003939211 -0.0133537 -0.007643699 -0.003939211 -0.01388537 -0.008927166 -0.003464043 -0.01438492 -0.0101332 -0.002571105 -0.01479214 -0.01111638 -0.001368045 -0.01505798 -0.01175808 0 -0.01515024 -0.01198095 0.001368045 -0.01505798 -0.01175808 0.002571105 -0.01479214 -0.01111638 0.003464043 -0.01438492 -0.0101332 0.003939211 -0.01388537 -0.008927166 0.003939211 -0.0133537 -0.007643699 0.003464043 -0.01285415 -0.006437659 0 -0.009794354 -0.005368769 -0.001368045 -0.00985676 -0.005601763 -0.002571105 -0.01003652 -0.006272733 -0.003464043 -0.01031196 -0.007300615 -0.003939211 -0.01064985 -0.008561551 -0.003939211 -0.01100939 -0.00990343 -0.003464043 -0.01134723 -0.01116436 -0.002571105 -0.01162266 -0.01219224 -0.001368045 -0.01180243 -0.01286315 0 -0.0118649 -0.01309621 0.001368045 -0.01180243 -0.01286315 0.002571105 -0.01162266 -0.01219224 0.003464043 -0.01134723 -0.01116436 0.003939211 -0.01100939 -0.00990343 0.003939211 -0.01064985 -0.008561551 0.003464043 -0.01031196 -0.007300615 0.003939211 -0.007849276 -0.009118616 0.003464043 -0.007678866 -0.007824361 0.003291904 -0.02525174 0.012524 0.003464043 -0.02552396 0.012524 0.003939211 -0.02682942 0.012524 0.002571105 -0.02379673 0.007487416 0.002571105 -0.02297854 0.005077004 0.002571105 -0.02185267 0.002794086 0.002571105 -0.02043849 6.77614e-4 0.002571105 -0.01876014 -0.00123614 0.002571105 -0.01684635 -0.002914488 0.002571105 -0.01472991 -0.004328668 0.002571105 -0.01244693 -0.00545448 0.002571105 -0.01003652 -0.006272733 0.002571105 -0.007539987 -0.006769299 0.001368045 -0.0237652 0.012524 0.001368045 -0.02360469 0.01007461 0.001368045 -0.02312582 0.007667183 0.001368045 -0.02233678 0.005342841 0.001368045 -0.02125114 0.003141343 0.001368045 -0.01988744 0.00110042 0.001368045 -0.018269 -7.45019e-4 0.001368045 -0.01642352 -0.002363443 0.001368045 -0.0143826 -0.003727138 0.001368045 -0.0121811 -0.004812777 0.001368045 -0.00985676 -0.005601763 -0.001368045 -0.0237652 0.05252397 -0.00185889 -0.02398216 0.05252397 -0.002571105 -0.02445983 0.05252397 -0.003291904 -0.02525174 0.05252397 -0.003464043 -0.02552396 0.05252397 -0.003939211 -0.02682942 0.05252397 -0.003970801 -0.02704185 0.05252397 -0.003939211 -0.02821856 0.05252397 -0.003740012 -0.0289424 0.05252397 -0.003464043 -0.02952396 0.05252397 -0.002652466 -0.03051805 0.05252397 -0.002571105 -0.03058815 0.05252397 -0.001368045 -0.03128278 0.05252397 -9.57263e-4 -0.03140777 0.05252397 0 -0.031524 0.05252397 0 -0.031524 0.012524 9.57263e-4 -0.03140777 0.05252397 0.001368045 -0.03128278 0.05252397 0.002571105 -0.03058815 0.05252397 0.002652466 -0.03051805 0.05252397 0.003464043 -0.02952396 0.05252397 0.003740012 -0.0289424 0.05252397 0.003939211 -0.02821856 0.05252397 0.003970801 -0.02704185 0.05252397 0.003939211 -0.02682942 0.05252397 0.003464043 -0.02552396 0.05252397 0.003291904 -0.02525174 0.05252397 0.002571105 -0.02445983 0.05252397 0.00185889 -0.02398216 0.05252397 0.001368045 -0.0237652 0.05252397 0 -0.02352398 0.05252397 0 -0.02352398 0.012524 0.001368045 -0.02360469 0.05497336 0.002571105 -0.007539987 0.07181733 -0.003939211 -0.02664262 0.05537331 -0.003464043 -0.02534842 0.0552029 -0.001368045 -0.02360469 0.05497336 0 -0.02336549 0.05494183 0 -0.02352398 0.05252397 0 -0.004999995 0.07104802 0 -0.007417857 0.07088953 -0.001368045 -0.007449328 0.07112866 -0.003464043 -0.007678866 0.0728724 -0.002571105 -0.007539987 0.07181733 -0.002571105 -0.0242933 0.05506402 -0.003939211 -0.008030593 0.07554394 -0.003939211 -0.007849276 0.07416665 -0.003939211 -0.02801996 0.05555462 -0.003464043 -0.008201003 0.07683819 -0.003464043 -0.02931416 0.05572503 -0.002571105 -0.008339881 0.07789325 -0.002571105 -0.03036928 0.05586391 -0.001368045 -0.03105789 0.05595457 0 -0.008462071 0.07882106 -0.001368045 -0.00843054 0.07858192 0 -0.03129708 0.05598604 0.001368045 -0.00843054 0.07858192 0 -0.004999995 0.07904797 0 -0.031524 0.05252397 0.001368045 -0.03105789 0.05595457 0.002571105 -0.03036928 0.05586391 0.003464043 -0.008201003 0.07683819 0.002571105 -0.008339881 0.07789325 0.003464043 -0.02931416 0.05572503 0.003939211 -0.008030593 0.07554394 0.003939211 -0.02801996 0.05555462 0.003939211 -0.007849276 0.07416665 0 -0.009794354 0.0704168 -0.001368045 -0.00985676 0.0706498 -0.002571105 -0.01003652 0.07132077 -0.003464043 -0.01031196 0.07234865 -0.003939211 -0.01064985 0.07360959 -0.003939211 -0.01100939 0.07495141 -0.003464043 -0.01134723 0.07621234 -0.002571105 -0.01162266 0.07724028 -0.001368045 -0.01180243 0.07791119 0 -0.0118649 0.07814419 0.001368045 -0.01180243 0.07791119 0.002571105 -0.01162266 0.07724028 0.003464043 -0.01134723 0.07621234 0.003939211 -0.01100939 0.07495141 0.003939211 -0.01064985 0.07360959 0.003464043 -0.007678866 0.0728724 0.003464043 -0.01031196 0.07234865 0 -0.01208883 0.06963795 -0.001368045 -0.0121811 0.06986081 -0.002571105 -0.01244693 0.07050251 -0.003464043 -0.01285415 0.07148569 -0.003939211 -0.0133537 0.07269173 -0.003939211 -0.01388537 0.0739752 -0.003464043 -0.01438492 0.07518124 -0.002571105 -0.01479214 0.07616442 -0.001368045 -0.01505798 0.07680612 0 -0.01515024 0.07702898 0.001368045 -0.01505798 0.07680612 0.002571105 -0.01479214 0.07616442 0.003464043 -0.01438492 0.07518124 0.003939211 -0.01388537 0.0739752 0.003939211 -0.0133537 0.07269173 0.003464043 -0.01285415 0.07148569 0 -0.01426196 0.06856626 -0.001368045 -0.0143826 0.06877517 -0.002571105 -0.01472991 0.0693767 -0.003464043 -0.015262 0.07029831 -0.003939211 -0.01591467 0.07142883 -0.003939211 -0.01660925 0.07263189 -0.003464043 -0.01726198 0.07376241 -0.002571105 -0.01779407 0.07468402 -0.001368045 -0.01814138 0.07528555 0 -0.01826196 0.07549446 0.001368045 -0.01814138 0.07528555 0.002571105 -0.01779407 0.07468402 0.003464043 -0.01726198 0.07376241 0.003939211 -0.01660925 0.07263189 0.003939211 -0.01591467 0.07142883 0.003464043 -0.015262 0.07029831 0 -0.01627665 0.06722009 -0.001368045 -0.01642352 0.06741148 -0.002571105 -0.01684635 0.06796252 -0.003464043 -0.0174942 0.06880676 -0.003939211 -0.01828891 0.06984245 -0.003939211 -0.01913458 0.07094454 -0.003464043 -0.01992923 0.07198017 -0.002571105 -0.02057707 0.07282447 -0.001368045 -0.0209999 0.07337552 0 -0.02114677 0.07356691 0.001368045 -0.0209999 0.07337552 0.002571105 -0.02057707 0.07282447 0.003464043 -0.01992923 0.07198017 0.003939211 -0.01913458 0.07094454 0.003939211 -0.01828891 0.06984245 0.003464043 -0.0174942 0.06880676 0 -0.01809841 0.06562244 -0.001368045 -0.018269 0.06579303 -0.002571105 -0.01876014 0.06628417 -0.003464043 -0.01951265 0.06703662 -0.003939211 -0.02043569 0.06795972 -0.003939211 -0.02141803 0.06894201 -0.003464043 -0.02234107 0.0698651 -0.002571105 -0.02309358 0.07061755 -0.001368045 -0.02358472 0.07110869 0 -0.02375531 0.07127928 0.001368045 -0.02358472 0.07110869 0.002571105 -0.02309358 0.07061755 0.003464043 -0.02234107 0.0698651 0.003939211 -0.02141803 0.06894201 0.003939211 -0.02043569 0.06795972 0.003464043 -0.01951265 0.06703662 0 -0.01969605 0.06380069 -0.001368045 -0.01988744 0.06394755 -0.002571105 -0.02043849 0.06437039 -0.003464043 -0.02128279 0.06501823 -0.003939211 -0.02231842 0.06581288 -0.003939211 -0.02342051 0.06665855 -0.003464043 -0.0244562 0.06745326 -0.002571105 -0.02530044 0.0681011 -0.001368045 -0.02585148 0.06852394 0 -0.02604287 0.0686708 0.001368045 -0.02585148 0.06852394 0.002571105 -0.02530044 0.0681011 0.003464043 -0.0244562 0.06745326 0.003939211 -0.02342051 0.06665855 0.003939211 -0.02231842 0.06581288 0.003464043 -0.02128279 0.06501823 0 -0.02104222 0.06178599 -0.001368045 -0.02125114 0.06190663 -0.002571105 -0.02185267 0.06225389 -0.003464043 -0.02277427 0.06278598 -0.003939211 -0.0239048 0.06343871 -0.003939211 -0.02510786 0.06413328 -0.003464043 -0.02623838 0.06478601 -0.002571105 -0.02715998 0.0653181 -0.001368045 -0.02776151 0.06566536 0 -0.02797043 0.065786 0.001368045 -0.02776151 0.06566536 0.002571105 -0.02715998 0.0653181 0.003464043 -0.02623838 0.06478601 0.003939211 -0.02510786 0.06413328 0.003939211 -0.0239048 0.06343871 0.003464043 -0.02277427 0.06278598 0 -0.02211391 0.05961281 -0.001368045 -0.02233678 0.05970513 -0.002571105 -0.02297854 0.05997091 -0.003464043 -0.02396166 0.06037819 -0.003939211 -0.0251677 0.06087774 -0.003939211 -0.02645117 0.06140935 -0.003464043 -0.02765721 0.0619089 -0.002571105 -0.02864038 0.06231617 -0.001368045 -0.02928209 0.06258195 0 -0.02950495 0.06267428 0.001368045 -0.02928209 0.06258195 0.002571105 -0.02864038 0.06231617 0.003464043 -0.02765721 0.0619089 0.003939211 -0.02645117 0.06140935 0.003939211 -0.0251677 0.06087774 0.003464043 -0.02396166 0.06037819 0 -0.02289277 0.05731832 -0.001368045 -0.02312582 0.05738079 -0.002571105 -0.02379673 0.05756056 -0.003464043 -0.02482461 0.05783599 -0.003939211 -0.02608555 0.05817383 -0.003939211 -0.02742743 0.05853343 -0.003464043 -0.02868837 0.05887126 -0.002571105 -0.02971625 0.0591467 -0.001368045 -0.03038722 0.05932646 0 -0.03062021 0.05938893 0.001368045 -0.03038722 0.05932646 0.002571105 -0.02971625 0.0591467 0.003464043 -0.02868837 0.05887126 0.003939211 -0.02742743 0.05853343 0.003939211 -0.02608555 0.05817383 0.003464043 -0.02482461 0.05783599 0.003939211 -0.02664262 0.05537331 0.003464043 -0.02534842 0.0552029 0.002571105 -0.01003652 0.07132077 0.002571105 -0.01244693 0.07050251 0.002571105 -0.01472991 0.0693767 0.002571105 -0.01684635 0.06796252 0.002571105 -0.01876014 0.06628417 0.002571105 -0.02043849 0.06437039 0.002571105 -0.02185267 0.06225389 0.002571105 -0.02297854 0.05997091 0.002571105 -0.02379673 0.05756056 0.002571105 -0.0242933 0.05506402 0.001368045 -0.007449328 0.07112866 0.001368045 -0.00985676 0.0706498 0.001368045 -0.0121811 0.06986081 0.001368045 -0.0143826 0.06877517 0.001368045 -0.01642352 0.06741148 0.001368045 -0.018269 0.06579303 0.001368045 -0.01988744 0.06394755 0.001368045 -0.02125114 0.06190663 0.001368045 -0.02233678 0.05970513 0.001368045 -0.02312582 0.05738079 0.001368045 0.007449328 0.07112866 0.00185889 0.02398216 0.05252397 0.002571105 0.02445983 0.05252397 0.002571105 0.0242933 0.05506402 -0.003939211 0.007849276 0.07416665 -0.003464043 0.007678866 0.0728724 -0.001368045 0.007449328 0.07112866 0 0.007417857 0.07088953 0 0.004999995 0.07104802 0 0.02352398 0.05252397 0 0.02336549 0.05494183 -0.001368045 0.0237652 0.05252397 -0.001368045 0.02360469 0.05497336 -0.003464043 0.02534842 0.0552029 -0.003291904 0.02525174 0.05252397 -0.002571105 0.0242933 0.05506402 -0.002571105 0.02445983 0.05252397 -0.00185889 0.02398216 0.05252397 -0.002571105 0.007539987 0.07181733 -0.003939211 0.02801996 0.05555462 -0.003970801 0.02704185 0.05252397 -0.003939211 0.02664262 0.05537331 -0.003939211 0.02682942 0.05252397 -0.003464043 0.02552396 0.05252397 -0.003939211 0.008030593 0.07554394 -0.003464043 0.02931416 0.05572503 -0.003740012 0.0289424 0.05252397 -0.003939211 0.02821856 0.05252397 -0.003464043 0.008201003 0.07683819 -0.002571105 0.008339881 0.07789325 -0.001368045 0.00843054 0.07858192 0 0.03129708 0.05598604 -9.57263e-4 0.03140777 0.05252397 -0.001368045 0.03105789 0.05595457 -0.001368045 0.03128278 0.05252397 -0.002571105 0.03036928 0.05586391 -0.002571105 0.03058815 0.05252397 -0.003464043 0.02952396 0.05252397 0 0.008462071 0.07882106 0.001368045 0.03105789 0.05595457 9.57263e-4 0.03140777 0.05252397 0 0.031524 0.05252397 0 0.004999995 0.07904797 0.001368045 0.00843054 0.07858192 0.002571105 0.008339881 0.07789325 0.003464043 0.008201003 0.07683819 0.003939211 0.02801996 0.05555462 0.003740012 0.0289424 0.05252397 0.003464043 0.02931416 0.05572503 0.003464043 0.02952396 0.05252397 0.002571105 0.03036928 0.05586391 0.002571105 0.03058815 0.05252397 0.001368045 0.03128278 0.05252397 0.003939211 0.008030593 0.07554394 0.003939211 0.02664262 0.05537331 0.003970801 0.02704185 0.05252397 0.003939211 0.02821856 0.05252397 0 0.02289277 0.05731832 -0.001368045 0.02312582 0.05738079 -0.002571105 0.02379673 0.05756056 -0.003464043 0.02482461 0.05783599 -0.003939211 0.02608555 0.05817383 -0.003939211 0.02742743 0.05853343 -0.003464043 0.02868837 0.05887126 -0.002571105 0.02971625 0.0591467 -0.001368045 0.03038722 0.05932646 0 0.03062021 0.05938893 0.001368045 0.03038722 0.05932646 0.002571105 0.02971625 0.0591467 0.003464043 0.02868837 0.05887126 0.003939211 0.02742743 0.05853343 0.003939211 0.02608555 0.05817383 0.003464043 0.02534842 0.0552029 0.003464043 0.02482461 0.05783599 0 0.02211391 0.05961281 -0.001368045 0.02233678 0.05970513 -0.002571105 0.02297854 0.05997091 -0.003464043 0.02396166 0.06037819 -0.003939211 0.0251677 0.06087774 -0.003939211 0.02645117 0.06140935 -0.003464043 0.02765721 0.0619089 -0.002571105 0.02864038 0.06231617 -0.001368045 0.02928209 0.06258195 0 0.02950495 0.06267428 0.001368045 0.02928209 0.06258195 0.002571105 0.02864038 0.06231617 0.003464043 0.02765721 0.0619089 0.003939211 0.02645117 0.06140935 0.003939211 0.0251677 0.06087774 0.003464043 0.02396166 0.06037819 0 0.02104222 0.06178599 -0.001368045 0.02125114 0.06190663 -0.002571105 0.02185267 0.06225389 -0.003464043 0.02277427 0.06278598 -0.003939211 0.0239048 0.06343871 -0.003939211 0.02510786 0.06413328 -0.003464043 0.02623838 0.06478601 -0.002571105 0.02715998 0.0653181 -0.001368045 0.02776151 0.06566536 0 0.02797043 0.065786 0.001368045 0.02776151 0.06566536 0.002571105 0.02715998 0.0653181 0.003464043 0.02623838 0.06478601 0.003939211 0.02510786 0.06413328 0.003939211 0.0239048 0.06343871 0.003464043 0.02277427 0.06278598 0 0.01969605 0.06380069 -0.001368045 0.01988744 0.06394755 -0.002571105 0.02043849 0.06437039 -0.003464043 0.02128279 0.06501823 -0.003939211 0.02231842 0.06581288 -0.003939211 0.02342051 0.06665855 -0.003464043 0.0244562 0.06745326 -0.002571105 0.02530044 0.0681011 -0.001368045 0.02585148 0.06852394 0 0.02604287 0.0686708 0.001368045 0.02585148 0.06852394 0.002571105 0.02530044 0.0681011 0.003464043 0.0244562 0.06745326 0.003939211 0.02342051 0.06665855 0.003939211 0.02231842 0.06581288 0.003464043 0.02128279 0.06501823 0 0.01809841 0.06562244 -0.001368045 0.018269 0.06579303 -0.002571105 0.01876014 0.06628417 -0.003464043 0.01951265 0.06703662 -0.003939211 0.02043569 0.06795972 -0.003939211 0.02141803 0.06894201 -0.003464043 0.02234107 0.0698651 -0.002571105 0.02309358 0.07061755 -0.001368045 0.02358472 0.07110869 0 0.02375531 0.07127928 0.001368045 0.02358472 0.07110869 0.002571105 0.02309358 0.07061755 0.003464043 0.02234107 0.0698651 0.003939211 0.02141803 0.06894201 0.003939211 0.02043569 0.06795972 0.003464043 0.01951265 0.06703662 0 0.01627665 0.06722009 -0.001368045 0.01642352 0.06741148 -0.002571105 0.01684635 0.06796252 -0.003464043 0.0174942 0.06880676 -0.003939211 0.01828891 0.06984245 -0.003939211 0.01913458 0.07094454 -0.003464043 0.01992923 0.07198017 -0.002571105 0.02057707 0.07282447 -0.001368045 0.0209999 0.07337552 0 0.02114677 0.07356691 0.001368045 0.0209999 0.07337552 0.002571105 0.02057707 0.07282447 0.003464043 0.01992923 0.07198017 0.003939211 0.01913458 0.07094454 0.003939211 0.01828891 0.06984245 0.003464043 0.0174942 0.06880676 0 0.01426196 0.06856626 -0.001368045 0.0143826 0.06877517 -0.002571105 0.01472991 0.0693767 -0.003464043 0.015262 0.07029831 -0.003939211 0.01591467 0.07142883 -0.003939211 0.01660925 0.07263189 -0.003464043 0.01726198 0.07376241 -0.002571105 0.01779407 0.07468402 -0.001368045 0.01814138 0.07528555 0 0.01826196 0.07549446 0.001368045 0.01814138 0.07528555 0.002571105 0.01779407 0.07468402 0.003464043 0.01726198 0.07376241 0.003939211 0.01660925 0.07263189 0.003939211 0.01591467 0.07142883 0.003464043 0.015262 0.07029831 0 0.01208883 0.06963795 -0.001368045 0.0121811 0.06986081 -0.002571105 0.01244693 0.07050251 -0.003464043 0.01285415 0.07148569 -0.003939211 0.0133537 0.07269173 -0.003939211 0.01388537 0.0739752 -0.003464043 0.01438492 0.07518124 -0.002571105 0.01479214 0.07616442 -0.001368045 0.01505798 0.07680612 0 0.01515024 0.07702898 0.001368045 0.01505798 0.07680612 0.002571105 0.01479214 0.07616442 0.003464043 0.01438492 0.07518124 0.003939211 0.01388537 0.0739752 0.003939211 0.0133537 0.07269173 0.003464043 0.01285415 0.07148569 0 0.009794354 0.0704168 -0.001368045 0.00985676 0.0706498 -0.002571105 0.01003652 0.07132077 -0.003464043 0.01031196 0.07234865 -0.003939211 0.01064985 0.07360959 -0.003939211 0.01100939 0.07495141 -0.003464043 0.01134723 0.07621234 -0.002571105 0.01162266 0.07724028 -0.001368045 0.01180243 0.07791119 0 0.0118649 0.07814419 0.001368045 0.01180243 0.07791119 0.002571105 0.01162266 0.07724028 0.003464043 0.01134723 0.07621234 0.003939211 0.01100939 0.07495141 0.003939211 0.01064985 0.07360959 0.003464043 0.01031196 0.07234865 0.003939211 0.007849276 0.07416665 0.003464043 0.007678866 0.0728724 0.003291904 0.02525174 0.05252397 0.003464043 0.02552396 0.05252397 0.003939211 0.02682942 0.05252397 0.002571105 0.02379673 0.05756056 0.002571105 0.02297854 0.05997091 0.002571105 0.02185267 0.06225389 0.002571105 0.02043849 0.06437039 0.002571105 0.01876014 0.06628417 0.002571105 0.01684635 0.06796252 0.002571105 0.01472991 0.0693767 0.002571105 0.01244693 0.07050251 0.002571105 0.01003652 0.07132077 0.002571105 0.007539987 0.07181733 0.001368045 0.0237652 0.05252397 0.001368045 0.02360469 0.05497336 0.001368045 0.02312582 0.05738079 0.001368045 0.02233678 0.05970513 0.001368045 0.02125114 0.06190663 0.001368045 0.01988744 0.06394755 0.001368045 0.018269 0.06579303 0.001368045 0.01642352 0.06741148 0.001368045 0.0143826 0.06877517 0.001368045 0.0121811 0.06986081 0.001368045 0.00985676 0.0706498 0 0.031524 0.05252397 0 0.031524 0.03252398 0 0.02352398 0.05252397 -0.004999995 -0.005985081 0.06956773 0.004999995 -0.003948211 0.0714246 0.004999995 -0.005985081 0.06956773 0.004999995 0.003948211 0.0714246 0.004999995 0.001378118 0.07242029 0.004999995 0 0.07254797 0.004999995 -0.001378118 0.07242029 0.004999995 0.005985081 0.06956773 -0.004999995 0.003948211 0.0714246 -0.004999995 0.005985081 0.06956773 0 0.004499971 0.07104802 -0.004999995 -0.003948211 0.0714246 -0.004999995 -0.001378118 0.07242029 -0.004999995 0 0.07254797 -0.004999995 0.001378118 0.07242029 -0.004999995 -0.007213652 0.06710046 0.004999995 -0.007213652 0.06710046 -0.004999995 -0.007467985 0.06435596 0.004999995 -0.007467985 0.06435596 -0.004999995 -0.006713688 0.06170493 0.004999995 -0.006713688 0.06170493 -0.004999995 -0.005052685 0.0595054 0.004999995 -0.005052685 0.0595054 -0.004999995 -0.002709269 0.05805444 0.004999995 -0.002709269 0.05805444 -0.004999995 0 0.05754798 0.004999995 0 0.05754798 -0.004999995 0.002709269 0.05805444 0.004999995 0.002709269 0.05805444 -0.004999995 0.005052685 0.0595054 0.004999995 0.005052685 0.0595054 -0.004999995 0.006713688 0.06170493 0.004999995 0.006713688 0.06170493 -0.004999995 0.007467985 0.06435596 0.004999995 0.007467985 0.06435596 -0.004999995 0.007213652 0.06710046 0.004999995 0.007213652 0.06710046 -0.004999995 -0.00185889 0.06150615 -0.004999995 -0.003291904 0.06277573 -0.004999995 -0.003970801 0.06456583 -0.004999995 -0.003740012 0.06646645 -0.004999995 0.003291904 0.06277573 -0.004999995 0.00185889 0.06150615 -0.004999995 0 0.06104797 -0.004999995 0.002652466 0.06804203 -0.004999995 0.003740012 0.06646645 -0.004999995 0.003970801 0.06456583 -0.004999995 -0.002652466 0.06804203 -0.004999995 -9.57263e-4 0.06893175 -0.004999995 0 0.06904798 -0.004999995 0 0.07254797 -0.004999995 9.57263e-4 0.06893175 0.004999995 0.00185889 0.06150615 0.004999995 0.003291904 0.06277573 0.004999995 0.003970801 0.06456583 0.004999995 0.003740012 0.06646645 0.004999995 -0.003291904 0.06277573 0.004999995 -0.00185889 0.06150615 0.004999995 0 0.06104797 0.004999995 -0.002652466 0.06804203 0.004999995 -0.003740012 0.06646645 0.004999995 -0.003970801 0.06456583 0.004999995 0.002652466 0.06804203 0.004999995 9.57263e-4 0.06893175 0.004999995 0 0.06904798 0.004999995 0 0.07254797 0.004999995 -9.57263e-4 0.06893175 -0.004999995 0 0.06104797 0.004999995 0 0.06104797 -0.004999995 0 0.06904798 0.004999995 0 0.06904798 0.004999995 0.002709269 -0.006993532 0.004999995 0.005052685 -0.005542516 -0.004999995 0.005052685 -0.005542516 -0.004999995 0.002709269 -0.006993532 0.004999995 -0.002709269 -0.006993532 0.004999995 0 -0.007499992 0.003122448 0 -0.007499992 0 -0.004499971 -0.005999982 -0.004999995 -0.005052685 -0.005542516 -0.004999995 -0.002709269 -0.006993532 0.004999995 -0.005052685 -0.005542516 -0.004999995 0 -0.007499992 -0.003122448 0 -0.007499992 -0.004999995 0.006713688 -0.003342986 0.004999995 0.006713688 -0.003342986 -0.004999995 0.007467985 -6.92011e-4 0.004999995 0.007467985 -6.92011e-4 -0.004999995 0.007213652 0.002052426 0.004999995 0.007213652 0.002052426 -0.004999995 0.005985081 0.004519701 0.004999995 0.005985081 0.004519701 -0.004999995 0.003948211 0.006376624 0.004999995 0.003948211 0.006376624 -0.004999995 0.001378118 0.00737226 0.004999995 0.001378118 0.00737226 -0.004999995 -0.001378118 0.00737226 0.004999995 -0.001378118 0.00737226 -0.004999995 -0.003948211 0.006376624 0.004999995 -0.003948211 0.006376624 -0.004999995 -0.005985081 0.004519701 0.004999995 -0.005985081 0.004519701 -0.004999995 -0.007213652 0.002052426 0.004999995 -0.007213652 0.002052426 -0.004999995 -0.007467985 -6.92011e-4 0.004999995 -0.007467985 -6.92011e-4 -0.004999995 -0.006713688 -0.003342986 0.004999995 -0.006713688 -0.003342986 -0.004999995 -0.003740012 0.001418411 -0.004999995 -0.002652466 0.002994 -0.004999995 -9.57263e-4 0.003883719 -0.004999995 9.57263e-4 0.003883719 -0.004999995 0.002652466 0.002994 -0.004999995 -0.00185889 -0.003541767 -0.004999995 -0.003291904 -0.002272248 -0.004999995 -0.003970801 -4.82147e-4 -0.004999995 0.003291904 -0.002272248 -0.004999995 0.00185889 -0.003541767 -0.004999995 0 -0.003999948 -0.004999995 0.003740012 0.001418411 -0.004999995 0.003970801 -4.82147e-4 0.004999995 0.003740012 0.001418411 0.004999995 0.002652466 0.002994 0.004999995 9.57263e-4 0.003883719 0.004999995 -9.57263e-4 0.003883719 0.004999995 -0.002652466 0.002994 0.004999995 -0.003740012 0.001418411 0.004999995 -0.003970801 -4.82147e-4 0.004999995 -0.003291904 -0.002272248 0.004999995 0.00185889 -0.003541767 0.004999995 0.003291904 -0.002272248 0.004999995 0.003970801 -4.82147e-4 0.004999995 -0.00185889 -0.003541767 0.004999995 0 -0.003999948 0.004999995 0 -0.007499992 0.004999995 0 -0.003999948</float_array>
          <technique_common>
            <accessor source="#link_2-mesh-positions-array" count="1247" stride="3">
              <param name="X" type="float"/>
              <param name="Y" type="float"/>
              <param name="Z" type="float"/>
            </accessor>
          </technique_common>
        </source>
        <source id="link_2-mesh-normals">
          <float_array id="link_2-mesh-normals-array" count="6681">-0.7282207 -0.01187103 0.6852399 -0.7784175 0.002214312 0.627743 -0.7282258 0.01186752 0.6852346 -0.6691053 0.0468291 0.7416908 0.7282596 0.01184648 0.685199 0.7784624 -0.002210378 0.6276873 0.7282524 -0.01185083 0.6852065 0.6690005 -0.04688811 0.7417816 -0.6690534 -0.04685831 0.7417357 -0.7391047 0.03433561 0.672715 -0.5363678 -0.01770126 0.8437988 -0.5569638 0 0.8305369 -0.3613055 0 0.9324476 -0.4035035 0.06200015 0.9128752 -0.1422342 -0.08655309 0.9860417 -0.1736491 0 0.9848076 0.1275776 0 0.9918287 0.1732248 -0.06985521 0.9824019 0.3463551 0.02817374 0.9376804 0.4042816 0 0.9146346 0.5218489 0 0.853038 0.5569182 -0.01292282 0.8304669 0.7391018 0.0344448 0.6727126 0.6689355 0.04692482 0.7418378 0.7390983 -0.03458142 0.6727094 0.5362633 0.01779019 0.8438634 0.5569638 0 0.8305369 0.3613159 0 0.9324436 0.4035056 -0.06197392 0.912876 0.142246 0.08652091 0.9860427 0.1736491 0 0.9848076 -0.1277039 0 0.9918124 -0.1732269 0.06969606 0.9824128 -0.3465119 -0.02809852 0.9376247 -0.4042816 0 0.9146346 -0.5220059 0 0.8529419 -0.5569184 0.01288825 0.8304672 -0.7391077 -0.03422147 0.6727175 -0.7784091 -0.002215027 0.6277536 -0.8023106 0 0.5969068 -0.8451902 0 0.5344658 -0.9396927 0 0.3420198 -0.989115 0 0.147145 -0.9996396 0 -0.02684801 -0.9996395 0 -0.02684795 -0.9641669 0 -0.2652965 -0.9641668 0 -0.2652971 -0.9034508 0 -0.4286918 -0.9034504 0 -0.4286928 -0.7746046 0 -0.6324459 -0.653027 0 -0.7573347 -0.6530115 0 -0.7573481 -0.4999997 0 -0.8660256 -0.2910902 0 -0.9566957 -0.1205388 0 -0.9927086 -0.1205359 0 -0.992709 0.1205359 0 -0.992709 0.1205388 0 -0.9927086 0.2910902 0 -0.9566957 0.4999997 0 -0.8660256 0.6530115 0 -0.7573481 0.653027 0 -0.7573347 0.7746046 0 -0.6324459 0.9034504 0 -0.4286928 0.9034508 0 -0.4286918 0.9641668 0 -0.2652971 0.9641669 0 -0.2652965 0.9996395 0 -0.02684795 0.9996396 0 -0.02684801 0.989115 0 0.147145 0.9396927 0 0.3420198 0.8451902 0 0.5344658 0.8023106 0 0.5969068 0.7784674 0.002209842 0.6276812 -0.4460073 -3.21485e-4 -0.8950293 -0.5569536 0.001449286 -0.8305425 -0.5377262 0.01750135 -0.8429378 -0.7390884 -0.03477317 -0.6727104 -0.6685892 0.04724949 -0.7421293 -0.7281997 0.01173603 -0.6852646 -0.7788648 -0.00217396 -0.6271882 -0.7407534 -0.009449124 -0.6717107 -0.6778677 -0.03720945 -0.7342418 -0.7390936 0.03472566 -0.6727071 -0.5569117 -0.01296484 -0.8304707 -0.3365235 0.020379 -0.9414545 -0.4024901 -0.09409934 -0.9105752 -0.1314529 0.1153649 -0.9845867 -0.1736465 0 -0.9848081 0.1142553 0 -0.9934515 0.1730238 0.08500331 -0.9812427 0.3119838 -0.02111679 -0.9498527 0.4042353 0.008635997 -0.9146143 0.4391542 0 -0.8984118 0.5569759 -0.001439809 -0.8305275 0.5375652 -0.01762324 -0.843038 0.7390826 0.03509581 -0.6727 0.6683915 -0.04737889 -0.7422991 0.7281478 -0.01174545 -0.6853196 0.7788776 0.002174019 -0.6271722 0.740715 0.009455919 -0.6717529 0.6777591 0.03727322 -0.7343387 0.5215252 0 -0.853236 0.5569238 0.01299005 -0.830462 0.7390893 -0.03489452 -0.6727032 -0.5216569 0 -0.8531554 -0.4391452 0 -0.8984162 -0.4042554 -0.008633375 -0.9146055 -0.3119959 0.02111411 -0.9498488 -0.1730116 -0.08498042 -0.9812469 -0.1142958 0 -0.9934468 0.1736465 0 -0.9848081 0.1314228 -0.1154171 -0.9845846 0.4024867 0.09417235 -0.9105691 0.3365063 -0.02038359 -0.9414606 0.4459589 3.22014e-4 -0.8950535 -0.7788751 0.002174556 -0.6271753 -0.8023051 0 -0.5969142 -0.8451914 0 -0.5344637 -0.939693 0 -0.3420191 -0.939692 0 -0.3420218 -0.989115 0 -0.147145 -0.9996396 0 0.02684772 -0.9996396 0 0.02684825 -0.9641665 0 0.265298 -0.9641676 0 0.2652941 -0.9034492 0 0.4286954 -0.9034525 0 0.4286884 -0.7746027 0 0.6324481 -0.7746064 0 0.6324437 -0.6530426 0 0.7573212 -0.6529804 0 0.7573748 -0.4999997 0 0.8660256 -0.2910591 0 0.9567052 -0.2911088 0 0.95669 -0.1205567 0 0.9927065 -0.1205329 0 0.9927094 0.1205329 0 0.9927094 0.1205567 0 0.9927065 0.2911088 0 0.95669 0.2910591 0 0.9567052 0.4999997 0 0.8660256 0.6529804 0 0.7573748 0.6530426 0 0.7573212 0.7746064 0 0.6324437 0.7746027 0 0.6324481 0.9034525 0 0.4286884 0.9034492 0 0.4286954 0.9641676 0 0.2652941 0.9641665 0 0.265298 0.9996396 0 0.02684825 0.9996396 0 0.02684772 0.989115 0 -0.147145 0.939692 0 -0.3420218 0.939693 0 -0.3420191 0.8451914 0 -0.5344637 0.8022977 0 -0.596924 0.778881 -0.002174556 -0.6271679 0.2393128 -0.9709314 0.004658997 0.4042814 -0.9146347 0 0.556966 -0.8305354 0 0.6631119 -0.7484983 0.005739331 0.9396906 -0.342019 0.002148091 0.9350113 -0.3546034 0.003221631 0.8451906 -0.5344651 0 0.7395406 -0.673112 0 0.9891149 -0.147146 0 0.9996396 0.02684807 0 0.9926938 0.1205349 0.005523145 0.964167 0.2652963 0 0.9034503 0.4286932 0 0.8229729 0.5680573 0.005163013 0.7660447 0.6427867 -8.61252e-4 0.5000001 0.8660248 0.001003503 0.4647194 0.885449 0.004011988 0.291083 0.9566978 0 0.1205367 0.9927089 0 -0.1205367 0.9927089 0 -0.291083 0.9566978 0 -0.4647194 0.885449 0.004011988 -0.5000001 0.8660248 0.001003444 -0.7660447 0.6427867 -8.61186e-4 -0.8229729 0.5680574 0.005162954 -0.9996396 0.02684807 0 -0.9926938 0.1205349 0.005523145 -0.964167 0.2652963 0 -0.9034503 0.4286932 0 -0.9891149 -0.147146 0 -0.9396906 -0.342019 0.002148091 -0.9350113 -0.3546034 0.003221631 -0.8451906 -0.5344651 0 -0.7395406 -0.673112 0 -0.6631119 -0.7484983 0.005739331 -0.556966 -0.8305354 0 -0.4042814 -0.9146347 0 -0.2393128 -0.9709314 0.004658997 -0.173648 -0.9848078 0 0.173648 -0.9848078 0 0.403557 -0.9129955 0.05984115 0.5561412 -0.05435502 0.8293085 -0.9394565 -0.3419348 0.0224111 -0.1732872 -0.9827627 0.06441414 -0.173289 -0.06441301 0.9827625 -0.1732859 -0.0644145 0.9827629 -0.7647397 -0.02591371 0.6438182 -0.7388218 -0.04407471 0.6724581 -0.4991981 -0.0566703 0.8646328 -0.5568891 -0.01639068 0.8304252 -0.4035569 -0.05984163 0.9129955 -0.1732873 -0.9827626 0.06441402 -0.403557 -0.9129955 0.05984115 -0.498409 -0.8662893 0.03363472 -0.5561423 -0.8293077 0.05435663 -0.7653657 -0.6422178 0.0420928 -0.7393407 -0.6729306 0.02323317 -0.8446723 -0.5341376 0.03500908 -0.9999397 0.0108903 0.00143373 -0.9890689 -0.009643852 0.1471387 -0.9394567 -0.02241128 0.341934 -0.9394567 -0.02241128 0.3419339 -0.8446719 -0.03500896 0.5341385 -0.9394567 -0.3419342 0.02241152 -0.9890689 -0.1471385 0.00964421 -0.9999397 -0.001433968 -0.01089042 -0.9396883 0.04158133 -0.3394952 -0.964021 0.01738566 -0.2652568 -0.9996381 0.001759767 -0.02684795 -0.7655217 0.04722607 -0.6416748 -0.7739399 0.04141676 -0.6319034 -0.9030941 0.02808666 -0.4285232 -0.999638 0.02684766 -0.001759648 -0.964021 0.2652573 -0.0173859 -0.9396883 0.3394953 -0.04158121 -0.9030939 0.4285236 -0.02808761 -0.7653653 0.6422182 -0.0420928 -0.7653658 0.6422175 -0.04209381 -0.499196 0.8646339 -0.05667173 -0.1734343 0.07933849 -0.9816445 -0.2905189 0.06258177 -0.9548206 -0.4991963 0.0566706 -0.8646338 -0.4991961 0.05667078 -0.8646338 -0.6522173 0.04957717 -0.7564091 -0.4991968 0.8646334 -0.05667084 -0.2905124 0.9548226 -0.06258243 -0.1734366 0.9816441 -0.07933908 0.1734343 0.07933849 -0.9816445 0.1202837 0.06492882 -0.9906141 -0.1202837 0.06492882 -0.9906141 -0.1202824 0.9906143 -0.06492757 0.1202824 0.9906143 -0.06492757 0.1734366 0.9816441 -0.07933908 0.2905124 0.9548226 -0.06258243 0.4991964 0.8646337 -0.0566709 0.4991967 0.8646335 -0.05667173 0.7653653 0.6422181 -0.04209303 0.7655217 0.04722607 -0.6416747 0.6522173 0.04957717 -0.7564091 0.4991964 0.05667078 -0.8646338 0.4991961 0.05667066 -0.8646339 0.2905189 0.06258177 -0.9548206 0.9396883 0.04158133 -0.3394951 0.9030941 0.02808666 -0.4285232 0.7739399 0.04141676 -0.6319034 0.7653657 0.6422176 -0.04209351 0.9030939 0.4285236 -0.02808761 0.9396883 0.3394953 -0.04158121 0.9999397 0.0108903 0.00143373 0.9996381 0.001759767 -0.02684795 0.964021 0.01738566 -0.2652568 -0.1732863 -0.1921397 0.9659474 -0.1732895 -0.1921375 0.9659472 -0.4991988 -0.1690422 0.8498384 -0.4991959 -0.1690436 0.8498398 -0.7653656 -0.1255592 0.6312293 -0.7653655 -0.1255596 0.6312294 -0.9394568 -0.06685113 0.3360832 -0.9394566 -0.06685173 0.3360838 -1 0 0 -0.9394567 0.06685137 -0.3360834 -0.9394568 0.06685125 -0.3360832 -0.765366 0.1255595 -0.6312288 -0.7653651 0.1255598 -0.6312297 -0.4991961 0.1690441 -0.8498396 -0.4991958 0.1690438 -0.84984 -0.173286 0.1921392 -0.9659475 -0.1732869 0.1921387 -0.9659474 0.1732861 0.1921386 -0.9659476 0.1732868 0.1921393 -0.9659473 0.4991959 0.1690438 -0.8498399 0.4991959 0.1690441 -0.8498398 0.7653653 0.1255597 -0.6312296 0.765366 0.1255594 -0.6312289 0.9394568 0.06685131 -0.3360832 0.9394569 0.06685137 -0.3360832 1 0 0 0.9394569 -0.06685137 0.336083 0.9394565 -0.06685155 0.3360841 -0.1732895 -0.316576 0.9326041 -0.173289 -0.3165765 0.932604 -0.4991968 -0.2785239 0.8205043 -0.4991952 -0.2785242 0.820505 -0.7653653 -0.2068777 0.6094405 -0.765365 -0.2068775 0.6094409 -0.9394566 -0.1101469 0.3244826 -0.9394567 -0.1101468 0.3244825 -1 -2.16026e-7 0 -0.9394568 0.1101464 -0.3244825 -0.9394565 0.1101475 -0.324483 -0.7653655 0.2068774 -0.6094403 -0.7653661 0.2068765 -0.6094397 -0.4991961 0.2785231 -0.8205049 -0.4991957 0.2785237 -0.8205049 -0.1732876 0.3165761 -0.9326044 -0.173287 0.3165766 -0.9326044 0.1732876 0.3165763 -0.9326044 0.173287 0.3165764 -0.9326044 0.4991963 0.2785236 -0.8205046 0.4991955 0.2785233 -0.8205051 0.7653648 0.206877 -0.6094414 0.7653667 0.206877 -0.609439 0.9394567 0.110147 -0.3244825 0.9394565 0.110147 -0.3244833 1 0 0 0.9394567 -0.1101467 0.3244828 0.9394568 -0.1101472 0.3244821 -0.1732891 -0.435598 0.8833037 -0.1732899 -0.4355969 0.8833041 -0.4991956 -0.3832384 0.7771307 -0.4991957 -0.3832383 0.7771308 -0.7653657 -0.2846551 0.5772235 -0.7653649 -0.2846555 0.5772244 -0.9394567 -0.1515582 0.3073294 -0.9394568 -0.1515578 0.3073292 -1 -4.59547e-7 0 -1 2.16026e-7 0 -0.9394562 0.1515589 -0.3073303 -0.9394567 0.1515579 -0.3073293 -0.7653666 0.2846546 -0.5772224 -0.7653649 0.2846558 -0.5772242 -0.4991961 0.383239 -0.77713 -0.499198 0.3832378 -0.7771296 -0.1732861 0.4355973 -0.8833047 -0.1732859 0.4355971 -0.8833047 0.1732849 0.4355974 -0.8833047 0.1732871 0.4355969 -0.8833047 0.4991962 0.3832381 -0.7771305 0.4991985 0.3832385 -0.7771288 0.7653666 0.2846551 -0.5772223 0.765365 0.2846553 -0.5772244 0.9394564 0.1515583 -0.3073303 0.9394567 0.1515583 -0.3073294 1 0 0 0.9394567 -0.1515578 0.3073294 0.9394567 -0.1515582 0.3073291 -0.17329 -0.5471642 0.8188906 -0.1732875 -0.5471653 0.8188905 -0.4991958 -0.481396 0.7204592 -0.4991959 -0.4813959 0.7204592 -0.7653651 -0.3575631 0.5351306 -0.7653657 -0.3575622 0.5351306 -0.9394569 -0.1903754 0.2849176 -0.9394564 -0.1903762 0.2849186 -0.9394569 0.1903756 -0.2849173 -0.9394565 0.1903759 -0.2849185 -0.7653655 0.3575625 -0.5351306 -0.7653648 0.3575632 -0.5351312 -0.4991974 0.4813952 -0.7204587 -0.4991973 0.4813945 -0.7204592 -0.1732869 0.5471653 -0.8188906 -0.1732867 0.5471649 -0.818891 0.1732869 0.5471652 -0.8188906 0.1732867 0.547165 -0.8188909 0.499197 0.4813947 -0.7204593 0.4991977 0.4813951 -0.7204586 0.7653654 0.3575629 -0.5351303 0.7653648 0.3575628 -0.5351314 0.9394569 0.1903758 -0.2849174 0.9394566 0.1903759 -0.2849185 1 0 0 0.9394567 -0.1903758 0.2849178 0.9394565 -0.1903761 0.2849184 -0.1732877 -0.6493713 0.740465 -0.1732888 -0.6493702 0.7404657 -0.4991955 -0.5713157 0.6514616 -0.4991964 -0.5713166 0.6514602 -0.7653657 -0.4243522 0.4838808 -0.7653649 -0.4243528 0.4838815 -0.9394567 -0.2259373 0.2576309 -0.9394568 -0.2259361 0.2576314 -1 4.32052e-7 0 -0.9394568 0.2259365 -0.2576313 -0.9394567 0.2259366 -0.2576313 -0.7653654 0.4243525 -0.4838813 -0.765365 0.4243527 -0.4838814 -0.4991977 0.5713152 -0.6514605 -0.4991967 0.5713168 -0.6514598 -0.1732869 0.6493718 -0.7404647 -0.1732882 0.6493702 -0.7404658 0.1732863 0.6493712 -0.7404654 0.1732888 0.6493709 -0.7404651 0.4991979 0.571316 -0.6514596 0.4991962 0.5713161 -0.6514608 0.7653652 0.4243525 -0.4838813 0.7653653 0.4243525 -0.4838814 0.9394566 0.2259369 -0.2576313 0.9394568 0.2259362 -0.2576312 1 2.16026e-7 0 0.9394567 -0.2259365 0.2576315 0.9394568 -0.2259368 0.2576308 -0.173289 -0.7404659 0.6493698 -0.1732879 -0.7404654 0.6493707 -0.4991961 -0.6514611 0.5713158 -0.499197 -0.6514597 0.5713168 -0.7653654 -0.4838813 0.4243522 -0.7653648 -0.4838814 0.424353 -0.9394569 -0.257631 0.225936 -0.9394567 -0.2576311 0.2259365 -1 0 0 -0.9394568 0.2576307 -0.2259365 -0.9394567 0.2576317 -0.2259361 -0.7653655 0.4838818 -0.4243516 -0.7653657 0.4838801 -0.424353 -0.4991957 0.6514605 -0.5713169 -0.4991963 0.6514613 -0.5713154 -0.1732887 0.7404651 -0.6493709 -0.1732869 0.7404664 -0.64937 0.1732883 0.7404654 -0.6493706 0.1732872 0.740466 -0.6493703 0.4991959 0.6514604 -0.5713168 0.4991961 0.6514615 -0.5713154 0.7653653 0.4838814 -0.4243523 0.7653658 0.4838806 -0.4243523 0.9394567 0.2576313 -0.2259364 0.9394569 0.2576311 -0.2259361 1 0 0 0.9394569 -0.257631 0.2259359 0.9394567 -0.2576314 0.2259366 -0.1732879 -0.8188906 0.5471649 -0.1732875 -0.8188903 0.5471655 -0.4991973 -0.7204592 0.4813946 -0.4991967 -0.7204595 0.4813947 -0.7653648 -0.5351311 0.3575634 -0.7653654 -0.5351304 0.3575628 -0.9394567 -0.2849181 0.1903759 -0.9394566 -0.2849177 0.1903765 -1 0 0 -0.9394569 0.2849173 -0.1903761 -0.9394566 0.2849183 -0.1903762 -0.7653661 0.53513 -0.3575623 -0.7653658 0.5351303 -0.3575622 -0.4991958 0.7204591 -0.4813961 -0.4991961 0.7204592 -0.4813957 -0.1732869 0.8188908 -0.547165 -0.1732884 0.8188897 -0.5471661 0.1732868 0.81889 -0.5471662 0.1732885 0.8188906 -0.5471649 0.4991961 0.7204592 -0.4813957 0.4991958 0.7204591 -0.4813961 0.7653661 0.5351302 -0.3575621 0.765366 0.53513 -0.3575624 0.9394566 0.2849181 -0.1903758 0.9394567 0.2849176 -0.1903765 1 2.16026e-7 0 1 0 0 0.9394568 -0.2849175 0.1903761 0.9394565 -0.284918 0.1903764 -0.1732877 -0.883304 0.4355978 -0.1732878 -0.8833042 0.4355974 -0.4991967 -0.77713 0.3832387 -0.4991955 -0.7771306 0.3832389 -0.765366 -0.5772237 0.2846541 -0.7653659 -0.5772233 0.284655 -0.9394565 -0.3073297 0.1515582 -0.9394567 -0.3073298 0.1515574 -0.9394568 0.3073292 -0.1515578 -0.9394565 0.3073298 -0.1515586 -0.765366 0.577223 -0.2846553 -0.7653653 0.5772241 -0.2846548 -0.4991963 0.7771305 -0.3832379 -0.4991966 0.77713 -0.3832387 -0.1732882 0.8833044 -0.4355968 -0.1732877 0.8833041 -0.4355976 0.1732881 0.8833041 -0.4355976 0.1732878 0.8833044 -0.4355968 0.4991965 0.7771307 -0.3832375 0.4991964 0.7771298 -0.3832392 0.7653659 0.5772235 -0.2846546 0.7653653 0.5772237 -0.2846555 0.9394567 0.3073295 -0.1515578 0.9394565 0.3073295 -0.1515586 0.9394567 -0.3073297 0.1515578 0.9394566 -0.3073299 0.1515578 -0.1732876 -0.9326039 0.3165778 -0.1732876 -0.9326046 0.3165758 -0.4991955 -0.820505 0.2785239 -0.4991973 -0.820504 0.2785235 -0.7653659 -0.6094398 0.2068773 -0.7653651 -0.6094408 0.2068778 -0.9394566 -0.3244827 0.1101474 -0.9394567 -0.3244823 0.1101474 -1 0 0 -0.9394567 0.3244826 -0.1101465 -0.9394567 0.3244827 -0.1101469 -0.7653653 0.6094404 -0.2068773 -0.7653656 0.60944 -0.2068781 -0.4991967 0.8205047 -0.2785224 -0.4991959 0.8205042 -0.2785255 -0.1732878 0.9326043 -0.3165764 -0.1732875 0.9326044 -0.3165763 0.1732879 0.9326043 -0.3165763 0.1732875 0.9326044 -0.3165764 0.4991967 0.8205041 -0.278524 0.4991961 0.8205046 -0.2785241 0.7653654 0.6094403 -0.2068775 0.7653657 0.60944 -0.2068779 0.9394567 0.3244827 -0.1101465 0.9394567 0.3244826 -0.1101469 1 0 0 0.9394568 -0.3244822 0.1101474 0.9394565 -0.3244828 0.1101473 -0.1732874 -0.9659475 0.1921381 -0.1732873 -0.9659472 0.192139 -0.4991972 -0.8498389 0.1690442 -0.4991971 -0.8498392 0.1690435 -0.7653651 -0.6312298 0.1255596 -0.7653654 -0.6312296 0.1255589 -0.9394567 -0.3360835 0.06685119 -0.9394567 -0.3360835 0.06685101 -1 -4.59547e-7 0 -1 2.70032e-7 0 -0.9394568 0.3360833 -0.06685149 -0.9394568 0.3360832 -0.06685119 -0.7653657 0.6312294 -0.1255582 -0.7653654 0.6312293 -0.1255601 -0.4991961 0.8498398 -0.169043 -0.4991962 0.8498397 -0.1690434 -0.1732875 0.9659471 -0.1921401 -0.1732885 0.9659473 -0.1921378 0.1732873 0.9659473 -0.1921393 0.1732887 0.9659472 -0.1921386 0.4991963 0.8498396 -0.1690434 0.4991961 0.8498399 -0.1690431 0.7653658 0.6312292 -0.1255584 0.7653653 0.6312295 -0.1255599 0.9394567 0.3360835 -0.06685167 0.9394569 0.3360831 -0.06685096 1 -1.7233e-7 0 0.9394567 -0.3360834 0.06685096 0.9394566 -0.3360837 0.06685125 0.739341 -0.02323079 0.6729304 0.8446719 -0.03500896 0.5341385 0.9394567 -0.02241158 0.3419342 0.9394568 -0.02241128 0.3419337 0.9890689 -0.009643852 0.1471387 0.964021 0.2652573 -0.0173859 0.999638 0.02684766 -0.001759648 0.9999397 -0.001433968 -0.01089042 0.9890689 -0.1471385 0.00964421 0.9394568 -0.341934 0.02241152 0.9394564 -0.341935 0.0224111 0.8446723 -0.5341376 0.03500908 0.7653655 -0.04209268 0.6422179 0.7653658 -0.1255594 0.6312291 0.7653653 -0.1255593 0.6312297 0.765365 -0.2068776 0.6094409 0.7653653 -0.2068775 0.6094406 0.7653654 -0.2846553 0.5772238 0.7653651 -0.2846553 0.5772241 0.7653653 -0.3575627 0.5351308 0.7653657 -0.3575627 0.5351303 0.7653655 -0.4243524 0.4838811 0.7653651 -0.4243527 0.4838813 0.7653651 -0.4838812 0.4243528 0.7653652 -0.4838816 0.4243524 0.765365 -0.5351309 0.3575633 0.7653654 -0.5351306 0.3575628 0.7653657 -0.5772234 0.2846553 0.7653661 -0.5772236 0.2846539 0.7653657 -0.60944 0.2068776 0.7653653 -0.6094405 0.2068775 0.7653651 -0.6312298 0.1255599 0.7653655 -0.6312296 0.1255586 0.7647394 -0.6438184 0.02591466 0.7388219 -0.6724578 0.04407566 0.1732891 -0.0644145 0.9827623 0.4035569 -0.05984163 0.9129955 0.4984099 -0.03363633 0.8662889 0.499198 -0.1690434 0.8498387 0.4991967 -0.1690424 0.8498396 0.4991965 -0.2785242 0.8205042 0.4991955 -0.2785238 0.820505 0.4991959 -0.3832384 0.7771305 0.4991954 -0.383238 0.777131 0.499196 -0.4813963 0.7204589 0.4991958 -0.4813956 0.7204595 0.4991954 -0.571316 0.6514616 0.4991965 -0.5713165 0.6514602 0.4991959 -0.6514601 0.5713172 0.4991972 -0.6514606 0.5713154 0.4991971 -0.7204594 0.4813944 0.4991968 -0.7204594 0.4813948 0.4991966 -0.7771301 0.3832386 0.4991956 -0.7771304 0.3832389 0.4991955 -0.8205051 0.2785238 0.4991973 -0.820504 0.2785236 0.4991973 -0.849839 0.1690435 0.4991971 -0.849839 0.1690443 0.4991971 -0.8646333 0.05667001 0.5568909 -0.8304241 0.01639044 0.1732858 -0.06441301 0.9827629 0.173286 -0.1921376 0.9659479 0.1732898 -0.1921396 0.9659467 0.1732896 -0.3165764 0.932604 0.1732889 -0.3165761 0.9326042 0.1732892 -0.4355974 0.8833039 0.1732898 -0.4355975 0.8833037 0.1732898 -0.5471652 0.8188901 0.1732876 -0.5471644 0.8188911 0.1732877 -0.6493708 0.7404654 0.1732888 -0.6493707 0.7404653 0.1732888 -0.7404653 0.6493707 0.1732881 -0.7404661 0.6493699 0.1732878 -0.8188902 0.5471655 0.1732876 -0.8188908 0.5471649 0.1732875 -0.8833042 0.4355974 0.1732877 -0.883304 0.4355978 0.1732878 -0.9326038 0.3165777 0.1732875 -0.9326045 0.3165759 0.1732876 -0.9659473 0.192139 0.1732873 -0.9659475 0.1921381 0.1732872 -0.9827626 0.06441402 0.1732874 -0.9827626 0.06441414 0.4035569 0.05984163 0.9129955 0.5561424 0.8293077 0.05435663 -0.9394567 0.02241146 0.3419342 -0.1732858 0.06441301 0.9827629 -0.1732873 0.9827626 0.06441414 -0.1732872 0.9827626 0.06441402 -0.7647395 0.6438184 0.0259149 -0.7388219 0.6724578 0.04407566 -0.4991972 0.8646333 0.05667001 -0.5568909 0.8304241 0.01639044 -0.403557 0.9129955 0.05984115 -0.1732891 0.0644145 0.9827623 -0.4035569 0.05984163 0.9129955 -0.4984096 0.03363627 0.8662889 -0.5561412 0.05435502 0.8293085 -0.7653654 0.04209274 0.6422181 -0.739341 0.02323079 0.6729304 -0.8446719 0.03500896 0.5341385 -0.9999397 0.001433968 -0.01089042 -0.9890689 0.1471385 0.00964421 -0.9394568 0.341934 0.02241152 -0.9394564 0.341935 0.0224111 -0.8446723 0.5341376 0.03500908 -0.9394568 0.02241134 0.3419337 -0.9890689 0.009643852 0.1471387 -0.9999397 -0.0108903 0.00143373 -0.9396883 -0.3394953 -0.04158121 -0.964021 -0.2652573 -0.0173859 -0.999638 -0.02684766 -0.001759648 -0.9996381 -0.001759707 -0.02684795 -0.964021 -0.01738566 -0.2652568 -0.9396883 -0.04158133 -0.3394951 -0.7655216 -0.6416747 -0.04722702 -0.7739405 -0.6319027 -0.04141569 -0.9030939 -0.4285236 -0.02808761 -0.9030941 -0.0280866 -0.4285232 -0.7739399 -0.04141676 -0.6319034 -0.7655217 -0.04722607 -0.6416747 -0.6522173 -0.04957717 -0.7564091 -0.4991964 -0.05667078 -0.8646338 -0.1734366 -0.9816441 -0.07933908 -0.2905124 -0.9548226 -0.06258243 -0.4991964 -0.8646337 -0.0566709 -0.4991967 -0.8646335 -0.05667173 -0.6522163 -0.7564099 -0.04957836 -0.4991961 -0.05667066 -0.8646339 -0.2905189 -0.06258177 -0.9548206 -0.1734343 -0.07933849 -0.9816445 0.1734366 -0.9816441 -0.07933908 0.1202824 -0.9906143 -0.06492757 -0.1202824 -0.9906143 -0.06492757 -0.1202837 -0.06492882 -0.9906141 0.1202837 -0.06492882 -0.9906141 0.1734343 -0.07933849 -0.9816445 0.2905189 -0.06258177 -0.9548206 0.4991963 -0.0566706 -0.8646338 0.7655216 -0.6416746 -0.0472269 0.6522163 -0.7564099 -0.04957836 0.499196 -0.8646339 -0.05667173 0.4991968 -0.8646334 -0.05667084 0.2905124 -0.9548226 -0.06258243 0.4991961 -0.05667078 -0.8646338 0.6522173 -0.04957717 -0.7564091 0.7655217 -0.04722607 -0.6416748 0.9396883 -0.3394953 -0.04158121 0.9030939 -0.4285236 -0.02808761 0.7739405 -0.6319027 -0.04141569 0.7739399 -0.04141682 -0.6319034 0.9030941 -0.02808666 -0.4285232 0.9396883 -0.04158133 -0.3394952 0.9999397 0.001433968 -0.01089042 0.999638 -0.02684766 -0.001759648 0.964021 -0.2652573 -0.0173859 -0.1732873 0.9659475 0.1921381 -0.1732875 0.9659473 0.192139 -0.4991973 0.8498389 0.1690443 -0.4991973 0.849839 0.1690435 -0.7653655 0.6312296 0.1255586 -0.765365 0.6312301 0.1255599 -0.9394568 0.3360835 0.06685125 -0.9394567 0.3360834 0.06685096 -1 0 0 -0.9394569 -0.336083 -0.06685096 -0.9394567 -0.3360834 -0.06685167 -0.7653652 -0.6312297 -0.1255599 -0.7653658 -0.6312292 -0.1255584 -0.4991962 -0.8498398 -0.1690431 -0.4991963 -0.8498396 -0.1690434 -0.1732887 -0.9659471 -0.1921385 -0.1732873 -0.9659473 -0.1921393 0.1732885 -0.9659473 -0.1921378 0.1732875 -0.965947 -0.1921401 0.4991962 -0.8498398 -0.1690434 0.4991961 -0.8498398 -0.1690431 0.7653654 -0.6312294 -0.1255601 0.7653656 -0.6312295 -0.1255582 0.9394568 -0.3360833 -0.06685119 0.9394568 -0.3360832 -0.06685149 1 -4.32052e-7 0 1 3.44661e-7 0 0.9394568 0.3360834 0.06685101 0.9394567 0.3360836 0.06685119 -0.1732873 0.9326045 0.3165759 -0.1732878 0.9326038 0.3165777 -0.4991971 0.8205041 0.2785236 -0.4991955 0.8205051 0.2785238 -0.7653653 0.6094406 0.2068776 -0.7653657 0.60944 0.2068776 -0.9394565 0.3244829 0.1101473 -0.9394567 0.3244824 0.1101474 -0.9394567 -0.3244825 -0.1101469 -0.9394567 -0.3244827 -0.1101465 -0.7653656 -0.60944 -0.2068778 -0.7653654 -0.6094405 -0.2068775 -0.4991961 -0.8205045 -0.2785241 -0.4991967 -0.8205043 -0.278524 -0.1732875 -0.9326044 -0.3165763 -0.1732878 -0.9326043 -0.3165763 0.1732875 -0.9326044 -0.3165763 0.1732878 -0.9326044 -0.3165763 0.4991959 -0.8205041 -0.2785255 0.4991968 -0.8205046 -0.2785225 0.7653656 -0.60944 -0.2068781 0.7653655 -0.6094405 -0.2068773 0.9394567 -0.3244827 -0.1101469 0.9394567 -0.3244826 -0.1101465 0.9394567 0.3244824 0.1101474 0.9394565 0.3244829 0.1101474 -0.1732877 0.883304 0.4355978 -0.1732877 0.8833042 0.4355974 -0.4991954 0.7771306 0.383239 -0.4991966 0.77713 0.3832386 -0.7653661 0.5772235 0.2846539 -0.7653657 0.5772234 0.2846552 -0.9394566 0.3073299 0.1515578 -0.9394567 0.3073296 0.1515578 -1 0 0 -0.9394565 -0.3073295 -0.1515586 -0.9394567 -0.3073296 -0.1515578 -0.7653653 -0.5772238 -0.2846555 -0.7653659 -0.5772235 -0.2846546 -0.4991964 -0.7771298 -0.3832392 -0.4991965 -0.7771306 -0.3832375 -0.1732878 -0.8833045 -0.4355968 -0.1732881 -0.8833041 -0.4355976 0.1732877 -0.8833041 -0.4355976 0.1732882 -0.8833044 -0.4355968 0.4991966 -0.77713 -0.3832387 0.4991963 -0.7771304 -0.3832379 0.7653653 -0.5772241 -0.2846548 0.7653659 -0.5772231 -0.2846553 0.9394565 -0.3073298 -0.1515586 0.9394567 -0.3073293 -0.1515578 1 0 0 0.9394565 0.3073301 0.1515573 0.9394567 0.3073295 0.1515582 -0.1732876 0.8188908 0.5471649 -0.1732879 0.8188902 0.5471655 -0.4991968 0.7204594 0.4813948 -0.4991972 0.7204594 0.4813945 -0.7653654 0.5351306 0.3575628 -0.765365 0.5351309 0.3575633 -0.9394566 0.284918 0.1903765 -0.9394568 0.2849175 0.1903761 -1 2.29774e-7 0 -1 -3.24039e-7 0 -0.9394567 -0.2849177 -0.1903765 -0.9394566 -0.2849181 -0.1903758 -0.765366 -0.5351302 -0.3575624 -0.7653661 -0.5351302 -0.3575621 -0.4991958 -0.7204591 -0.4813961 -0.499196 -0.7204592 -0.4813957 -0.1732885 -0.8188905 -0.5471648 -0.1732867 -0.81889 -0.5471662 0.1732884 -0.8188897 -0.5471661 0.1732869 -0.8188908 -0.547165 0.4991961 -0.7204592 -0.4813958 0.4991958 -0.7204592 -0.4813961 0.7653658 -0.5351303 -0.3575622 0.7653661 -0.5351299 -0.3575623 0.9394565 -0.2849184 -0.1903762 0.9394568 -0.2849175 -0.1903761 1 0 0 0.9394567 0.2849175 0.1903766 0.9394568 0.2849179 0.1903759 -0.1732881 0.7404661 0.6493699 -0.1732888 0.7404653 0.6493707 -0.4991972 0.6514606 0.5713154 -0.4991958 0.6514601 0.5713171 -0.7653652 0.4838816 0.4243524 -0.7653651 0.4838812 0.4243528 -0.9394567 0.2576314 0.2259366 -0.9394569 0.2576309 0.2259359 -0.9394569 -0.2576311 -0.2259361 -0.9394567 -0.2576314 -0.2259364 -0.7653658 -0.4838805 -0.4243522 -0.7653653 -0.4838812 -0.4243522 -0.499196 -0.6514616 -0.5713154 -0.499196 -0.6514604 -0.5713168 -0.1732873 -0.740466 -0.6493702 -0.1732884 -0.7404654 -0.6493706 0.173287 -0.7404663 -0.6493699 0.1732888 -0.7404651 -0.6493709 0.4991962 -0.6514613 -0.5713154 0.4991957 -0.6514605 -0.5713168 0.7653656 -0.4838802 -0.4243529 0.7653654 -0.4838819 -0.4243516 0.9394567 -0.2576314 -0.2259361 0.9394568 -0.2576308 -0.2259365 0.9394568 0.2576309 0.2259365 0.9394569 0.2576311 0.225936 -0.1732887 0.6493707 0.7404653 -0.1732877 0.6493708 0.7404654 -0.4991965 0.5713165 0.6514602 -0.4991955 0.571316 0.6514616 -0.7653651 0.4243527 0.4838813 -0.7653655 0.4243524 0.4838811 -0.9394568 0.2259367 0.2576308 -0.9394567 0.2259367 0.2576315 -1 -2.16026e-7 0 -0.9394568 -0.2259363 -0.2576313 -0.9394566 -0.2259368 -0.2576313 -0.7653654 -0.4243525 -0.4838813 -0.7653652 -0.4243525 -0.4838813 -0.4991959 -0.5713161 -0.651461 -0.4991982 -0.5713159 -0.6514595 -0.1732889 -0.6493709 -0.7404651 -0.1732864 -0.6493712 -0.7404654 0.1732883 -0.6493701 -0.7404658 0.173287 -0.6493718 -0.7404646 0.4991964 -0.5713168 -0.6514599 0.4991977 -0.5713152 -0.6514605 0.7653652 -0.4243527 -0.4838813 0.7653654 -0.4243523 -0.4838813 0.9394567 -0.2259367 -0.2576312 0.9394568 -0.2259365 -0.2576313 1 -4.32052e-7 0 1 2.29773e-7 0 0.9394568 0.2259362 0.2576314 0.9394567 0.2259373 0.2576309 -0.1732876 0.5471644 0.8188911 -0.1732897 0.5471652 0.8188901 -0.4991958 0.4813956 0.7204595 -0.4991961 0.4813963 0.7204589 -0.7653657 0.3575627 0.5351303 -0.7653653 0.3575627 0.5351307 -0.9394565 0.1903761 0.2849184 -0.9394568 0.1903757 0.2849177 -1 0 0 -1 2.16026e-7 0 -0.9394566 -0.1903757 -0.2849184 -0.9394569 -0.1903758 -0.2849174 -0.7653648 -0.3575628 -0.5351314 -0.7653654 -0.3575629 -0.5351303 -0.499198 -0.4813949 -0.7204584 -0.499197 -0.4813947 -0.7204594 -0.1732868 -0.547165 -0.8188908 -0.1732873 -0.5471652 -0.8188906 0.1732869 -0.5471649 -0.818891 0.1732872 -0.5471653 -0.8188906 0.499197 -0.4813947 -0.7204593 0.4991973 -0.4813951 -0.7204587 0.7653648 -0.3575632 -0.5351312 0.7653655 -0.3575626 -0.5351306 0.9394565 -0.1903758 -0.2849184 0.9394569 -0.1903756 -0.2849173 1 2.29774e-7 0 0.9394565 0.1903762 0.2849186 0.9394569 0.1903756 0.2849176 -0.17329 0.4355975 0.8833037 -0.1732892 0.4355974 0.8833039 -0.4991955 0.383238 0.777131 -0.499196 0.3832384 0.7771305 -0.7653651 0.2846552 0.577224 -0.7653654 0.2846553 0.5772238 -0.9394568 0.1515581 0.307329 -0.9394567 0.1515578 0.3073294 -1 0 0 -0.9394567 -0.1515583 -0.3073294 -0.9394565 -0.1515583 -0.3073301 -0.7653646 -0.2846555 -0.5772247 -0.7653664 -0.2846552 -0.5772225 -0.4991984 -0.3832386 -0.7771288 -0.4991956 -0.3832382 -0.7771307 -0.1732875 -0.4355968 -0.8833045 -0.1732856 -0.4355974 -0.8833047 0.1732863 -0.4355971 -0.8833047 0.1732867 -0.4355971 -0.8833045 0.4991979 -0.3832377 -0.7771295 0.4991961 -0.383239 -0.77713 0.7653649 -0.2846558 -0.5772242 0.7653666 -0.2846547 -0.5772226 0.9394567 -0.1515581 -0.3073293 0.9394563 -0.1515587 -0.3073302 1 -4.32052e-7 0 1 2.29773e-7 0 0.9394568 0.1515578 0.3073292 0.9394567 0.1515582 0.3073294 -0.173289 0.3165761 0.9326042 -0.1732898 0.3165764 0.932604 -0.4991955 0.2785238 0.8205049 -0.4991964 0.2785243 0.8205043 -0.7653653 0.2068775 0.6094406 -0.7653651 0.2068776 0.6094409 -0.9394567 0.1101471 0.3244822 -0.9394565 0.1101468 0.3244829 -1 0 0 -0.9394564 -0.1101471 -0.3244834 -0.9394567 -0.1101469 -0.3244823 -0.7653665 -0.2068771 -0.6094391 -0.7653649 -0.2068769 -0.6094412 -0.4991949 -0.2785234 -0.8205055 -0.4991965 -0.2785235 -0.8205046 -0.1732877 -0.3165764 -0.9326044 -0.173287 -0.3165764 -0.9326045 0.1732877 -0.3165766 -0.9326043 0.1732869 -0.3165762 -0.9326045 0.4991963 -0.2785236 -0.8205046 0.4991963 -0.2785231 -0.8205047 0.765366 -0.2068766 -0.6094399 0.7653654 -0.2068774 -0.6094405 0.9394565 -0.1101475 -0.3244829 0.9394568 -0.1101464 -0.3244826 1 4.32052e-7 0 1 -2.29774e-7 0 0.9394567 0.1101468 0.3244825 0.9394566 0.1101471 0.3244826 -0.17329 0.1921396 0.9659466 -0.173286 0.1921376 0.9659479 -0.4991966 0.1690424 0.8498397 -0.4991977 0.1690434 0.8498388 -0.7653653 0.1255593 0.6312297 -0.7653657 0.1255595 0.6312292 -0.9394564 0.06685155 0.3360842 -0.9394568 0.06685137 0.3360831 -0.9394569 -0.06685137 -0.3360829 -0.9394567 -0.06685125 -0.3360834 -0.765366 -0.1255594 -0.6312286 -0.7653653 -0.1255597 -0.6312296 -0.4991961 -0.169044 -0.8498396 -0.4991959 -0.1690438 -0.8498398 -0.1732861 -0.1921393 -0.9659474 -0.1732868 -0.1921386 -0.9659475 0.1732863 -0.1921388 -0.9659476 0.1732867 -0.1921392 -0.9659473 0.4991959 -0.1690438 -0.8498399 0.4991962 -0.1690441 -0.8498396 0.7653654 -0.1255597 -0.6312295 0.7653659 -0.1255595 -0.6312288 0.9394569 -0.06685137 -0.3360831 0.9394567 -0.06685137 -0.3360833 0.9394565 0.06685173 0.336084 0.9394568 0.06685113 0.3360833 0.7393408 0.6729305 0.02323281 0.8446723 0.5341376 0.03500908 0.9394565 0.3419348 0.0224111 0.9394567 0.3419341 0.02241152 0.9890689 0.1471385 0.00964421 0.964021 -0.0173856 -0.2652568 0.9996381 -0.001759767 -0.02684795 0.9999397 -0.0108903 0.00143373 0.9890689 0.009643852 0.1471387 0.9394567 0.02241128 0.341934 0.9394567 0.02241128 0.3419339 0.8446719 0.03500896 0.5341385 0.7653657 0.6422178 0.0420928 0.7653655 0.6312295 0.1255589 0.7653651 0.6312298 0.1255596 0.7653651 0.6094406 0.2068778 0.7653661 0.6094397 0.2068774 0.7653659 0.5772233 0.284655 0.7653659 0.5772237 0.284654 0.7653655 0.5351305 0.3575628 0.7653648 0.535131 0.3575633 0.7653649 0.4838814 0.424353 0.7653654 0.4838814 0.4243522 0.765365 0.4243528 0.4838815 0.7653657 0.4243522 0.4838808 0.7653657 0.3575622 0.5351306 0.7653652 0.3575632 0.5351306 0.7653649 0.2846555 0.5772243 0.7653657 0.2846551 0.5772235 0.765365 0.2068775 0.6094409 0.7653653 0.2068776 0.6094405 0.7653654 0.1255595 0.6312294 0.7653655 0.1255592 0.6312295 0.7647396 0.02591371 0.6438181 0.7388218 0.04407471 0.6724581 0.1732873 0.9827626 0.06441402 0.403557 0.9129955 0.05984115 0.498409 0.8662894 0.03363472 0.4991971 0.8498392 0.1690435 0.4991973 0.8498389 0.1690442 0.4991973 0.820504 0.2785235 0.4991956 0.8205049 0.2785238 0.4991954 0.7771306 0.3832389 0.4991967 0.7771298 0.3832387 0.4991967 0.7204595 0.4813947 0.4991973 0.7204591 0.4813946 0.499197 0.6514596 0.5713168 0.4991961 0.6514611 0.5713158 0.4991963 0.5713167 0.6514602 0.4991955 0.5713157 0.6514616 0.499196 0.4813959 0.7204592 0.4991959 0.481396 0.7204592 0.4991957 0.3832383 0.7771307 0.4991957 0.3832383 0.7771307 0.4991953 0.2785242 0.820505 0.4991967 0.2785239 0.8205043 0.4991962 0.1690435 0.8498397 0.4991986 0.1690422 0.8498385 0.4991981 0.0566703 0.8646328 0.5568891 0.01639068 0.8304252 0.1732873 0.9827627 0.06441414 0.1732873 0.9659472 0.192139 0.1732874 0.9659475 0.1921381 0.1732876 0.9326046 0.3165758 0.1732876 0.9326039 0.3165778 0.1732878 0.8833042 0.4355974 0.1732875 0.883304 0.4355978 0.1732875 0.8188903 0.5471655 0.1732879 0.8188906 0.5471649 0.1732879 0.7404654 0.6493707 0.173289 0.7404659 0.6493698 0.1732887 0.6493702 0.7404657 0.1732877 0.6493713 0.740465 0.1732875 0.5471653 0.8188905 0.1732898 0.5471643 0.8188908 0.1732901 0.4355969 0.8833041 0.1732892 0.435598 0.8833037 0.1732891 0.3165765 0.932604 0.1732898 0.316576 0.9326041 0.1732892 0.1921375 0.9659472 0.1732863 0.1921397 0.9659474 0.1732859 0.0644145 0.9827629 0.173289 0.06441301 0.9827625 -0.4042815 0.9146347 0 -0.4042816 0.9146345 0 -0.556966 0.8305354 0 -0.5569656 0.8305357 0 -0.7395408 0.6731118 0 -0.7395406 0.673112 0 -0.8451906 0.5344651 0 -0.8451896 0.5344667 0 -0.9396926 0.3420203 0 -0.9396929 0.3420198 0 -0.9891149 0.147146 0 -0.9891149 0.1471459 0 -0.9996396 -0.02684807 0 -0.9996396 -0.02684807 0 -0.9641667 -0.2652972 0 -0.9641669 -0.2652963 0 -0.9034502 -0.4286931 0 -0.9034503 -0.4286931 0 -0.774605 -0.6324454 0 -0.7746053 -0.632445 0 -0.6530194 -0.7573412 0 -0.6530212 -0.7573398 0 -0.5000004 -0.8660253 0 -0.5000005 -0.8660252 0 -0.2910829 -0.9566979 0 -0.2910831 -0.9566978 0 -0.1205367 -0.9927089 0 -0.1205367 -0.9927089 0 0.1205367 -0.9927089 0 0.1205367 -0.9927089 0 0.291083 -0.9566978 0 0.291083 -0.9566979 0 0.5000005 -0.8660252 0 0.5000004 -0.8660253 0 0.6530211 -0.7573397 0 0.6530195 -0.7573412 0 0.7746052 -0.632445 0 0.7746051 -0.6324453 0 0.9034502 -0.4286931 0 0.9034503 -0.4286931 0 0.964167 -0.2652963 0 0.9641667 -0.2652972 0 0.9996396 -0.02684807 0 0.9996396 -0.02684807 0 0.9891149 0.147146 0 0.9891149 0.1471459 0 0.9396928 0.3420199 0 0.9396926 0.3420202 0 0.8451895 0.5344667 0 0.8451906 0.5344651 0 0.7395406 0.673112 0 0.7395408 0.6731118 0 0.5569656 0.8305357 0 0.556966 0.8305354 0 0.4042817 0.9146347 0 0.4042815 0.9146346 0 0.173648 0.9848078 0 0.173648 0.9848078 0 -0.173648 0.9848078 0 -0.173648 0.9848078 0 0.4035559 0.912996 -0.05984115 0.5561573 0.05435556 -0.8292977 -0.9394567 0.3419342 -0.0224111 -0.1732873 0.9827627 -0.06441414 -0.17329 0.06441295 -0.9827623 -0.1732831 0.06441307 -0.9827635 -0.7647397 0.02591305 -0.6438182 -0.7388163 0.04407608 -0.6724641 -0.4992081 0.05667126 -0.864627 -0.5568963 0.01638853 -0.8304204 -0.4035385 0.05984073 -0.9130038 -0.173288 0.9827625 -0.06441402 -0.4035559 0.912996 -0.05984115 -0.4984112 0.8662881 -0.03363472 -0.5561411 0.8293084 -0.05435669 -0.7653658 0.6422176 -0.0420928 -0.7393413 0.67293 -0.02323317 -0.8446727 0.5341372 -0.03500902 -0.9999397 -0.01089018 -0.00143373 -0.9890671 0.009644627 -0.1471508 -0.939458 0.0224108 -0.3419305 -0.9394558 0.02241098 -0.3419364 -0.8446756 0.03500777 -0.5341327 -0.9394568 0.3419336 -0.02241152 -0.9890689 0.1471383 -0.00964415 -0.9999397 0.001433968 0.01089042 -0.9396889 -0.04158109 0.3394936 -0.9640206 -0.01738536 0.2652585 -0.999638 -0.001759767 0.02684789 -0.999638 -0.0268476 0.001759648 -0.964021 -0.2652573 0.0173859 -0.939688 -0.339496 0.04158127 -0.7655183 -0.0472263 0.6416786 -0.7739483 -0.04141545 0.631893 -0.903089 -0.02808672 0.4285342 -0.9030941 -0.4285235 0.02808761 -0.7739412 -0.6319019 0.04141569 -0.7655213 -0.6416751 0.04722696 -0.652217 -0.7564093 0.04957836 -0.499195 -0.8646345 0.05667179 -0.1734358 -0.07933849 0.9816443 -0.290555 -0.06258106 0.9548097 -0.4991848 -0.05667102 0.8646403 -0.499202 -0.0566715 0.8646304 -0.6521824 -0.04958021 0.7564391 -0.4991966 -0.8646336 0.0566709 -0.290512 -0.9548227 0.06258249 -0.1734367 -0.981644 0.07933908 0.1734358 -0.07933849 0.9816443 0.1202944 -0.06492984 0.9906127 -0.1202944 -0.06492984 0.9906127 -0.1202827 -0.9906142 0.06492757 0.1202827 -0.9906142 0.06492757 0.1734365 -0.9816442 0.07933908 0.290512 -0.9548227 0.06258249 0.4991962 -0.8646337 0.0566709 0.7655184 -0.0472263 0.6416786 0.6521824 -0.04958021 0.7564391 0.4992021 -0.0566715 0.8646303 0.4991846 -0.05667102 0.8646405 0.290555 -0.06258106 0.9548097 0.4991954 -0.8646342 0.05667179 0.652217 -0.7564093 0.04957836 0.7655211 -0.6416752 0.04722708 0.9396889 -0.04158109 0.3394935 0.903089 -0.02808672 0.4285342 0.7739483 -0.04141545 0.631893 0.7739412 -0.6319019 0.04141569 0.9030943 -0.4285228 0.02808755 0.939688 -0.3394957 0.04158127 0.9999397 -0.01089018 -0.00143373 0.999638 -0.001759767 0.02684789 0.9640206 -0.01738536 0.2652585 -0.1732816 0.1921398 -0.9659482 -0.1732985 0.1921387 -0.9659454 -0.4991879 0.1690447 -0.8498443 -0.4991996 0.1690431 -0.8498378 -0.7653674 0.1255588 -0.6312273 -0.7653619 0.1255602 -0.6312336 -0.9394587 0.06685012 -0.3360782 -0.9394544 0.06685316 -0.3360897 -0.9394553 -0.06685256 0.3360869 -0.939458 -0.06685096 0.3360799 -0.7653625 -0.1255609 0.6312327 -0.7653673 -0.1255584 0.6312273 -0.4992021 -0.1690424 0.8498365 -0.4991857 -0.1690441 0.8498457 -0.1732831 -0.1921383 0.9659482 -0.1733028 -0.1921372 0.965945 0.1732891 -0.1921375 0.9659473 0.1732969 -0.192138 0.9659458 0.4991937 -0.1690432 0.8498412 0.4991939 -0.1690433 0.8498411 0.7653654 -0.125559 0.6312296 0.7653619 -0.1255611 0.6312333 0.9394558 -0.06685221 0.3360858 0.9394569 -0.06685179 0.3360829 1 0 0 1 2.29773e-7 0 0.9394555 0.06685256 -0.3360868 0.9394575 0.06685078 -0.3360814 -0.17329 0.3165774 -0.9326036 -0.1732916 0.3165764 -0.9326037 -0.4991879 0.2785255 -0.820509 -0.4992007 0.2785232 -0.820502 -0.7653641 0.2068777 -0.609442 -0.7653673 0.2068775 -0.609438 -0.9394549 0.1101493 -0.3244869 -0.9394569 0.1101467 -0.3244819 -0.9394562 -0.1101468 0.3244838 -0.9394571 -0.1101467 0.3244816 -0.7653625 -0.2068785 0.6094437 -0.765366 -0.2068766 0.60944 -0.4992067 -0.2785212 0.8204991 -0.4991877 -0.2785252 0.8205092 -0.173295 -0.3165757 0.9326032 -0.1732875 -0.3165775 0.932604 0.1733007 -0.3165765 0.9326018 0.1732816 -0.3165767 0.9326053 0.4991848 -0.2785257 0.8205108 0.4992096 -0.2785207 0.8204974 0.7653654 -0.2068768 0.6094407 0.7653658 -0.2068772 0.6094399 0.9394572 -0.1101465 0.324481 0.9394561 -0.1101468 0.3244845 1 0 0 0.9394545 0.1101487 -0.3244881 0.9394574 0.1101471 -0.3244803 -0.1732901 0.435598 -0.8833034 -0.1732906 0.4355969 -0.8833039 -0.4991877 0.3832404 -0.7771349 -0.4992045 0.383235 -0.7771267 -0.7653612 0.2846569 -0.5772286 -0.7653658 0.2846549 -0.5772235 -0.9394567 0.1515581 -0.3073292 -0.9394569 0.1515573 -0.3073292 -1 4.59545e-7 0 -1 -2.16025e-7 0 -0.9394562 -0.1515586 0.3073306 -0.9394565 -0.1515583 0.30733 -0.7653684 -0.2846536 0.5772206 -0.7653655 -0.2846554 0.5772235 -0.4991925 -0.38324 0.7771319 -0.4992025 -0.3832366 0.7771273 -0.1732831 -0.4355974 0.8833051 -0.1732826 -0.4355973 0.8833052 0.1732835 -0.4355976 0.883305 0.1732823 -0.4355973 0.8833054 0.499203 -0.3832364 0.777127 0.499192 -0.3832402 0.7771322 0.7653653 -0.2846559 0.5772237 0.765366 -0.2846548 0.5772233 0.9394559 -0.151559 0.3073315 0.9394559 -0.1515591 0.307331 1 0 0 0.9394564 0.1515579 -0.3073305 0.9394572 0.1515576 -0.3073279 -0.1732904 0.5471631 -0.8188914 -0.1732797 0.5471661 -0.8188916 -0.4991974 0.4813956 -0.7204584 -0.4992026 0.4813936 -0.7204561 -0.7653641 0.3575641 -0.5351316 -0.7653637 0.3575628 -0.5351329 -0.9394575 0.1903746 -0.2849164 -0.9394568 0.1903759 -0.2849178 -0.9394572 -0.1903751 0.2849165 -0.9394559 -0.190377 0.2849199 -0.7653681 -0.3575611 0.5351278 -0.7653646 -0.3575629 0.5351316 -0.4992021 -0.4813937 0.7204564 -0.499189 -0.4813973 0.7204632 -0.1732891 -0.5471652 0.8188903 -0.1732865 -0.5471649 0.818891 0.1732774 -0.5471661 0.818892 0.1732982 -0.5471639 0.8188892 0.4991936 -0.4813958 0.720461 0.4991974 -0.4813951 0.7204587 0.7653629 -0.3575645 0.535133 0.7653673 -0.3575611 0.5351291 0.939456 -0.1903773 0.2849196 0.9394572 -0.1903747 0.2849168 1 0 0 0.9394571 0.1903756 -0.2849169 0.9394567 0.1903756 -0.2849184 -0.173273 0.649373 -0.740467 -0.1732916 0.6493698 -0.7404654 -0.4991939 0.5713164 -0.6514623 -0.4992019 0.5713152 -0.6514572 -0.7653654 0.4243529 -0.4838804 -0.7653653 0.4243531 -0.4838808 -0.9394558 0.2259391 -0.2576324 -0.9394567 0.2259359 -0.2576317 -0.9394558 -0.2259386 0.2576327 -0.9394566 -0.2259366 0.2576317 -0.7653656 -0.4243518 0.4838815 -0.7653661 -0.4243519 0.4838804 -0.4991974 -0.5713153 0.6514606 -0.4991942 -0.5713177 0.651461 -0.1732891 -0.6493715 0.7404645 -0.1732821 -0.6493708 0.7404667 0.1732776 -0.6493722 0.7404666 0.1732937 -0.6493702 0.7404645 0.4991893 -0.5713192 0.6514633 0.4992024 -0.5713137 0.6514581 0.7653655 -0.4243522 0.483881 0.7653661 -0.4243514 0.4838808 0.9394552 -0.2259391 0.2576345 0.9394572 -0.2259358 0.2576298 1 2.16025e-7 0 0.9394555 0.2259385 -0.257634 0.9394571 0.2259363 -0.25763 -0.1732945 0.7404652 -0.6493691 -0.1732804 0.7404658 -0.6493723 -0.4992008 0.6514585 -0.5713147 -0.4991975 0.6514589 -0.5713171 -0.7653648 0.4838815 -0.4243531 -0.7653647 0.4838812 -0.4243537 -0.9394572 0.2576301 -0.2259356 -0.9394567 0.2576314 -0.2259365 -0.9394568 -0.2576307 0.2259368 -0.9394566 -0.257632 0.2259363 -0.7653667 -0.4838809 0.4243502 -0.765365 -0.4838808 0.4243533 -0.4991994 -0.6514589 0.5713154 -0.4991939 -0.6514628 0.5713158 -0.173283 -0.7404664 0.649371 -0.1732918 -0.7404657 0.6493694 0.1732949 -0.7404646 0.6493698 0.1732798 -0.7404675 0.6493705 0.4991978 -0.65146 0.5713155 0.4991954 -0.6514618 0.5713156 0.7653682 -0.4838787 0.42435 0.7653634 -0.4838833 0.4243536 0.9394566 -0.2576317 0.2259367 0.9394565 -0.2576318 0.2259371 0.939458 0.2576289 -0.2259337 0.9394565 0.2576316 -0.2259373 -0.1732857 0.8188913 -0.5471648 -0.1732844 0.8188908 -0.5471658 -0.4992008 0.7204574 -0.4813935 -0.4991939 0.7204611 -0.4813953 -0.7653653 0.5351309 -0.3575627 -0.7653657 0.5351303 -0.3575625 -0.9394565 0.2849183 -0.1903757 -0.9394568 0.2849172 -0.1903765 -1 0 0 -0.9394569 -0.2849174 0.1903758 -0.9394562 -0.2849189 0.1903769 -0.765367 -0.5351289 0.357562 -0.7653648 -0.5351314 0.357563 -0.4991971 -0.7204585 0.4813957 -0.4991976 -0.7204583 0.4813956 -0.1732863 -0.8188905 0.5471656 -0.1732831 -0.8188902 0.5471671 0.1732835 -0.8188902 0.5471671 0.1732889 -0.8188901 0.5471654 0.4991987 -0.7204577 0.4813953 0.4991983 -0.7204579 0.4813953 0.7653629 -0.5351332 0.3575643 0.7653676 -0.5351282 0.3575616 0.939456 -0.2849196 0.1903771 0.9394569 -0.2849171 0.1903759 1 -2.16027e-7 0 1 0 0 0.9394572 0.2849162 -0.1903753 0.9394561 0.2849193 -0.1903769 -0.1732881 0.8833039 -0.4355981 -0.1732885 0.8833042 -0.4355971 -0.4991962 0.7771303 -0.3832386 -0.4991959 0.7771303 -0.3832391 -0.7653642 0.5772255 -0.284655 -0.7653647 0.5772245 -0.2846559 -0.9394565 0.3073301 -0.1515585 -0.9394563 0.3073307 -0.1515578 -1 -4.59546e-7 0 -0.9394569 -0.3073291 0.1515577 -0.9394566 -0.3073297 0.1515586 -0.7653663 -0.5772227 0.2846552 -0.765364 -0.5772256 0.2846555 -0.4991971 -0.7771303 0.3832374 -0.4991971 -0.7771299 0.3832382 -0.173289 -0.8833045 0.4355964 -0.1732881 -0.8833039 0.4355978 0.1732921 -0.8833034 0.4355975 0.173285 -0.8833051 0.4355967 0.4991984 -0.7771297 0.3832366 0.4991943 -0.777131 0.3832393 0.7653654 -0.5772241 0.2846547 0.7653642 -0.577225 0.2846562 0.9394574 -0.3073279 0.1515569 0.9394559 -0.3073309 0.1515596 1 -4.32051e-7 0 0.9394562 0.3073309 -0.1515582 0.9394564 0.3073304 -0.1515582 -0.1732878 0.9326039 -0.3165778 -0.1732883 0.9326044 -0.316576 -0.4991972 0.820504 -0.2785237 -0.4991955 0.8205051 -0.2785236 -0.7653665 0.6094393 -0.2068769 -0.7653641 0.6094418 -0.2068781 -0.9394571 0.3244816 -0.1101471 -0.9394567 0.3244822 -0.1101473 -1 0 0 -0.9394565 -0.3244829 0.1101466 -0.9394565 -0.324483 0.1101469 -0.7653657 -0.6094402 0.2068769 -0.7653664 -0.609439 0.2068777 -0.4991957 -0.8205052 0.2785228 -0.4991973 -0.8205032 0.2785255 -0.1732907 -0.9326037 0.3165765 -0.1732873 -0.9326046 0.3165761 0.1732891 -0.9326041 0.316576 0.1732873 -0.9326043 0.3165767 0.4991964 -0.8205043 0.2785243 0.499196 -0.8205046 0.2785241 0.7653679 -0.6094377 0.2068765 0.7653649 -0.6094408 0.206878 0.9394574 -0.324481 0.1101459 0.9394562 -0.3244836 0.1101472 1 0 0 0.9394572 0.3244807 -0.1101469 0.9394561 0.3244837 -0.1101476 -0.173287 0.9659475 -0.1921381 -0.1732875 0.9659473 -0.192139 -0.4991972 0.849839 -0.1690442 -0.499196 0.8498398 -0.1690437 -0.765365 0.63123 -0.1255596 -0.7653646 0.6312306 -0.1255592 -0.9394564 0.3360843 -0.06685125 -0.9394569 0.3360829 -0.06685096 -1 4.59547e-7 0 -1 -2.70033e-7 0 -0.9394565 -0.3360838 0.06685155 -0.9394569 -0.3360828 0.06685107 -0.7653663 -0.6312288 0.1255581 -0.7653648 -0.6312302 0.1255602 -0.4991959 -0.84984 0.1690431 -0.4991961 -0.8498399 0.1690433 -0.1732875 -0.9659472 0.1921399 -0.1732883 -0.9659474 0.1921377 0.1732861 -0.9659476 0.1921392 0.1732897 -0.965947 0.1921384 0.4991961 -0.8498398 0.1690433 0.4991973 -0.8498391 0.169043 0.7653668 -0.6312281 0.1255583 0.7653641 -0.631231 0.1255602 0.9394566 -0.3360837 0.06685167 0.9394575 -0.3360812 0.0668506 1 1.72331e-7 0 0.9394569 0.336083 -0.06685096 0.9394561 0.3360849 -0.06685137 0.7393422 0.02322971 -0.6729291 0.8446756 0.03500777 -0.5341327 0.9394568 0.0224108 -0.3419339 0.9394571 0.02241098 -0.3419328 0.9890671 0.009644627 -0.1471508 0.964021 -0.2652573 0.0173859 0.9996381 -0.02684754 0.001759648 0.9999397 0.001433968 0.01089042 0.9890689 0.1471383 -0.00964415 0.9394564 0.341935 -0.02241158 0.9394572 0.3419327 -0.02241098 0.8446727 0.5341372 -0.03500902 0.7653608 0.04209393 -0.6422233 0.765361 0.1255605 -0.6312347 0.7653682 0.1255586 -0.6312261 0.7653673 0.2068774 -0.609438 0.765364 0.206878 -0.6094419 0.7653676 0.2846542 -0.5772214 0.7653592 0.2846577 -0.5772308 0.7653583 0.3575667 -0.5351382 0.7653682 0.3575611 -0.5351278 0.7653636 0.4243543 -0.4838823 0.7653672 0.4243516 -0.4838789 0.7653678 0.4838784 -0.4243511 0.7653614 0.4838843 -0.4243558 0.7653657 0.5351305 -0.3575625 0.7653654 0.5351307 -0.3575627 0.7653645 0.5772245 -0.2846559 0.7653647 0.577225 -0.2846549 0.765365 0.6094409 -0.2068779 0.7653654 0.6094404 -0.2068772 0.7653654 0.6312294 -0.1255598 0.7653645 0.6312308 -0.1255589 0.7647399 0.6438177 -0.02591466 0.738821 0.6724589 -0.04407572 0.1732901 0.06441301 -0.9827623 0.4035385 0.05984073 -0.9130038 0.4984109 0.03363549 -0.8662883 0.4991956 0.1690436 -0.8498401 0.4991921 0.1690441 -0.8498421 0.4992019 0.2785232 -0.8205012 0.4991867 0.2785254 -0.8205097 0.4991962 0.3832374 -0.777131 0.4991962 0.3832379 -0.7771306 0.4992021 0.4813944 -0.7204559 0.4992011 0.4813939 -0.720457 0.4992012 0.5713145 -0.6514584 0.4991946 0.5713171 -0.6514611 0.499199 0.6514583 -0.5713165 0.4991992 0.6514591 -0.5713154 0.4991953 0.7204604 -0.4813948 0.4991976 0.720459 -0.4813945 0.499199 0.7771286 -0.3832383 0.4991937 0.7771314 -0.3832392 0.4991954 0.8205052 -0.2785236 0.4991977 0.8205037 -0.2785237 0.4991952 0.8498402 -0.1690438 0.4991989 0.8498381 -0.169044 0.499198 0.8646329 -0.05666995 0.5568915 0.8304236 -0.01639044 0.1732829 0.06441301 -0.9827635 0.1732819 0.1921392 -0.9659482 0.1732984 0.1921393 -0.9659452 0.1732984 0.3165759 -0.9326025 0.1732831 0.3165777 -0.9326047 0.1732985 0.4355967 -0.8833024 0.1732821 0.4355981 -0.8833049 0.1732901 0.5471652 -0.8188902 0.1732799 0.5471642 -0.8188929 0.1732901 0.6493705 -0.7404651 0.1732745 0.6493723 -0.7404672 0.1732778 0.7404661 -0.6493726 0.1732971 0.7404649 -0.6493688 0.173286 0.8188906 -0.5471657 0.1732841 0.8188915 -0.5471649 0.1732859 0.8833046 -0.4355973 0.1732886 0.8833038 -0.4355981 0.1732882 0.9326037 -0.3165779 0.1732879 0.9326045 -0.3165758 0.173287 0.9659473 -0.192139 0.1732875 0.9659474 -0.192138 0.1732875 0.9827626 -0.06441402 0.1732873 0.9827626 -0.06441414 0.4035385 -0.05984073 -0.9130038 0.5561411 -0.8293084 -0.05435669 -0.9394568 -0.0224108 -0.3419339 -0.1732816 -0.06441307 -0.9827638 -0.1732878 -0.9827625 -0.06441414 -0.1732875 -0.9827626 -0.06441402 -0.7647398 -0.6438179 -0.0259149 -0.738821 -0.6724589 -0.04407572 -0.4991987 -0.8646324 -0.05666995 -0.5568915 -0.8304236 -0.01639044 -0.4035559 -0.912996 -0.05984115 -0.1732901 -0.06441301 -0.9827623 -0.4035385 -0.05984073 -0.9130038 -0.4984136 -0.03363549 -0.8662866 -0.5561573 -0.05435556 -0.8292977 -0.7653607 -0.04209399 -0.6422236 -0.7393422 -0.02322977 -0.6729292 -0.8446756 -0.03500777 -0.5341327 -0.9999397 -0.001433968 0.01089042 -0.9890689 -0.1471383 -0.00964415 -0.9394564 -0.341935 -0.02241158 -0.9394572 -0.3419327 -0.02241098 -0.8446727 -0.5341372 -0.03500902 -0.9394571 -0.02241098 -0.3419328 -0.9890671 -0.009644627 -0.1471508 -0.9999397 0.01089018 -0.00143373 -0.939688 0.3394957 0.04158127 -0.964021 0.2652573 0.0173859 -0.9996381 0.02684754 0.001759648 -0.999638 0.001759767 0.02684789 -0.9640206 0.01738536 0.2652585 -0.9396889 0.04158109 0.3394935 -0.903089 0.02808684 0.4285342 -0.7739483 0.04141545 0.631893 -0.7655184 0.0472263 0.6416786 -0.6521824 0.04958021 0.7564391 -0.4992021 0.0566715 0.8646303 -0.1734365 0.9816442 0.07933908 -0.290512 0.9548227 0.06258249 -0.4991962 0.8646337 0.0566709 -0.4991951 0.8646344 0.05667179 -0.7653656 0.6422179 0.04209309 -0.7653657 0.6422176 0.04209351 -0.9030943 0.4285228 0.02808755 -0.4991846 0.05667102 0.8646405 -0.290555 0.06258106 0.9548097 -0.1734358 0.07933849 0.9816443 0.1734367 0.981644 0.07933908 0.1202827 0.9906142 0.06492757 -0.1202827 0.9906142 0.06492757 -0.1202944 0.06492984 0.9906127 0.1202944 0.06492984 0.9906127 0.1734358 0.07933849 0.9816443 0.290555 0.06258106 0.9548097 0.4991848 0.05667102 0.8646403 0.499202 0.05667144 0.8646304 0.6521824 0.04958021 0.7564391 0.7655183 0.0472263 0.6416786 0.939688 0.339496 0.04158127 0.9030943 0.4285228 0.02808755 0.765366 0.6422175 0.04209274 0.7653654 0.6422181 0.04209387 0.499195 0.8646345 0.05667179 0.4991964 0.8646338 0.0566709 0.290512 0.9548227 0.06258249 0.7739483 0.04141539 0.631893 0.903089 0.02808672 0.4285342 0.9396889 0.04158109 0.3394936 0.9999397 -0.001433968 0.01089042 0.9996381 0.02684754 0.001759648 0.964021 0.2652573 0.0173859 -0.1732881 -0.9659473 -0.192138 -0.173287 -0.9659473 -0.192139 -0.4991973 -0.8498389 -0.1690442 -0.499196 -0.8498399 -0.1690437 -0.7653644 -0.6312309 -0.1255589 -0.7653659 -0.6312288 -0.1255597 -0.9394562 -0.336085 -0.06685137 -0.9394568 -0.336083 -0.06685096 -0.9394572 0.3360822 0.06685084 -0.9394562 0.3360847 0.06685191 -0.7653639 0.631231 0.1255602 -0.7653667 0.6312281 0.1255582 -0.4991974 0.8498392 0.169043 -0.499195 0.8498405 0.1690434 -0.1732904 0.9659468 0.1921383 -0.1732864 0.9659474 0.1921392 0.1732883 0.9659474 0.1921377 0.1732878 0.965947 0.1921399 0.4991963 0.8498397 0.1690433 0.4991961 0.8498398 0.1690431 0.7653648 0.6312302 0.1255602 0.7653662 0.6312288 0.1255581 0.9394572 0.3360822 0.06685096 0.9394568 0.3360832 0.06685149 1 4.32053e-7 0 1 -3.4466e-7 0 0.9394567 -0.3360836 -0.06685107 0.9394567 -0.3360838 -0.06685113 -0.1732879 -0.9326045 -0.3165758 -0.1732876 -0.9326038 -0.3165779 -0.4991977 -0.8205037 -0.2785237 -0.4991954 -0.8205052 -0.2785236 -0.7653654 -0.6094403 -0.2068772 -0.765365 -0.6094407 -0.2068778 -0.9394567 -0.3244826 -0.1101472 -0.9394572 -0.324481 -0.1101469 -0.9394562 0.3244836 0.1101472 -0.9394569 0.3244819 0.1101462 -0.7653649 0.6094409 0.206878 -0.7653666 0.6094391 0.2068769 -0.4991949 0.8205052 0.2785243 -0.4991964 0.8205043 0.2785243 -0.1732862 0.9326046 0.3165767 -0.1732902 0.9326041 0.316576 0.1732876 0.9326045 0.3165761 0.1732903 0.9326038 0.3165766 0.4991968 0.8205037 0.2785257 0.499195 0.8205056 0.2785229 0.7653658 0.6094397 0.206878 0.7653657 0.6094402 0.206877 0.9394567 0.3244826 0.1101468 0.9394568 0.3244824 0.1101465 0.9394569 -0.3244817 -0.1101471 0.9394567 -0.3244823 -0.1101472 -0.1732901 -0.8833035 -0.4355979 -0.1732875 -0.8833044 -0.4355972 -0.4991937 -0.7771314 -0.3832392 -0.499199 -0.7771286 -0.3832383 -0.7653646 -0.577225 -0.2846549 -0.7653647 -0.5772245 -0.2846559 -0.9394559 -0.3073315 -0.1515588 -0.9394562 -0.3073307 -0.1515582 -1 3.24038e-7 0 -0.9394556 0.3073318 0.1515601 -0.9394574 0.3073279 0.1515569 -0.7653628 0.5772265 0.284657 -0.7653659 0.5772234 0.2846544 -0.499192 0.7771322 0.3832399 -0.4991996 0.7771291 0.3832363 -0.1732861 0.883305 0.4355966 -0.1732925 0.8833033 0.4355974 0.1732892 0.8833038 0.4355978 0.1732894 0.8833044 0.4355963 0.4991971 0.7771299 0.3832382 0.4991971 0.7771303 0.3832374 0.765364 0.5772255 0.2846555 0.7653661 0.5772228 0.2846552 0.9394566 0.3073297 0.1515587 0.9394568 0.307329 0.1515578 1 3.44659e-7 0 0.9394562 -0.3073309 -0.151558 0.9394564 -0.3073303 -0.1515587 -0.1732857 -0.8188913 -0.5471648 -0.1732875 -0.8188903 -0.5471655 -0.4992008 -0.7204574 -0.4813935 -0.499197 -0.7204596 -0.4813943 -0.765367 -0.535129 -0.3575616 -0.7653657 -0.5351305 -0.3575625 -0.9394565 -0.2849183 -0.1903762 -0.9394574 -0.2849161 -0.1903754 -1 -2.29773e-7 0 -1 2.16028e-7 0 -0.9394569 0.2849171 0.1903759 -0.9394563 0.2849188 0.1903765 -0.7653682 0.5351276 0.3575611 -0.7653642 0.5351319 0.3575634 -0.4991971 0.7204585 0.4813957 -0.4991964 0.7204588 0.481396 -0.1732892 0.8188902 0.5471653 -0.1732809 0.8188905 0.5471673 0.1732835 0.8188902 0.5471671 0.1732866 0.8188905 0.5471656 0.4991964 0.7204588 0.481396 0.4991971 0.7204585 0.4813957 0.7653641 0.535132 0.3575634 0.765367 0.5351288 0.3575621 0.9394565 0.2849182 0.1903766 0.9394571 0.2849169 0.1903755 0.9394567 -0.2849174 -0.1903765 0.9394567 -0.2849182 -0.1903757 -0.1732987 -0.7404647 -0.6493687 -0.1732763 -0.7404663 -0.6493728 -0.4992008 -0.6514585 -0.5713148 -0.499199 -0.6514583 -0.5713165 -0.7653614 -0.4838843 -0.4243558 -0.7653678 -0.4838784 -0.4243511 -0.9394568 -0.2576308 -0.2259365 -0.9394576 -0.2576296 -0.2259345 -0.9394565 0.2576319 0.2259371 -0.9394569 0.257631 0.225936 -0.7653622 0.4838844 0.4243547 -0.7653675 0.4838793 0.4243505 -0.499193 0.6514629 0.5713164 -0.4991978 0.65146 0.5713155 -0.1732773 0.7404679 0.6493708 -0.173296 0.7404644 0.6493697 0.1732892 0.7404661 0.6493697 0.1732841 0.7404662 0.6493709 0.4991939 0.6514627 0.5713158 0.4991993 0.651459 0.5713153 0.7653651 0.4838808 0.4243534 0.765366 0.4838817 0.4243507 0.9394566 0.2576321 0.2259363 0.9394568 0.2576308 0.2259368 0.9394569 -0.2576308 -0.2259361 0.9394572 -0.2576302 -0.2259356 -0.1732729 -0.6493725 -0.7404674 -0.1732922 -0.6493703 -0.7404648 -0.4991946 -0.5713171 -0.6514611 -0.4992004 -0.5713147 -0.6514587 -0.7653672 -0.4243516 -0.4838789 -0.7653628 -0.424355 -0.483883 -0.9394567 -0.2259372 -0.257631 -0.9394557 -0.2259382 -0.2576335 -0.9394569 0.2259366 0.2576306 -0.939455 0.2259395 0.2576349 -0.7653656 0.4243519 0.4838814 -0.7653662 0.4243518 0.4838805 -0.4992024 0.5713136 0.6514582 -0.4991893 0.5713192 0.6514633 -0.1732949 0.64937 0.7404644 -0.1732801 0.6493718 0.7404662 0.1732832 0.6493707 0.7404665 0.1732917 0.6493712 0.7404641 0.4991942 0.5713177 0.651461 0.4991974 0.5713153 0.6514606 0.7653654 0.4243524 0.4838809 0.7653662 0.4243512 0.4838808 0.9394566 0.2259367 0.2576317 0.9394556 0.2259387 0.2576331 1 -2.29773e-7 0 0.9394567 -0.225936 -0.2576317 0.939456 -0.2259387 -0.2576319 -0.173282 -0.5471639 -0.8188925 -0.1732895 -0.5471652 -0.8188901 -0.4992003 -0.4813941 -0.7204574 -0.4991998 -0.4813951 -0.720457 -0.7653673 -0.3575616 -0.5351287 -0.7653599 -0.3575656 -0.5351366 -0.9394568 -0.1903752 -0.2849179 -0.9394575 -0.1903749 -0.2849159 -1 0 0 -1 -2.16027e-7 0 -0.9394571 0.190375 0.2849173 -0.9394561 0.190377 0.2849191 -0.7653679 0.3575606 0.5351285 -0.7653649 0.3575632 0.535131 -0.4991974 0.4813951 0.7204587 -0.4991941 0.4813956 0.7204607 -0.1733008 0.5471636 0.8188888 -0.1732782 0.547166 0.818892 0.1732891 0.5471646 0.8188907 0.1732898 0.5471651 0.8188902 0.499189 0.4813973 0.7204632 0.4992027 0.4813934 0.7204561 0.7653653 0.3575624 0.535131 0.7653675 0.3575614 0.5351285 0.9394557 0.1903771 0.2849203 0.9394575 0.1903748 0.2849161 1 -2.29775e-7 0 0.939457 -0.1903753 -0.2849173 0.9394575 -0.1903746 -0.2849164 -0.1732816 -0.4355982 -0.883305 -0.1732969 -0.4355968 -0.8833027 -0.4991939 -0.3832385 -0.7771317 -0.499197 -0.3832372 -0.7771305 -0.765361 -0.2846568 -0.577229 -0.7653676 -0.2846542 -0.5772214 -0.9394568 -0.1515581 -0.307329 -0.9394566 -0.1515575 -0.30733 -1 0 0 -0.9394562 0.1515589 0.3073306 -0.9394563 0.1515585 0.3073305 -0.7653681 0.2846537 0.5772212 -0.7653672 0.2846549 0.5772216 -0.4991925 0.3832401 0.7771319 -0.4992048 0.3832359 0.7771261 -0.173283 0.4355971 0.8833053 -0.1732851 0.4355974 0.8833046 0.1732833 0.4355973 0.8833051 0.1732848 0.4355974 0.8833049 0.499203 0.3832364 0.7771269 0.4991943 0.3832395 0.777131 0.7653649 0.2846558 0.5772242 0.7653676 0.2846541 0.5772213 0.9394567 0.1515578 0.3073295 0.9394558 0.1515594 0.3073316 1 4.32051e-7 0 1 -2.29773e-7 0 0.9394572 -0.1515567 -0.3073281 0.9394569 -0.1515578 -0.3073287 -0.1732816 -0.3165779 -0.932605 -0.1732984 -0.3165759 -0.9326025 -0.4991875 -0.2785252 -0.8205093 -0.4992039 -0.2785229 -0.8205003 -0.765364 -0.206878 -0.6094419 -0.7653665 -0.2068777 -0.609439 -0.9394577 -0.1101468 -0.3244798 -0.9394547 -0.1101486 -0.3244875 -0.9394564 0.1101464 0.3244834 -0.9394574 0.1101464 0.3244805 -0.7653679 0.2068765 0.6094377 -0.7653634 0.2068775 0.6094429 -0.4992114 0.2785204 0.8204965 -0.4991837 0.2785259 0.8205115 -0.1732833 0.3165767 0.9326051 -0.1732989 0.3165766 0.9326022 0.1732891 0.3165774 0.9326037 0.1732931 0.3165758 0.9326035 0.4991894 0.2785249 0.8205083 0.4992055 0.2785214 0.8204997 0.7653654 0.2068767 0.6094407 0.7653631 0.2068783 0.609443 0.9394566 0.110147 0.3244826 0.9394565 0.1101464 0.3244833 0.9394571 -0.1101465 -0.3244814 0.9394551 -0.1101492 -0.3244863 -0.1732984 -0.1921393 -0.9659452 -0.1732805 -0.1921392 -0.9659485 -0.4991941 -0.1690439 -0.8498409 -0.4991983 -0.1690433 -0.8498384 -0.7653675 -0.1255589 -0.6312271 -0.7653607 -0.1255605 -0.631235 -0.9394577 -0.0668506 -0.3360808 -0.9394555 -0.06685256 -0.3360868 -1 0 0 -0.9394562 0.06685197 0.3360846 -0.9394565 0.06685179 0.3360841 -0.7653626 0.1255609 0.6312326 -0.7653673 0.1255584 0.6312274 -0.4991927 0.1690435 0.8498418 -0.4991919 0.1690434 0.8498423 -0.1732951 0.192138 0.9659461 -0.1732918 0.1921374 0.9659468 0.173301 0.1921373 0.9659453 0.1732858 0.1921381 0.9659477 0.4991846 0.1690441 0.8498464 0.4992002 0.1690427 0.8498376 0.7653681 0.1255583 0.6312265 0.7653619 0.1255611 0.6312335 0.9394581 0.0668509 0.3360794 0.9394552 0.06685262 0.3360874 0.9394545 -0.06685304 -0.3360891 0.9394587 -0.06685012 -0.3360782 0.7393414 -0.6729298 -0.02323281 0.8446727 -0.5341372 -0.03500902 0.9394568 -0.3419339 -0.02241104 0.9394568 -0.3419338 -0.02241152 0.9890689 -0.1471383 -0.00964415 0.9640206 0.01738536 0.2652585 0.999638 0.001759767 0.02684789 0.9999397 0.01089018 -0.00143373 0.9890671 -0.009644627 -0.1471508 0.939458 -0.0224108 -0.3419305 0.9394558 -0.02241098 -0.3419364 0.8446756 -0.03500777 -0.5341327 0.7653658 -0.6422176 -0.0420928 0.765365 -0.6312301 -0.1255591 0.7653658 -0.6312289 -0.1255595 0.7653641 -0.6094417 -0.2068781 0.7653664 -0.6094393 -0.2068769 0.7653645 -0.5772245 -0.2846559 0.7653647 -0.577225 -0.2846549 0.7653658 -0.5351303 -0.3575626 0.7653653 -0.5351309 -0.3575627 0.7653647 -0.4838812 -0.4243537 0.7653648 -0.4838815 -0.4243531 0.7653669 -0.4243518 -0.4838793 0.7653647 -0.4243536 -0.4838812 0.7653645 -0.3575623 -0.5351322 0.7653641 -0.357564 -0.5351316 0.7653641 -0.2846558 -0.5772252 0.7653612 -0.2846569 -0.5772286 0.7653673 -0.2068775 -0.609438 0.7653633 -0.2068782 -0.609443 0.7653611 -0.1255604 -0.6312346 0.7653671 -0.125559 -0.6312276 0.7647396 -0.02591305 -0.6438181 0.7388163 -0.04407608 -0.6724641 0.173288 -0.9827625 -0.06441402 0.4035559 -0.912996 -0.05984115 0.4984119 -0.8662877 -0.03363466 0.499196 -0.8498399 -0.1690437 0.4991972 -0.849839 -0.1690442 0.4991955 -0.8205051 -0.2785236 0.4991976 -0.8205038 -0.2785236 0.4991959 -0.7771303 -0.3832391 0.499197 -0.7771298 -0.3832384 0.4991953 -0.7204604 -0.4813948 0.4992008 -0.7204574 -0.4813935 0.499199 -0.6514582 -0.5713165 0.4992008 -0.6514585 -0.5713147 0.4992019 -0.5713152 -0.6514572 0.4991931 -0.5713167 -0.6514627 0.4992018 -0.4813939 -0.7204564 0.4991982 -0.4813953 -0.720458 0.4992022 -0.3832356 -0.7771279 0.4991885 -0.3832402 -0.7771345 0.4992015 -0.278523 -0.8205016 0.49919 -0.2785252 -0.820508 0.4992016 -0.1690429 -0.8498367 0.4991907 -0.1690443 -0.8498428 0.4992081 -0.0566712 -0.864627 0.5568963 -0.01638853 -0.8304204 0.1732873 -0.9827627 -0.06441414 0.173287 -0.9659473 -0.192139 0.173287 -0.9659475 -0.1921381 0.1732883 -0.9326044 -0.316576 0.1732873 -0.9326039 -0.3165778 0.17329 -0.8833039 -0.435597 0.1732875 -0.8833039 -0.4355981 0.173286 -0.8188906 -0.5471657 0.1732873 -0.8188911 -0.5471646 0.173282 -0.7404656 -0.6493721 0.1732929 -0.7404655 -0.6493693 0.17329 -0.64937 -0.7404656 0.1732751 -0.6493728 -0.7404667 0.1732818 -0.5471659 -0.8188914 0.1732898 -0.5471632 -0.8188914 0.17329 -0.435597 -0.8833039 0.1732886 -0.4355981 -0.8833037 0.1732901 -0.3165764 -0.9326038 0.17329 -0.3165774 -0.9326036 0.1732985 -0.1921387 -0.9659454 0.1732802 -0.1921399 -0.9659484 0.1732818 -0.06441307 -0.9827637 0.17329 -0.06441295 -0.9827623 0.2393127 -0.9709314 -0.004658997 0.8451906 -0.534465 0 0.7395406 -0.673112 0 0.663112 -0.7484983 -0.005739331 0.556966 -0.8305353 0 0.4042817 -0.9146345 0 0.9396871 -0.3420184 -0.003433167 0.9350138 -0.3546041 -0.002289116 0.9891149 -0.1471459 0 0.9996395 0.02684807 0 0.9926938 0.120535 -0.005523145 0.9034503 0.4286931 0 0.8229727 0.5680575 -0.005162954 0.7660449 0.6427866 8.61252e-4 0.5000004 0.8660246 -0.001003503 0.4647193 0.8854491 -0.004012048 0.2910831 0.9566978 0 0.1205367 0.9927089 0 0.1205367 0.9927089 0 -0.1205367 0.9927089 0 -0.1205367 0.9927089 0 -0.2910831 0.9566978 0 -0.4647193 0.8854491 -0.004012048 -0.5000004 0.8660246 -0.001003444 -0.7660449 0.6427866 8.61187e-4 -0.8229727 0.5680575 -0.005162954 -0.9034503 0.4286931 0 -0.9926938 0.120535 -0.005523145 -0.9996395 0.02684807 0 -0.9891149 -0.1471459 0 -0.9350138 -0.3546041 -0.002289116 -0.939687 -0.3420183 -0.003433227 -0.663112 -0.7484983 -0.005739331 -0.7395406 -0.673112 0 -0.8451906 -0.534465 0 0.173648 -0.9848078 0 -0.2393127 -0.9709314 -0.004658997 -0.4042817 -0.9146345 0 -0.556966 -0.8305353 0 -0.02019095 -0.6708745 0.7412959 0.002576828 -0.4761373 0.8793672 0 -0.516625 0.8562119 0 -0.6736961 0.7390086 0.05416935 -0.6232646 0.7801326 0.02019065 -0.6708731 0.7412973 0.002349436 0.4767907 0.8790138 0.02748388 0.3930047 0.9191256 0.0537253 0.3607211 0.9311251 0 0.2524685 0.9676052 0 0.09226387 0.9957346 -1.11972e-5 0.09223902 0.995737 1.68003e-5 -0.09226381 0.9957347 0 -0.09228748 0.9957324 0 -0.3612428 0.9324719 0.09190481 -0.297223 0.9503747 0.0217697 -0.4123747 0.9107542 0.01818031 0.6735848 0.7388864 3.62344e-4 0.5565075 0.8308426 -1.16248e-4 0.5194296 0.8545132 -0.002585411 0.4759833 0.8794506 0 0.5166078 0.8562222 0 0.6736961 0.7390086 -0.05417442 0.6232612 0.780135 -0.02019512 0.6708634 0.741306 -0.0181787 -0.6735848 0.7388865 -3.67246e-4 -0.5565026 0.8308458 1.13419e-4 -0.5194212 0.8545184 -0.002355217 -0.4767086 0.8790583 -0.0275709 -0.3928681 0.9191815 -0.05370849 -0.3607215 0.9311259 0 -0.2523971 0.9676238 0 -0.09226387 0.9957346 2.23924e-5 -0.09223085 0.9957377 -2.80005e-5 0.09226381 0.9957347 0 0.09229522 0.9957318 0 0.3612428 0.9324719 -0.09201025 0.2971507 0.9503871 -0.02187639 0.4121611 0.9108483 0 -0.7059412 0.7082706 0 -0.8951631 0.4457389 0 -0.8951628 0.4457395 0 -0.9957342 0.0922681 0 -0.9618257 -0.2736628 0 -0.798017 -0.602635 0 -0.526432 -0.8502173 0 -0.5264322 -0.8502172 0 -0.1837503 -0.982973 0 -0.1837503 -0.982973 0 0.1837503 -0.982973 0 0.5264322 -0.8502172 0 0.526432 -0.8502173 0 0.798017 -0.602635 0 0.9618257 -0.2736628 0 0.9957342 0.0922681 0 0.8951628 0.4457395 0 0.8951631 0.4457389 0 0.7059412 0.7082706 0.02018427 0.6708767 0.7412943 -1 -1.95488e-7 0 -1 2.65455e-7 0 -1 -2.62787e-7 0 -1 0 0 -1 1.91824e-7 0 -1 -5.59162e-7 0 -1 1.85944e-7 0 -1 0 0 -1 1.95488e-7 0 -1 1.31614e-7 0 -1 0 0 -1 -2.12129e-7 0 -1 2.10473e-7 0 -1 0 0 1 1.95488e-7 0 1 -2.65455e-7 0 1 2.62787e-7 0 1 0 0 1 -1.91824e-7 0 1 5.59162e-7 0 1 -1.85944e-7 0 1 0 0 1 -1.95488e-7 0 1 -1.31614e-7 0 1 0 0 1 2.12129e-7 0 1 -2.10473e-7 0 1 0 0 0 -0.2393163 0.9709418 0 -0.6631225 0.748511 0 -0.6631224 0.7485111 0 -0.9350164 0.3546046 0 -0.9927089 -0.1205367 0 -0.9927089 -0.1205363 0 -0.8229833 -0.5680657 0 -0.8229832 -0.568066 0 -0.4647238 -0.8854558 0 -0.4647238 -0.8854557 0 -0.1205329 -0.9927094 0 0.1205329 -0.9927094 0 0.4647238 -0.8854557 0 0.4647238 -0.8854558 0 0.8229832 -0.568066 0 0.8229833 -0.5680657 0 0.9927089 -0.1205363 0 0.9927089 -0.1205367 0 0.9350164 0.3546046 0 0.6631224 0.7485111 0 0.6631225 0.748511 0 0.2393163 0.9709418 0 0.526432 -0.8502173 0.1027773 0.4467172 -0.8887523 0.05006295 0.5082826 -0.859734 0.01820576 0.5638595 -0.8256701 0.005426228 0.6079788 -0.7939348 -0.005428493 0.6079657 -0.7939447 -0.01820778 0.5638564 -0.8256722 -0.05015069 0.5081247 -0.8598222 -0.03398948 0.5261279 -0.849726 0.06409931 -0.1833712 -0.9809517 0 -0.09370011 -0.9956005 0 0.183749 -0.9829733 0.1188347 0.1022696 -0.9876332 0 0.2750176 -0.9614393 -0.005426466 -0.6079779 -0.7939355 -0.01820349 -0.5638633 -0.8256676 0 -0.526432 -0.8502173 -0.1029039 -0.4466133 -0.8887898 -0.05012404 -0.5081726 -0.8597955 0.01819634 -0.5638755 -0.8256594 0.05009615 -0.5082224 -0.8597677 0.03404456 -0.5261269 -0.8497244 0 -0.4013715 -0.9159154 0 -0.2750459 -0.9614312 0 0.4012519 -0.9159678 0 0.2751839 -0.9613916 -0.06408619 0.1833713 -0.9809526 0 0.0938397 -0.9955874 0 -0.183749 -0.9829733 -0.1185486 -0.1024705 -0.9876468 0 -0.2752104 -0.9613841 0 0.6375762 -0.7703874 0 0.7980175 -0.6026344 0 0.9957342 0.09226822 0 0.8951631 0.4457389 0 0.8951634 0.4457383 0 0.6736958 0.7390089 0 0.6736957 0.7390089 0 0.3612416 0.9324724 0 0.3612416 0.9324723 0 0 1 0 -0.3612416 0.9324723 0 -0.3612416 0.9324724 0 -0.6736957 0.7390089 0 -0.6736958 0.7390089 0 -0.8951634 0.4457383 0 -0.8951631 0.4457389 0 -0.9957342 0.09226822 0 -0.7980175 -0.6026344 0 -0.6375762 -0.7703874 0.005423069 -0.6079961 -0.7939215 -1 2.63228e-7 0 -1 1.93819e-7 0 -1 1.92907e-7 0 -1 -1.94557e-7 0 -1 0 0 -1 2.67262e-7 0 -1 0 0 -1 -2.78915e-7 0 -1 0 0 -1 1.94557e-7 0 1 -2.63228e-7 0 1 -1.93819e-7 0 1 -1.94557e-7 0 1 -1.92907e-7 0 1 1.94557e-7 0 1 0 0 1 0 0 1 -2.67262e-7 0 1 0 0 1 2.78915e-7 0 1 0 0 0 -0.2393143 0.9709421 0 -0.6631236 0.74851 0 -0.6631234 0.7485101 0 -0.9350161 0.3546052 0 -0.9927089 -0.1205368 0 -0.9927089 -0.1205364 0 -0.8229839 -0.5680648 0 -0.8229838 -0.5680651 0 0 -1 0 0.8229838 -0.5680651 0 0.8229839 -0.5680648 0 0.9927089 -0.1205364 0 0.9927089 -0.1205368 0 0.9350161 0.3546052 0 0.6631234 0.7485101 0 0.6631236 0.74851 0 0.2393143 0.9709421</float_array>
          <technique_common>
            <accessor source="#link_2-mesh-normals-array" count="2227" stride="3">
              <param name="X" type="float"/>
              <param name="Y" type="float"/>
              <param name="Z" type="float"/>
            </accessor>
          </technique_common>
        </source>
        <vertices id="link_2-mesh-vertices">
          <input semantic="POSITION" source="#link_2-mesh-positions"/>
        </vertices>
        <triangles count="2444">
          <input semantic="VERTEX" source="#link_2-mesh-vertices" offset="0"/>
          <input semantic="NORMAL" source="#link_2-mesh-normals" offset="1"/>
          <p>0 0 1 0 2 0 3 1 4 1 5 1 5 2 4 2 6 2 5 3 6 3 7 3 8 4 9 4 10 4 11 5 12 5 13 5 13 6 12 6 14 6 13 7 14 7 15 7 0 8 2 8 16 8 16 9 2 9 17 9 16 10 17 10 18 10 18 11 17 11 19 11 18 12 19 12 20 12 20 13 19 13 21 13 20 14 21 14 22 14 22 15 21 15 23 15 22 16 23 16 24 16 24 17 23 17 25 17 24 18 25 18 26 18 26 19 25 19 27 19 26 20 27 20 15 20 15 21 27 21 28 21 15 22 28 22 13 22 8 23 10 23 29 23 29 24 10 24 30 24 29 25 30 25 31 25 31 26 30 26 32 26 31 27 32 27 33 27 33 28 32 28 34 28 33 29 34 29 35 29 35 30 34 30 36 30 35 31 36 31 37 31 37 32 36 32 38 32 37 33 38 33 39 33 39 34 38 34 40 34 39 35 40 35 7 35 7 36 40 36 41 36 7 37 41 37 5 37 1 38 3 38 2 38 2 39 3 39 5 39 2 40 5 40 42 40 42 40 5 40 43 40 42 41 43 41 44 41 44 41 43 41 45 41 44 42 45 42 46 42 46 42 45 42 47 42 46 43 47 43 48 43 48 44 47 44 49 44 48 45 49 45 50 45 50 46 49 46 51 46 50 47 51 47 52 47 52 48 51 48 53 48 52 49 53 49 54 49 54 49 53 49 55 49 54 50 55 50 56 50 56 51 55 51 57 51 56 52 57 52 58 52 58 52 57 52 59 52 58 53 59 53 60 53 60 53 59 53 61 53 60 54 61 54 62 54 62 55 61 55 63 55 62 56 63 56 64 56 64 57 63 57 65 57 64 58 65 58 66 58 66 58 65 58 67 58 66 59 67 59 68 59 68 59 67 59 69 59 68 60 69 60 70 60 70 61 69 61 71 61 70 62 71 62 72 62 72 62 71 62 73 62 72 63 73 63 74 63 74 64 73 64 75 64 74 65 75 65 76 65 76 66 75 66 77 66 76 67 77 67 78 67 78 68 77 68 79 68 78 69 79 69 80 69 80 69 79 69 81 69 80 70 81 70 82 70 82 70 81 70 83 70 82 71 83 71 13 71 13 71 83 71 10 71 13 72 10 72 11 72 11 73 10 73 9 73 84 74 85 74 86 74 86 75 85 75 87 75 87 76 85 76 88 76 87 77 88 77 89 77 89 78 88 78 90 78 89 79 90 79 91 79 92 80 93 80 94 80 93 81 95 81 94 81 94 82 95 82 96 82 94 83 96 83 97 83 97 84 96 84 98 84 84 85 86 85 99 85 99 86 86 86 100 86 99 87 100 87 101 87 101 88 100 88 102 88 101 89 102 89 103 89 103 90 102 90 104 90 103 91 104 91 105 91 105 92 104 92 106 92 105 93 106 93 107 93 108 94 109 94 110 94 110 95 109 95 111 95 110 96 111 96 112 96 112 97 111 97 113 97 112 98 113 98 114 98 115 99 116 99 117 99 117 100 116 100 118 100 117 101 118 101 119 101 107 102 106 102 119 102 119 103 106 103 120 103 119 104 120 104 117 104 96 105 121 105 98 105 98 106 121 106 122 106 98 107 122 107 123 107 123 108 122 108 124 108 123 109 124 109 125 109 125 110 124 110 126 110 125 111 126 111 127 111 127 112 126 112 128 112 127 113 128 113 108 113 108 114 128 114 129 114 108 115 129 115 109 115 91 116 92 116 89 116 89 117 92 117 94 117 89 118 94 118 130 118 130 118 94 118 131 118 130 119 131 119 132 119 132 120 131 120 133 120 132 121 133 121 134 121 134 121 133 121 135 121 134 122 135 122 136 122 136 123 135 123 137 123 136 124 137 124 138 124 138 125 137 125 139 125 138 126 139 126 140 126 140 127 139 127 141 127 140 128 141 128 142 128 142 129 141 129 143 129 142 130 143 130 144 130 144 131 143 131 145 131 144 132 145 132 146 132 146 132 145 132 147 132 146 133 147 133 148 133 148 134 147 134 149 134 148 135 149 135 150 135 150 136 149 136 151 136 150 137 151 137 152 137 152 138 151 138 153 138 152 139 153 139 154 139 154 140 153 140 155 140 154 141 155 141 156 141 156 141 155 141 157 141 156 142 157 142 158 142 158 143 157 143 159 143 158 144 159 144 160 144 160 145 159 145 161 145 160 146 161 146 162 146 162 147 161 147 163 147 162 148 163 148 164 148 164 149 163 149 165 149 164 150 165 150 166 150 166 151 165 151 167 151 166 152 167 152 168 152 168 152 167 152 169 152 168 153 169 153 170 153 170 154 169 154 171 154 170 155 171 155 117 155 117 155 171 155 112 155 117 156 112 156 115 156 115 157 112 157 114 157 172 158 173 158 174 158 172 159 175 159 173 159 173 160 175 160 176 160 173 161 176 161 177 161 178 162 179 162 180 162 180 163 179 163 177 163 180 164 177 164 181 164 181 165 177 165 176 165 178 166 182 166 179 166 179 167 182 167 183 167 179 168 183 168 184 168 183 169 185 169 184 169 184 170 185 170 186 170 184 171 186 171 187 171 186 172 188 172 187 172 187 173 188 173 189 173 187 174 189 174 190 174 190 175 189 175 191 175 190 176 191 176 192 176 192 176 191 176 193 176 192 177 193 177 194 177 193 177 195 177 194 177 194 178 195 178 196 178 194 179 196 179 197 179 196 180 198 180 197 180 197 181 198 181 199 181 197 182 199 182 200 182 201 183 202 183 203 183 203 184 202 184 200 184 203 185 200 185 204 185 204 186 200 186 199 186 201 187 205 187 202 187 202 188 205 188 206 188 202 189 206 189 207 189 206 190 208 190 207 190 207 191 208 191 209 191 207 192 209 192 210 192 209 193 211 193 210 193 210 194 211 194 212 194 210 195 212 195 174 195 174 196 212 196 213 196 174 197 213 197 172 197 175 198 172 198 214 198 32 199 30 199 215 199 216 200 217 200 206 200 218 201 219 201 220 201 221 202 222 202 38 202 38 203 222 203 223 203 224 204 5 204 225 204 225 205 5 205 41 205 225 206 41 206 223 206 223 207 41 207 40 207 223 208 40 208 38 208 220 209 212 209 218 209 218 210 212 210 211 210 218 211 211 211 226 211 226 212 211 212 209 212 226 213 209 213 217 213 217 214 209 214 208 214 217 215 208 215 206 215 227 216 47 216 228 216 228 217 47 217 45 217 228 218 45 218 224 218 224 219 45 219 43 219 224 220 43 220 5 220 206 221 205 221 216 221 216 222 205 222 201 222 216 223 201 223 229 223 230 224 51 224 227 224 227 225 51 225 49 225 227 226 49 226 47 226 231 227 55 227 230 227 230 228 55 228 53 228 230 229 53 229 51 229 201 230 203 230 229 230 229 231 203 231 204 231 229 232 204 232 232 232 232 233 204 233 199 233 232 234 199 234 233 234 233 235 199 235 198 235 233 236 198 236 234 236 235 237 61 237 236 237 236 238 61 238 59 238 236 239 59 239 231 239 231 240 59 240 57 240 231 241 57 241 55 241 198 242 196 242 234 242 234 243 196 243 195 243 234 244 195 244 237 244 238 245 65 245 235 245 235 246 65 246 239 246 235 247 239 247 61 247 195 248 240 248 237 248 237 249 240 249 191 249 237 250 191 250 241 250 241 251 191 251 189 251 241 252 189 252 242 252 242 253 189 253 188 253 242 254 188 254 243 254 244 255 71 255 245 255 245 256 71 256 69 256 245 257 69 257 238 257 238 258 69 258 67 258 238 259 67 259 65 259 246 260 75 260 244 260 244 261 75 261 73 261 244 262 73 262 71 262 188 263 186 263 243 263 243 264 186 264 185 264 243 265 185 265 247 265 248 266 79 266 246 266 246 267 79 267 77 267 246 268 77 268 75 268 222 269 249 269 223 269 223 270 249 270 250 270 223 271 250 271 225 271 225 272 250 272 251 272 225 273 251 273 224 273 224 274 251 274 252 274 224 275 252 275 228 275 228 276 252 276 253 276 228 277 253 277 227 277 227 277 253 277 254 277 227 278 254 278 230 278 230 279 254 279 255 279 230 280 255 280 231 280 231 281 255 281 256 281 231 282 256 282 236 282 236 283 256 283 257 283 236 284 257 284 235 284 235 285 257 285 258 285 235 286 258 286 238 286 238 287 258 287 259 287 238 288 259 288 245 288 245 289 259 289 260 289 245 290 260 290 244 290 244 291 260 291 261 291 244 292 261 292 246 292 246 293 261 293 262 293 246 294 262 294 248 294 248 294 262 294 263 294 248 295 263 295 264 295 264 296 263 296 265 296 249 297 266 297 250 297 250 298 266 298 267 298 250 299 267 299 251 299 251 300 267 300 268 300 251 301 268 301 252 301 252 302 268 302 269 302 252 303 269 303 253 303 253 304 269 304 270 304 253 277 270 277 254 277 254 305 270 305 271 305 254 306 271 306 255 306 255 307 271 307 272 307 255 308 272 308 256 308 256 309 272 309 273 309 256 310 273 310 257 310 257 311 273 311 274 311 257 312 274 312 258 312 258 313 274 313 275 313 258 314 275 314 259 314 259 315 275 315 276 315 259 316 276 316 260 316 260 317 276 317 277 317 260 318 277 318 261 318 261 319 277 319 278 319 261 320 278 320 262 320 262 321 278 321 279 321 262 322 279 322 263 322 263 294 279 294 280 294 263 323 280 323 265 323 265 324 280 324 281 324 266 325 282 325 267 325 267 326 282 326 283 326 267 327 283 327 268 327 268 328 283 328 284 328 268 329 284 329 269 329 269 330 284 330 285 330 269 331 285 331 270 331 270 332 285 332 286 332 270 333 286 333 271 333 271 334 286 334 287 334 271 335 287 335 272 335 272 336 287 336 288 336 272 337 288 337 273 337 273 338 288 338 289 338 273 339 289 339 274 339 274 340 289 340 290 340 274 341 290 341 275 341 275 342 290 342 291 342 275 343 291 343 276 343 276 344 291 344 292 344 276 345 292 345 277 345 277 346 292 346 293 346 277 347 293 347 278 347 278 348 293 348 294 348 278 349 294 349 279 349 279 350 294 350 295 350 279 351 295 351 280 351 280 294 295 294 296 294 280 352 296 352 281 352 281 353 296 353 297 353 282 354 298 354 283 354 283 355 298 355 299 355 283 356 299 356 284 356 284 357 299 357 300 357 284 358 300 358 285 358 285 359 300 359 301 359 285 360 301 360 286 360 286 361 301 361 302 361 286 277 302 277 287 277 287 277 302 277 303 277 287 362 303 362 288 362 288 363 303 363 304 363 288 364 304 364 289 364 289 365 304 365 305 365 289 366 305 366 290 366 290 367 305 367 306 367 290 368 306 368 291 368 291 369 306 369 307 369 291 370 307 370 292 370 292 371 307 371 308 371 292 372 308 372 293 372 293 373 308 373 309 373 293 374 309 374 294 374 294 375 309 375 310 375 294 376 310 376 295 376 295 377 310 377 311 377 295 378 311 378 296 378 296 294 311 294 312 294 296 379 312 379 297 379 297 380 312 380 313 380 298 381 314 381 299 381 299 382 314 382 315 382 299 383 315 383 300 383 300 384 315 384 316 384 300 385 316 385 301 385 301 386 316 386 317 386 301 387 317 387 302 387 302 388 317 388 318 388 302 277 318 277 303 277 303 389 318 389 319 389 303 390 319 390 304 390 304 391 319 391 320 391 304 392 320 392 305 392 305 393 320 393 321 393 305 394 321 394 306 394 306 395 321 395 322 395 306 396 322 396 307 396 307 397 322 397 323 397 307 398 323 398 308 398 308 399 323 399 324 399 308 400 324 400 309 400 309 401 324 401 325 401 309 402 325 402 310 402 310 403 325 403 326 403 310 404 326 404 311 404 311 405 326 405 327 405 311 406 327 406 312 406 312 294 327 294 328 294 312 407 328 407 313 407 313 408 328 408 329 408 314 409 330 409 315 409 315 410 330 410 331 410 315 411 331 411 316 411 316 412 331 412 332 412 316 413 332 413 317 413 317 414 332 414 333 414 317 415 333 415 318 415 318 416 333 416 334 416 318 277 334 277 319 277 319 417 334 417 335 417 319 418 335 418 320 418 320 419 335 419 336 419 320 420 336 420 321 420 321 421 336 421 337 421 321 422 337 422 322 422 322 423 337 423 338 423 322 424 338 424 323 424 323 425 338 425 339 425 323 426 339 426 324 426 324 427 339 427 340 427 324 428 340 428 325 428 325 429 340 429 341 429 325 430 341 430 326 430 326 431 341 431 342 431 326 432 342 432 327 432 327 433 342 433 343 433 327 294 343 294 328 294 328 434 343 434 344 434 328 435 344 435 329 435 329 436 344 436 345 436 330 437 346 437 331 437 331 438 346 438 347 438 331 439 347 439 332 439 332 440 347 440 348 440 332 441 348 441 333 441 333 442 348 442 349 442 333 443 349 443 334 443 334 444 349 444 350 444 334 277 350 277 335 277 335 445 350 445 351 445 335 446 351 446 336 446 336 447 351 447 352 447 336 448 352 448 337 448 337 449 352 449 353 449 337 450 353 450 338 450 338 451 353 451 354 451 338 452 354 452 339 452 339 453 354 453 355 453 339 454 355 454 340 454 340 455 355 455 356 455 340 456 356 456 341 456 341 457 356 457 357 457 341 458 357 458 342 458 342 459 357 459 358 459 342 460 358 460 343 460 343 461 358 461 359 461 343 462 359 462 344 462 344 463 359 463 360 463 344 464 360 464 345 464 345 465 360 465 361 465 346 466 362 466 347 466 347 467 362 467 363 467 347 468 363 468 348 468 348 469 363 469 364 469 348 470 364 470 349 470 349 471 364 471 365 471 349 472 365 472 350 472 350 473 365 473 366 473 350 277 366 277 351 277 351 277 366 277 367 277 351 474 367 474 352 474 352 475 367 475 368 475 352 476 368 476 353 476 353 477 368 477 369 477 353 478 369 478 354 478 354 479 369 479 370 479 354 480 370 480 355 480 355 481 370 481 371 481 355 482 371 482 356 482 356 483 371 483 372 483 356 484 372 484 357 484 357 485 372 485 373 485 357 486 373 486 358 486 358 487 373 487 374 487 358 488 374 488 359 488 359 489 374 489 375 489 359 294 375 294 360 294 360 294 375 294 376 294 360 490 376 490 361 490 361 491 376 491 377 491 362 492 378 492 363 492 363 493 378 493 379 493 363 494 379 494 364 494 364 495 379 495 380 495 364 496 380 496 365 496 365 497 380 497 381 497 365 498 381 498 366 498 366 499 381 499 382 499 366 277 382 277 367 277 367 500 382 500 383 500 367 501 383 501 368 501 368 502 383 502 384 502 368 503 384 503 369 503 369 504 384 504 385 504 369 505 385 505 370 505 370 506 385 506 386 506 370 507 386 507 371 507 371 508 386 508 387 508 371 509 387 509 372 509 372 510 387 510 388 510 372 511 388 511 373 511 373 512 388 512 389 512 373 513 389 513 374 513 374 514 389 514 390 514 374 515 390 515 375 515 375 516 390 516 391 516 375 294 391 294 376 294 376 517 391 517 392 517 376 518 392 518 377 518 377 519 392 519 393 519 378 520 219 520 379 520 379 521 219 521 218 521 379 522 218 522 380 522 380 523 218 523 226 523 380 524 226 524 381 524 381 525 226 525 217 525 381 526 217 526 382 526 382 527 217 527 216 527 382 528 216 528 383 528 383 529 216 529 229 529 383 530 229 530 384 530 384 531 229 531 232 531 384 532 232 532 385 532 385 533 232 533 233 533 385 534 233 534 386 534 386 535 233 535 234 535 386 536 234 536 387 536 387 537 234 537 237 537 387 538 237 538 388 538 388 539 237 539 241 539 388 540 241 540 389 540 389 541 241 541 242 541 389 542 242 542 390 542 390 543 242 543 243 543 390 544 243 544 391 544 391 545 243 545 247 545 391 294 247 294 392 294 392 546 247 546 394 546 392 547 394 547 393 547 393 548 394 548 395 548 30 549 10 549 264 549 264 550 10 550 83 550 264 551 83 551 248 551 248 552 83 552 81 552 248 553 81 553 79 553 185 554 183 554 247 554 247 555 183 555 182 555 247 556 182 556 394 556 394 557 182 557 178 557 394 558 178 558 395 558 395 559 178 559 180 559 395 560 180 560 181 560 30 561 264 561 215 561 215 562 264 562 265 562 215 563 265 563 396 563 396 564 265 564 281 564 396 565 281 565 397 565 397 566 281 566 297 566 397 567 297 567 398 567 398 568 297 568 313 568 398 569 313 569 399 569 399 570 313 570 329 570 399 571 329 571 400 571 400 572 329 572 345 572 400 573 345 573 401 573 401 574 345 574 361 574 401 575 361 575 402 575 402 576 361 576 377 576 402 577 377 577 403 577 403 578 377 578 393 578 403 579 393 579 404 579 404 580 393 580 395 580 404 581 395 581 405 581 405 582 395 582 181 582 405 583 181 583 176 583 221 584 34 584 406 584 406 585 34 585 32 585 32 586 215 586 406 586 406 587 215 587 396 587 406 588 396 588 407 588 407 589 396 589 397 589 407 590 397 590 408 590 408 591 397 591 398 591 408 592 398 592 409 592 409 593 398 593 399 593 409 594 399 594 410 594 410 595 399 595 400 595 410 596 400 596 411 596 411 597 400 597 401 597 411 598 401 598 412 598 412 599 401 599 402 599 412 600 402 600 413 600 413 601 402 601 403 601 413 602 403 602 414 602 414 603 403 603 404 603 414 604 404 604 415 604 415 605 404 605 405 605 415 606 405 606 214 606 214 607 405 607 176 607 214 608 176 608 175 608 221 609 406 609 222 609 222 610 406 610 407 610 222 611 407 611 249 611 249 612 407 612 408 612 249 613 408 613 266 613 266 614 408 614 409 614 266 615 409 615 282 615 282 616 409 616 410 616 282 617 410 617 298 617 298 618 410 618 411 618 298 619 411 619 314 619 314 620 411 620 412 620 314 621 412 621 330 621 330 622 412 622 413 622 330 623 413 623 346 623 346 624 413 624 414 624 346 625 414 625 362 625 362 626 414 626 415 626 362 627 415 627 378 627 378 628 415 628 214 628 378 629 214 629 219 629 219 630 214 630 172 630 219 631 172 631 220 631 27 632 25 632 416 632 417 633 418 633 419 633 420 634 421 634 42 634 422 635 423 635 424 635 425 636 426 636 427 636 427 637 426 637 428 637 429 638 430 638 431 638 431 639 430 639 432 639 431 640 432 640 428 640 428 641 432 641 433 641 428 642 433 642 427 642 424 643 21 643 422 643 422 644 21 644 19 644 422 645 19 645 434 645 434 646 19 646 17 646 434 647 17 647 421 647 421 648 17 648 2 648 421 649 2 649 42 649 435 650 436 650 437 650 437 651 436 651 438 651 437 652 438 652 429 652 429 653 438 653 439 653 429 654 439 654 430 654 42 655 44 655 420 655 420 656 44 656 46 656 420 657 46 657 440 657 441 658 442 658 435 658 435 659 442 659 443 659 435 660 443 660 436 660 46 661 48 661 440 661 440 662 48 662 50 662 440 663 50 663 444 663 445 664 446 664 441 664 441 665 446 665 447 665 441 666 447 666 442 666 50 667 52 667 444 667 444 668 52 668 54 668 444 669 54 669 448 669 448 670 54 670 56 670 448 671 56 671 449 671 450 672 451 672 452 672 452 673 451 673 453 673 452 674 453 674 445 674 445 675 453 675 454 675 445 676 454 676 446 676 56 677 58 677 449 677 449 678 58 678 60 678 449 679 60 679 455 679 456 680 457 680 450 680 450 681 457 681 458 681 450 682 458 682 451 682 60 683 459 683 455 683 455 684 459 684 64 684 455 685 64 685 460 685 460 686 64 686 66 686 460 687 66 687 461 687 462 688 463 688 464 688 464 689 463 689 465 689 464 690 465 690 456 690 456 691 465 691 466 691 456 692 466 692 457 692 66 693 68 693 461 693 461 694 68 694 70 694 461 695 70 695 467 695 468 696 469 696 462 696 462 697 469 697 470 697 462 698 470 698 463 698 70 699 72 699 467 699 467 700 72 700 74 700 467 701 74 701 471 701 472 702 473 702 468 702 468 703 473 703 474 703 468 704 474 704 469 704 426 705 475 705 428 705 428 706 475 706 476 706 428 707 476 707 431 707 431 708 476 708 477 708 431 709 477 709 429 709 429 710 477 710 478 710 429 711 478 711 437 711 437 712 478 712 479 712 437 277 479 277 435 277 435 713 479 713 480 713 435 714 480 714 441 714 441 715 480 715 481 715 441 716 481 716 445 716 445 717 481 717 482 717 445 718 482 718 452 718 452 719 482 719 483 719 452 720 483 720 450 720 450 721 483 721 484 721 450 722 484 722 456 722 456 723 484 723 485 723 456 724 485 724 464 724 464 725 485 725 486 725 464 726 486 726 462 726 462 727 486 727 487 727 462 728 487 728 468 728 468 729 487 729 488 729 468 730 488 730 472 730 472 731 488 731 489 731 472 732 489 732 490 732 490 733 489 733 491 733 475 734 492 734 476 734 476 735 492 735 493 735 476 736 493 736 477 736 477 737 493 737 494 737 477 738 494 738 478 738 478 739 494 739 495 739 478 740 495 740 479 740 479 741 495 741 496 741 479 277 496 277 480 277 480 277 496 277 497 277 480 742 497 742 481 742 481 743 497 743 498 743 481 744 498 744 482 744 482 745 498 745 499 745 482 746 499 746 483 746 483 747 499 747 500 747 483 748 500 748 484 748 484 749 500 749 501 749 484 750 501 750 485 750 485 751 501 751 502 751 485 752 502 752 486 752 486 753 502 753 503 753 486 754 503 754 487 754 487 755 503 755 504 755 487 756 504 756 488 756 488 757 504 757 505 757 488 294 505 294 489 294 489 294 505 294 506 294 489 758 506 758 491 758 491 759 506 759 507 759 492 760 508 760 493 760 493 761 508 761 509 761 493 762 509 762 494 762 494 763 509 763 510 763 494 764 510 764 495 764 495 765 510 765 511 765 495 766 511 766 496 766 496 767 511 767 512 767 496 277 512 277 497 277 497 768 512 768 513 768 497 769 513 769 498 769 498 770 513 770 514 770 498 771 514 771 499 771 499 772 514 772 515 772 499 773 515 773 500 773 500 774 515 774 516 774 500 775 516 775 501 775 501 776 516 776 517 776 501 777 517 777 502 777 502 778 517 778 518 778 502 779 518 779 503 779 503 780 518 780 519 780 503 781 519 781 504 781 504 782 519 782 520 782 504 783 520 783 505 783 505 784 520 784 521 784 505 294 521 294 506 294 506 785 521 785 522 785 506 786 522 786 507 786 507 787 522 787 523 787 508 788 524 788 509 788 509 789 524 789 525 789 509 790 525 790 510 790 510 791 525 791 526 791 510 792 526 792 511 792 511 793 526 793 527 793 511 794 527 794 512 794 512 795 527 795 528 795 512 796 528 796 513 796 513 797 528 797 529 797 513 798 529 798 514 798 514 799 529 799 530 799 514 800 530 800 515 800 515 801 530 801 531 801 515 802 531 802 516 802 516 803 531 803 532 803 516 804 532 804 517 804 517 805 532 805 533 805 517 806 533 806 518 806 518 807 533 807 534 807 518 808 534 808 519 808 519 809 534 809 535 809 519 810 535 810 520 810 520 811 535 811 536 811 520 812 536 812 521 812 521 813 536 813 537 813 521 294 537 294 522 294 522 814 537 814 538 814 522 815 538 815 523 815 523 816 538 816 539 816 524 817 540 817 525 817 525 818 540 818 541 818 525 819 541 819 526 819 526 820 541 820 542 820 526 821 542 821 527 821 527 822 542 822 543 822 527 823 543 823 528 823 528 824 543 824 544 824 528 277 544 277 529 277 529 277 544 277 545 277 529 825 545 825 530 825 530 826 545 826 546 826 530 827 546 827 531 827 531 828 546 828 547 828 531 829 547 829 532 829 532 830 547 830 548 830 532 831 548 831 533 831 533 832 548 832 549 832 533 833 549 833 534 833 534 834 549 834 550 834 534 835 550 835 535 835 535 836 550 836 551 836 535 837 551 837 536 837 536 838 551 838 552 838 536 839 552 839 537 839 537 840 552 840 553 840 537 294 553 294 538 294 538 294 553 294 554 294 538 841 554 841 539 841 539 842 554 842 555 842 540 843 556 843 541 843 541 844 556 844 557 844 541 845 557 845 542 845 542 846 557 846 558 846 542 847 558 847 543 847 543 848 558 848 559 848 543 849 559 849 544 849 544 850 559 850 560 850 544 277 560 277 545 277 545 851 560 851 561 851 545 852 561 852 546 852 546 853 561 853 562 853 546 854 562 854 547 854 547 855 562 855 563 855 547 856 563 856 548 856 548 857 563 857 564 857 548 858 564 858 549 858 549 859 564 859 565 859 549 860 565 860 550 860 550 861 565 861 566 861 550 862 566 862 551 862 551 863 566 863 567 863 551 864 567 864 552 864 552 865 567 865 568 865 552 866 568 866 553 866 553 867 568 867 569 867 553 868 569 868 554 868 554 869 569 869 570 869 554 870 570 870 555 870 555 871 570 871 571 871 556 872 572 872 557 872 557 873 572 873 573 873 557 874 573 874 558 874 558 875 573 875 574 875 558 876 574 876 559 876 559 877 574 877 575 877 559 878 575 878 560 878 560 879 575 879 576 879 560 880 576 880 561 880 561 881 576 881 577 881 561 882 577 882 562 882 562 883 577 883 578 883 562 884 578 884 563 884 563 885 578 885 579 885 563 886 579 886 564 886 564 887 579 887 580 887 564 888 580 888 565 888 565 889 580 889 581 889 565 890 581 890 566 890 566 891 581 891 582 891 566 892 582 892 567 892 567 893 582 893 583 893 567 894 583 894 568 894 568 895 583 895 584 895 568 896 584 896 569 896 569 897 584 897 585 897 569 294 585 294 570 294 570 898 585 898 586 898 570 899 586 899 571 899 571 900 586 900 587 900 572 901 588 901 573 901 573 902 588 902 589 902 573 903 589 903 574 903 574 904 589 904 590 904 574 905 590 905 575 905 575 906 590 906 591 906 575 907 591 907 576 907 576 908 591 908 592 908 576 909 592 909 577 909 577 277 592 277 593 277 577 910 593 910 578 910 578 911 593 911 594 911 578 912 594 912 579 912 579 913 594 913 595 913 579 914 595 914 580 914 580 915 595 915 596 915 580 916 596 916 581 916 581 917 596 917 597 917 581 918 597 918 582 918 582 919 597 919 598 919 582 920 598 920 583 920 583 921 598 921 599 921 583 922 599 922 584 922 584 923 599 923 600 923 584 924 600 924 585 924 585 925 600 925 601 925 585 926 601 926 586 926 586 927 601 927 602 927 586 928 602 928 587 928 587 929 602 929 603 929 588 930 604 930 589 930 589 931 604 931 605 931 589 932 605 932 590 932 590 933 605 933 606 933 590 934 606 934 591 934 591 935 606 935 607 935 591 936 607 936 592 936 592 937 607 937 608 937 592 938 608 938 593 938 593 277 608 277 609 277 593 939 609 939 594 939 594 940 609 940 610 940 594 941 610 941 595 941 595 942 610 942 611 942 595 943 611 943 596 943 596 944 611 944 612 944 596 945 612 945 597 945 597 946 612 946 613 946 597 947 613 947 598 947 598 948 613 948 614 948 598 949 614 949 599 949 599 950 614 950 615 950 599 951 615 951 600 951 600 952 615 952 616 952 600 953 616 953 601 953 601 954 616 954 617 954 601 955 617 955 602 955 602 956 617 956 618 956 602 957 618 957 603 957 603 958 618 958 619 958 604 959 423 959 605 959 605 960 423 960 422 960 605 961 422 961 606 961 606 962 422 962 434 962 606 963 434 963 607 963 607 964 434 964 421 964 607 965 421 965 608 965 608 966 421 966 420 966 608 277 420 277 609 277 609 277 420 277 440 277 609 967 440 967 610 967 610 968 440 968 444 968 610 969 444 969 611 969 611 970 444 970 448 970 611 971 448 971 612 971 612 972 448 972 449 972 612 973 449 973 613 973 613 974 449 974 455 974 613 975 455 975 614 975 614 976 455 976 460 976 614 977 460 977 615 977 615 978 460 978 461 978 615 979 461 979 616 979 616 980 461 980 467 980 616 981 467 981 617 981 617 982 467 982 471 982 617 294 471 294 618 294 618 294 471 294 620 294 618 983 620 983 619 983 619 984 620 984 621 984 418 985 622 985 490 985 490 986 622 986 623 986 490 987 623 987 472 987 472 988 623 988 624 988 472 989 624 989 473 989 74 990 76 990 471 990 471 991 76 991 78 991 471 992 78 992 620 992 620 993 78 993 80 993 620 994 80 994 621 994 621 995 80 995 82 995 621 996 82 996 13 996 418 997 490 997 419 997 419 998 490 998 491 998 419 999 491 999 625 999 625 1000 491 1000 507 1000 625 1001 507 1001 626 1001 626 1002 507 1002 523 1002 626 1003 523 1003 627 1003 627 1004 523 1004 539 1004 627 1005 539 1005 628 1005 628 1006 539 1006 555 1006 628 1007 555 1007 629 1007 629 1008 555 1008 571 1008 629 1009 571 1009 630 1009 630 1010 571 1010 587 1010 630 1011 587 1011 631 1011 631 1012 587 1012 603 1012 631 1013 603 1013 632 1013 632 1014 603 1014 619 1014 632 1015 619 1015 633 1015 633 1016 619 1016 621 1016 633 1017 621 1017 634 1017 634 1018 621 1018 13 1018 634 1019 13 1019 28 1019 425 1020 635 1020 636 1020 636 1021 635 1021 417 1021 417 1022 419 1022 636 1022 636 1023 419 1023 625 1023 636 1024 625 1024 637 1024 637 1025 625 1025 626 1025 637 1026 626 1026 638 1026 638 1027 626 1027 627 1027 638 1028 627 1028 639 1028 639 1029 627 1029 628 1029 639 1030 628 1030 640 1030 640 1031 628 1031 629 1031 640 1032 629 1032 641 1032 641 1033 629 1033 630 1033 641 1034 630 1034 642 1034 642 1035 630 1035 631 1035 642 1036 631 1036 643 1036 643 1037 631 1037 632 1037 643 1038 632 1038 644 1038 644 1039 632 1039 633 1039 644 1040 633 1040 645 1040 645 1041 633 1041 634 1041 645 1042 634 1042 416 1042 416 1043 634 1043 28 1043 416 1044 28 1044 27 1044 425 1045 636 1045 426 1045 426 1046 636 1046 637 1046 426 1047 637 1047 475 1047 475 1048 637 1048 638 1048 475 1049 638 1049 492 1049 492 1050 638 1050 639 1050 492 1051 639 1051 508 1051 508 1052 639 1052 640 1052 508 1053 640 1053 524 1053 524 1054 640 1054 641 1054 524 1055 641 1055 540 1055 540 1056 641 1056 642 1056 540 1057 642 1057 556 1057 556 1058 642 1058 643 1058 556 1059 643 1059 572 1059 572 1060 643 1060 644 1060 572 1061 644 1061 588 1061 588 1062 644 1062 645 1062 588 1063 645 1063 604 1063 604 1064 645 1064 416 1064 604 1065 416 1065 423 1065 423 1066 416 1066 25 1066 423 1067 25 1067 424 1067 646 1068 427 1068 647 1068 647 1069 427 1069 433 1069 647 1070 433 1070 648 1070 648 1071 433 1071 432 1071 648 1072 432 1072 649 1072 649 1073 432 1073 430 1073 649 1074 430 1074 650 1074 650 1075 430 1075 439 1075 650 1076 439 1076 651 1076 651 1077 439 1077 438 1077 651 1078 438 1078 652 1078 652 1079 438 1079 436 1079 652 1080 436 1080 653 1080 653 1081 436 1081 443 1081 653 1082 443 1082 654 1082 654 1083 443 1083 442 1083 654 1084 442 1084 655 1084 655 1085 442 1085 447 1085 655 1086 447 1086 656 1086 656 1087 447 1087 446 1087 656 1088 446 1088 657 1088 657 1089 446 1089 454 1089 657 1090 454 1090 658 1090 658 1091 454 1091 453 1091 658 1092 453 1092 659 1092 659 1093 453 1093 451 1093 659 1094 451 1094 660 1094 660 1095 451 1095 661 1095 660 1096 661 1096 662 1096 662 1097 661 1097 457 1097 662 1098 457 1098 663 1098 663 1099 457 1099 466 1099 663 1100 466 1100 664 1100 664 1101 466 1101 465 1101 664 1102 465 1102 665 1102 665 1103 465 1103 463 1103 665 1104 463 1104 666 1104 666 1105 463 1105 470 1105 666 1106 470 1106 667 1106 667 1107 470 1107 469 1107 667 1108 469 1108 668 1108 668 1109 469 1109 474 1109 668 1110 474 1110 669 1110 669 1111 474 1111 473 1111 669 1112 473 1112 670 1112 670 1113 473 1113 624 1113 670 1114 624 1114 671 1114 671 1115 624 1115 623 1115 671 1116 623 1116 672 1116 672 1117 623 1117 622 1117 672 1118 622 1118 673 1118 673 1119 622 1119 418 1119 673 1120 418 1120 674 1120 674 1121 418 1121 417 1121 674 1122 417 1122 675 1122 675 1123 417 1123 635 1123 675 1124 635 1124 676 1124 676 1125 635 1125 677 1125 676 1126 677 1126 646 1126 646 1127 677 1127 427 1127 674 1128 675 1128 678 1128 108 1129 110 1129 679 1129 680 1130 681 1130 650 1130 682 1131 683 1131 684 1131 685 1132 686 1132 123 1132 123 1133 686 1133 687 1133 688 1134 94 1134 689 1134 689 1135 94 1135 97 1135 689 1136 97 1136 687 1136 687 1137 97 1137 98 1137 687 1138 98 1138 123 1138 684 1139 646 1139 682 1139 682 1140 646 1140 647 1140 682 1141 647 1141 690 1141 690 1142 647 1142 648 1142 690 1143 648 1143 681 1143 681 1144 648 1144 649 1144 681 1145 649 1145 650 1145 691 1146 135 1146 692 1146 692 1147 135 1147 133 1147 692 1148 133 1148 688 1148 688 1149 133 1149 131 1149 688 1150 131 1150 94 1150 650 1151 651 1151 680 1151 680 1152 651 1152 652 1152 680 1153 652 1153 693 1153 694 1154 139 1154 691 1154 691 1155 139 1155 137 1155 691 1156 137 1156 135 1156 652 1157 653 1157 693 1157 693 1158 653 1158 654 1158 693 1159 654 1159 695 1159 696 1160 143 1160 694 1160 694 1161 143 1161 141 1161 694 1162 141 1162 139 1162 654 1163 655 1163 695 1163 695 1164 655 1164 656 1164 695 1165 656 1165 697 1165 697 1166 656 1166 657 1166 697 1167 657 1167 698 1167 699 1168 149 1168 700 1168 700 1169 149 1169 147 1169 700 1170 147 1170 696 1170 696 1171 147 1171 145 1171 696 1172 145 1172 143 1172 657 1173 658 1173 698 1173 698 1174 658 1174 659 1174 698 1175 659 1175 701 1175 702 1176 153 1176 699 1176 699 1177 153 1177 703 1177 699 1178 703 1178 149 1178 659 1179 704 1179 701 1179 701 1180 704 1180 662 1180 701 1181 662 1181 705 1181 705 1182 662 1182 663 1182 705 1183 663 1183 706 1183 707 1184 159 1184 708 1184 708 1185 159 1185 157 1185 708 1186 157 1186 702 1186 702 1187 157 1187 155 1187 702 1188 155 1188 153 1188 663 1189 664 1189 706 1189 706 1190 664 1190 665 1190 706 1191 665 1191 709 1191 710 1192 163 1192 707 1192 707 1193 163 1193 161 1193 707 1194 161 1194 159 1194 665 1195 666 1195 709 1195 709 1196 666 1196 667 1196 709 1197 667 1197 711 1197 712 1198 167 1198 710 1198 710 1199 167 1199 165 1199 710 1200 165 1200 163 1200 686 1201 713 1201 687 1201 687 1202 713 1202 714 1202 687 1203 714 1203 689 1203 689 1204 714 1204 715 1204 689 1205 715 1205 688 1205 688 1206 715 1206 716 1206 688 1207 716 1207 692 1207 692 1208 716 1208 717 1208 692 277 717 277 691 277 691 277 717 277 718 277 691 1209 718 1209 694 1209 694 1210 718 1210 719 1210 694 1211 719 1211 696 1211 696 1212 719 1212 720 1212 696 1213 720 1213 700 1213 700 1214 720 1214 721 1214 700 1215 721 1215 699 1215 699 1216 721 1216 722 1216 699 1217 722 1217 702 1217 702 1218 722 1218 723 1218 702 1219 723 1219 708 1219 708 1220 723 1220 724 1220 708 1221 724 1221 707 1221 707 1222 724 1222 725 1222 707 1223 725 1223 710 1223 710 1224 725 1224 726 1224 710 1225 726 1225 712 1225 712 1226 726 1226 727 1226 712 1227 727 1227 728 1227 728 1228 727 1228 729 1228 713 1229 730 1229 714 1229 714 1230 730 1230 731 1230 714 1231 731 1231 715 1231 715 1232 731 1232 732 1232 715 1233 732 1233 716 1233 716 1234 732 1234 733 1234 716 1235 733 1235 717 1235 717 1236 733 1236 734 1236 717 277 734 277 718 277 718 277 734 277 735 277 718 1237 735 1237 719 1237 719 1238 735 1238 736 1238 719 1239 736 1239 720 1239 720 1240 736 1240 737 1240 720 1241 737 1241 721 1241 721 1242 737 1242 738 1242 721 1243 738 1243 722 1243 722 1244 738 1244 739 1244 722 1245 739 1245 723 1245 723 1246 739 1246 740 1246 723 1247 740 1247 724 1247 724 1248 740 1248 741 1248 724 1249 741 1249 725 1249 725 1250 741 1250 742 1250 725 1251 742 1251 726 1251 726 1252 742 1252 743 1252 726 1253 743 1253 727 1253 727 294 743 294 744 294 727 1254 744 1254 729 1254 729 1255 744 1255 745 1255 730 1256 746 1256 731 1256 731 1257 746 1257 747 1257 731 1258 747 1258 732 1258 732 1259 747 1259 748 1259 732 1260 748 1260 733 1260 733 1261 748 1261 749 1261 733 1262 749 1262 734 1262 734 1263 749 1263 750 1263 734 1264 750 1264 735 1264 735 1265 750 1265 751 1265 735 1266 751 1266 736 1266 736 1267 751 1267 752 1267 736 1268 752 1268 737 1268 737 1269 752 1269 753 1269 737 1270 753 1270 738 1270 738 1271 753 1271 754 1271 738 1272 754 1272 739 1272 739 1273 754 1273 755 1273 739 1274 755 1274 740 1274 740 1275 755 1275 756 1275 740 1276 756 1276 741 1276 741 1277 756 1277 757 1277 741 1278 757 1278 742 1278 742 1279 757 1279 758 1279 742 1280 758 1280 743 1280 743 1281 758 1281 759 1281 743 1282 759 1282 744 1282 744 294 759 294 760 294 744 1283 760 1283 745 1283 745 1284 760 1284 761 1284 746 1285 762 1285 747 1285 747 1286 762 1286 763 1286 747 1287 763 1287 748 1287 748 1288 763 1288 764 1288 748 1289 764 1289 749 1289 749 1290 764 1290 765 1290 749 1291 765 1291 750 1291 750 1292 765 1292 766 1292 750 277 766 277 751 277 751 277 766 277 767 277 751 1293 767 1293 752 1293 752 1294 767 1294 768 1294 752 1295 768 1295 753 1295 753 1296 768 1296 769 1296 753 1297 769 1297 754 1297 754 1298 769 1298 770 1298 754 1299 770 1299 755 1299 755 1300 770 1300 771 1300 755 1301 771 1301 756 1301 756 1302 771 1302 772 1302 756 1303 772 1303 757 1303 757 1304 772 1304 773 1304 757 1305 773 1305 758 1305 758 1306 773 1306 774 1306 758 1307 774 1307 759 1307 759 1308 774 1308 775 1308 759 1309 775 1309 760 1309 760 294 775 294 776 294 760 1310 776 1310 761 1310 761 1311 776 1311 777 1311 762 1312 778 1312 763 1312 763 1313 778 1313 779 1313 763 1314 779 1314 764 1314 764 1315 779 1315 780 1315 764 1316 780 1316 765 1316 765 1317 780 1317 781 1317 765 1318 781 1318 766 1318 766 1319 781 1319 782 1319 766 1264 782 1264 767 1264 767 277 782 277 783 277 767 1320 783 1320 768 1320 768 1321 783 1321 784 1321 768 1322 784 1322 769 1322 769 1323 784 1323 785 1323 769 1324 785 1324 770 1324 770 1325 785 1325 786 1325 770 1326 786 1326 771 1326 771 1327 786 1327 787 1327 771 1328 787 1328 772 1328 772 1329 787 1329 788 1329 772 1330 788 1330 773 1330 773 1331 788 1331 789 1331 773 1332 789 1332 774 1332 774 1333 789 1333 790 1333 774 1334 790 1334 775 1334 775 1335 790 1335 791 1335 775 1336 791 1336 776 1336 776 294 791 294 792 294 776 1337 792 1337 777 1337 777 1338 792 1338 793 1338 778 1339 794 1339 779 1339 779 1340 794 1340 795 1340 779 1341 795 1341 780 1341 780 1342 795 1342 796 1342 780 1343 796 1343 781 1343 781 1344 796 1344 797 1344 781 1345 797 1345 782 1345 782 1346 797 1346 798 1346 782 277 798 277 783 277 783 277 798 277 799 277 783 1347 799 1347 784 1347 784 1348 799 1348 800 1348 784 1349 800 1349 785 1349 785 1350 800 1350 801 1350 785 1351 801 1351 786 1351 786 1352 801 1352 802 1352 786 1353 802 1353 787 1353 787 1354 802 1354 803 1354 787 1355 803 1355 788 1355 788 1356 803 1356 804 1356 788 1357 804 1357 789 1357 789 1358 804 1358 805 1358 789 1359 805 1359 790 1359 790 1360 805 1360 806 1360 790 1361 806 1361 791 1361 791 1362 806 1362 807 1362 791 294 807 294 792 294 792 294 807 294 808 294 792 1363 808 1363 793 1363 793 1364 808 1364 809 1364 794 1365 810 1365 795 1365 795 1366 810 1366 811 1366 795 1367 811 1367 796 1367 796 1368 811 1368 812 1368 796 1369 812 1369 797 1369 797 1370 812 1370 813 1370 797 1371 813 1371 798 1371 798 1372 813 1372 814 1372 798 277 814 277 799 277 799 1373 814 1373 815 1373 799 1374 815 1374 800 1374 800 1375 815 1375 816 1375 800 1376 816 1376 801 1376 801 1377 816 1377 817 1377 801 1378 817 1378 802 1378 802 1379 817 1379 818 1379 802 1380 818 1380 803 1380 803 1381 818 1381 819 1381 803 1382 819 1382 804 1382 804 1383 819 1383 820 1383 804 1384 820 1384 805 1384 805 1385 820 1385 821 1385 805 1386 821 1386 806 1386 806 1387 821 1387 822 1387 806 1388 822 1388 807 1388 807 1389 822 1389 823 1389 807 1390 823 1390 808 1390 808 1391 823 1391 824 1391 808 1392 824 1392 809 1392 809 1393 824 1393 825 1393 810 1394 826 1394 811 1394 811 1395 826 1395 827 1395 811 1396 827 1396 812 1396 812 1397 827 1397 828 1397 812 1398 828 1398 813 1398 813 1399 828 1399 829 1399 813 1400 829 1400 814 1400 814 1401 829 1401 830 1401 814 1402 830 1402 815 1402 815 277 830 277 831 277 815 1403 831 1403 816 1403 816 1404 831 1404 832 1404 816 1405 832 1405 817 1405 817 1406 832 1406 833 1406 817 1407 833 1407 818 1407 818 1408 833 1408 834 1408 818 1409 834 1409 819 1409 819 1410 834 1410 835 1410 819 1411 835 1411 820 1411 820 1412 835 1412 836 1412 820 1413 836 1413 821 1413 821 1414 836 1414 837 1414 821 1415 837 1415 822 1415 822 1416 837 1416 838 1416 822 1417 838 1417 823 1417 823 1418 838 1418 839 1418 823 1419 839 1419 824 1419 824 294 839 294 840 294 824 1420 840 1420 825 1420 825 1421 840 1421 841 1421 826 1422 842 1422 827 1422 827 1423 842 1423 843 1423 827 1424 843 1424 828 1424 828 1425 843 1425 844 1425 828 1426 844 1426 829 1426 829 1427 844 1427 845 1427 829 1428 845 1428 830 1428 830 1429 845 1429 846 1429 830 277 846 277 831 277 831 1430 846 1430 847 1430 831 1431 847 1431 832 1431 832 1432 847 1432 848 1432 832 1433 848 1433 833 1433 833 1434 848 1434 849 1434 833 1435 849 1435 834 1435 834 1436 849 1436 850 1436 834 1437 850 1437 835 1437 835 1438 850 1438 851 1438 835 1439 851 1439 836 1439 836 1440 851 1440 852 1440 836 1441 852 1441 837 1441 837 1442 852 1442 853 1442 837 1443 853 1443 838 1443 838 1444 853 1444 854 1444 838 1445 854 1445 839 1445 839 1446 854 1446 855 1446 839 294 855 294 840 294 840 1447 855 1447 856 1447 840 1448 856 1448 841 1448 841 1449 856 1449 857 1449 842 1450 683 1450 843 1450 843 1451 683 1451 682 1451 843 1452 682 1452 844 1452 844 1453 682 1453 690 1453 844 1454 690 1454 845 1454 845 1455 690 1455 681 1455 845 1456 681 1456 846 1456 846 1457 681 1457 680 1457 846 1458 680 1458 847 1458 847 1459 680 1459 693 1459 847 1460 693 1460 848 1460 848 1461 693 1461 695 1461 848 1462 695 1462 849 1462 849 1463 695 1463 697 1463 849 1464 697 1464 850 1464 850 1465 697 1465 698 1465 850 1466 698 1466 851 1466 851 1467 698 1467 701 1467 851 1468 701 1468 852 1468 852 1469 701 1469 705 1469 852 1470 705 1470 853 1470 853 1471 705 1471 706 1471 853 1472 706 1472 854 1472 854 1473 706 1473 709 1473 854 1474 709 1474 855 1474 855 1475 709 1475 711 1475 855 294 711 294 856 294 856 1476 711 1476 858 1476 856 1477 858 1477 857 1477 857 1478 858 1478 859 1478 110 1479 112 1479 728 1479 728 1480 112 1480 171 1480 728 1481 171 1481 712 1481 712 1482 171 1482 169 1482 712 1483 169 1483 167 1483 667 1484 668 1484 711 1484 711 1485 668 1485 669 1485 711 1486 669 1486 858 1486 858 1487 669 1487 670 1487 858 1488 670 1488 859 1488 859 1489 670 1489 671 1489 859 1490 671 1490 672 1490 110 1491 728 1491 679 1491 679 1492 728 1492 729 1492 679 1493 729 1493 860 1493 860 1494 729 1494 745 1494 860 1495 745 1495 861 1495 861 1496 745 1496 761 1496 861 1497 761 1497 862 1497 862 1498 761 1498 777 1498 862 1499 777 1499 863 1499 863 1500 777 1500 793 1500 863 1501 793 1501 864 1501 864 1502 793 1502 809 1502 864 1503 809 1503 865 1503 865 1504 809 1504 825 1504 865 1505 825 1505 866 1505 866 1506 825 1506 841 1506 866 1507 841 1507 867 1507 867 1508 841 1508 857 1508 867 1509 857 1509 868 1509 868 1510 857 1510 859 1510 868 1511 859 1511 869 1511 869 1512 859 1512 672 1512 869 1513 672 1513 673 1513 685 1514 127 1514 870 1514 870 1515 127 1515 108 1515 108 1516 679 1516 870 1516 870 1517 679 1517 860 1517 870 1518 860 1518 871 1518 871 1519 860 1519 861 1519 871 1520 861 1520 872 1520 872 1521 861 1521 862 1521 872 1522 862 1522 873 1522 873 1523 862 1523 863 1523 873 1524 863 1524 874 1524 874 1525 863 1525 864 1525 874 1526 864 1526 875 1526 875 1527 864 1527 865 1527 875 1528 865 1528 876 1528 876 1529 865 1529 866 1529 876 1530 866 1530 877 1530 877 1531 866 1531 867 1531 877 1532 867 1532 878 1532 878 1533 867 1533 868 1533 878 1534 868 1534 879 1534 879 1535 868 1535 869 1535 879 1536 869 1536 678 1536 678 1537 869 1537 673 1537 678 1538 673 1538 674 1538 685 1539 870 1539 686 1539 686 1540 870 1540 871 1540 686 1541 871 1541 713 1541 713 1542 871 1542 872 1542 713 1543 872 1543 730 1543 730 1544 872 1544 873 1544 730 1545 873 1545 746 1545 746 1546 873 1546 874 1546 746 1547 874 1547 762 1547 762 1548 874 1548 875 1548 762 1549 875 1549 778 1549 778 1550 875 1550 876 1550 778 1551 876 1551 794 1551 794 1552 876 1552 877 1552 794 1553 877 1553 810 1553 810 1554 877 1554 878 1554 810 1555 878 1555 826 1555 826 1556 878 1556 879 1556 826 1557 879 1557 842 1557 842 1558 879 1558 678 1558 842 1559 678 1559 683 1559 683 1560 678 1560 675 1560 683 1561 675 1561 684 1561 106 1562 104 1562 880 1562 881 1563 882 1563 883 1563 884 1564 885 1564 130 1564 886 1565 887 1565 888 1565 889 1566 890 1566 891 1566 891 1567 890 1567 892 1567 893 1568 894 1568 895 1568 895 1569 894 1569 896 1569 895 1570 896 1570 892 1570 892 1571 896 1571 897 1571 892 1572 897 1572 891 1572 888 1573 100 1573 886 1573 886 1574 100 1574 86 1574 886 1575 86 1575 898 1575 898 1576 86 1576 87 1576 898 1577 87 1577 885 1577 885 1578 87 1578 89 1578 885 1579 89 1579 130 1579 899 1580 900 1580 901 1580 901 1581 900 1581 902 1581 901 1582 902 1582 893 1582 893 1583 902 1583 903 1583 893 1584 903 1584 894 1584 130 1585 132 1585 884 1585 884 1586 132 1586 134 1586 884 1587 134 1587 904 1587 905 1588 906 1588 899 1588 899 1589 906 1589 907 1589 899 1590 907 1590 900 1590 134 1591 136 1591 904 1591 904 1592 136 1592 138 1592 904 1593 138 1593 908 1593 138 1594 140 1594 908 1594 908 1595 140 1595 142 1595 908 1596 142 1596 909 1596 909 1597 142 1597 144 1597 909 1598 144 1598 910 1598 911 1599 912 1599 913 1599 913 1600 912 1600 914 1600 913 1601 914 1601 915 1601 915 1602 914 1602 916 1602 915 1603 916 1603 905 1603 905 1604 916 1604 917 1604 905 1605 917 1605 906 1605 144 1606 146 1606 910 1606 910 1607 146 1607 148 1607 910 1608 148 1608 918 1608 919 1609 920 1609 911 1609 911 1610 920 1610 921 1610 911 1611 921 1611 912 1611 148 1612 922 1612 918 1612 918 1613 922 1613 152 1613 918 1614 152 1614 923 1614 923 1615 152 1615 154 1615 923 1616 154 1616 924 1616 154 1617 156 1617 924 1617 924 1618 156 1618 158 1618 924 1619 158 1619 925 1619 926 1620 927 1620 928 1620 928 1621 927 1621 929 1621 928 1622 929 1622 930 1622 930 1623 929 1623 931 1623 930 1624 931 1624 919 1624 919 1625 931 1625 932 1625 919 1626 932 1626 920 1626 158 1627 160 1627 925 1627 925 1628 160 1628 162 1628 925 1629 162 1629 933 1629 934 1630 935 1630 926 1630 926 1631 935 1631 936 1631 926 1632 936 1632 927 1632 890 1633 937 1633 892 1633 892 1634 937 1634 938 1634 892 1635 938 1635 895 1635 895 1636 938 1636 939 1636 895 1637 939 1637 893 1637 893 1638 939 1638 940 1638 893 1639 940 1639 901 1639 901 1640 940 1640 941 1640 901 277 941 277 899 277 899 1430 941 1430 942 1430 899 1641 942 1641 905 1641 905 1642 942 1642 943 1642 905 1643 943 1643 915 1643 915 1644 943 1644 944 1644 915 1645 944 1645 913 1645 913 1646 944 1646 945 1646 913 1647 945 1647 911 1647 911 1648 945 1648 946 1648 911 1649 946 1649 919 1649 919 1650 946 1650 947 1650 919 1651 947 1651 930 1651 930 1652 947 1652 948 1652 930 1653 948 1653 928 1653 928 1654 948 1654 949 1654 928 1655 949 1655 926 1655 926 1656 949 1656 950 1656 926 1657 950 1657 934 1657 934 1658 950 1658 951 1658 934 1659 951 1659 952 1659 952 1660 951 1660 953 1660 937 1661 954 1661 938 1661 938 1662 954 1662 955 1662 938 1663 955 1663 939 1663 939 1664 955 1664 956 1664 939 1665 956 1665 940 1665 940 1666 956 1666 957 1666 940 1667 957 1667 941 1667 941 1668 957 1668 958 1668 941 277 958 277 942 277 942 277 958 277 959 277 942 1669 959 1669 943 1669 943 1670 959 1670 960 1670 943 1671 960 1671 944 1671 944 1672 960 1672 961 1672 944 1673 961 1673 945 1673 945 1674 961 1674 962 1674 945 1675 962 1675 946 1675 946 1676 962 1676 963 1676 946 1677 963 1677 947 1677 947 1678 963 1678 964 1678 947 1679 964 1679 948 1679 948 1680 964 1680 965 1680 948 1681 965 1681 949 1681 949 1682 965 1682 966 1682 949 1683 966 1683 950 1683 950 1684 966 1684 967 1684 950 294 967 294 951 294 951 294 967 294 968 294 951 1685 968 1685 953 1685 953 1686 968 1686 969 1686 954 1687 970 1687 955 1687 955 1688 970 1688 971 1688 955 1689 971 1689 956 1689 956 1690 971 1690 972 1690 956 1691 972 1691 957 1691 957 1692 972 1692 973 1692 957 1693 973 1693 958 1693 958 1694 973 1694 974 1694 958 277 974 277 959 277 959 1695 974 1695 975 1695 959 1696 975 1696 960 1696 960 1697 975 1697 976 1697 960 1698 976 1698 961 1698 961 1699 976 1699 977 1699 961 1700 977 1700 962 1700 962 1701 977 1701 978 1701 962 1702 978 1702 963 1702 963 1703 978 1703 979 1703 963 1704 979 1704 964 1704 964 1705 979 1705 980 1705 964 1706 980 1706 965 1706 965 1707 980 1707 981 1707 965 1708 981 1708 966 1708 966 1709 981 1709 982 1709 966 1710 982 1710 967 1710 967 1711 982 1711 983 1711 967 294 983 294 968 294 968 1712 983 1712 984 1712 968 1713 984 1713 969 1713 969 1714 984 1714 985 1714 970 1715 986 1715 971 1715 971 1716 986 1716 987 1716 971 1717 987 1717 972 1717 972 1718 987 1718 988 1718 972 1719 988 1719 973 1719 973 1720 988 1720 989 1720 973 1721 989 1721 974 1721 974 1722 989 1722 990 1722 974 1723 990 1723 975 1723 975 1724 990 1724 991 1724 975 1725 991 1725 976 1725 976 1726 991 1726 992 1726 976 1727 992 1727 977 1727 977 1728 992 1728 993 1728 977 1729 993 1729 978 1729 978 1730 993 1730 994 1730 978 1731 994 1731 979 1731 979 1732 994 1732 995 1732 979 1733 995 1733 980 1733 980 1734 995 1734 996 1734 980 1735 996 1735 981 1735 981 1736 996 1736 997 1736 981 1737 997 1737 982 1737 982 1738 997 1738 998 1738 982 1739 998 1739 983 1739 983 1740 998 1740 999 1740 983 294 999 294 984 294 984 294 999 294 1000 294 984 1741 1000 1741 985 1741 985 1742 1000 1742 1001 1742 986 1743 1002 1743 987 1743 987 1744 1002 1744 1003 1744 987 1745 1003 1745 988 1745 988 1746 1003 1746 1004 1746 988 1747 1004 1747 989 1747 989 1748 1004 1748 1005 1748 989 1749 1005 1749 990 1749 990 1750 1005 1750 1006 1750 990 277 1006 277 991 277 991 277 1006 277 1007 277 991 1751 1007 1751 992 1751 992 1752 1007 1752 1008 1752 992 1753 1008 1753 993 1753 993 1754 1008 1754 1009 1754 993 1755 1009 1755 994 1755 994 1756 1009 1756 1010 1756 994 1757 1010 1757 995 1757 995 1758 1010 1758 1011 1758 995 1759 1011 1759 996 1759 996 1760 1011 1760 1012 1760 996 1761 1012 1761 997 1761 997 1762 1012 1762 1013 1762 997 1763 1013 1763 998 1763 998 1764 1013 1764 1014 1764 998 1765 1014 1765 999 1765 999 1766 1014 1766 1015 1766 999 294 1015 294 1000 294 1000 294 1015 294 1016 294 1000 1767 1016 1767 1001 1767 1001 1768 1016 1768 1017 1768 1002 1769 1018 1769 1003 1769 1003 1770 1018 1770 1019 1770 1003 1771 1019 1771 1004 1771 1004 1772 1019 1772 1020 1772 1004 1773 1020 1773 1005 1773 1005 1774 1020 1774 1021 1774 1005 1775 1021 1775 1006 1775 1006 1776 1021 1776 1022 1776 1006 277 1022 277 1007 277 1007 1265 1022 1265 1023 1265 1007 1777 1023 1777 1008 1777 1008 1778 1023 1778 1024 1778 1008 1779 1024 1779 1009 1779 1009 1780 1024 1780 1025 1780 1009 1781 1025 1781 1010 1781 1010 1782 1025 1782 1026 1782 1010 1783 1026 1783 1011 1783 1011 1784 1026 1784 1027 1784 1011 1785 1027 1785 1012 1785 1012 1786 1027 1786 1028 1786 1012 1787 1028 1787 1013 1787 1013 1788 1028 1788 1029 1788 1013 1789 1029 1789 1014 1789 1014 1790 1029 1790 1030 1790 1014 1791 1030 1791 1015 1791 1015 1792 1030 1792 1031 1792 1015 294 1031 294 1016 294 1016 1793 1031 1793 1032 1793 1016 1794 1032 1794 1017 1794 1017 1795 1032 1795 1033 1795 1018 1796 1034 1796 1019 1796 1019 1797 1034 1797 1035 1797 1019 1798 1035 1798 1020 1798 1020 1799 1035 1799 1036 1799 1020 1800 1036 1800 1021 1800 1021 1801 1036 1801 1037 1801 1021 1802 1037 1802 1022 1802 1022 1803 1037 1803 1038 1803 1022 1804 1038 1804 1023 1804 1023 1805 1038 1805 1039 1805 1023 1806 1039 1806 1024 1806 1024 1807 1039 1807 1040 1807 1024 1808 1040 1808 1025 1808 1025 1809 1040 1809 1041 1809 1025 1810 1041 1810 1026 1810 1026 1811 1041 1811 1042 1811 1026 1812 1042 1812 1027 1812 1027 1813 1042 1813 1043 1813 1027 1814 1043 1814 1028 1814 1028 1815 1043 1815 1044 1815 1028 1816 1044 1816 1029 1816 1029 1817 1044 1817 1045 1817 1029 1818 1045 1818 1030 1818 1030 1819 1045 1819 1046 1819 1030 1820 1046 1820 1031 1820 1031 1821 1046 1821 1047 1821 1031 294 1047 294 1032 294 1032 1822 1047 1822 1048 1822 1032 1823 1048 1823 1033 1823 1033 1824 1048 1824 1049 1824 1034 1825 1050 1825 1035 1825 1035 1826 1050 1826 1051 1826 1035 1827 1051 1827 1036 1827 1036 1828 1051 1828 1052 1828 1036 1829 1052 1829 1037 1829 1037 1830 1052 1830 1053 1830 1037 1831 1053 1831 1038 1831 1038 1832 1053 1832 1054 1832 1038 1833 1054 1833 1039 1833 1039 277 1054 277 1055 277 1039 1834 1055 1834 1040 1834 1040 1835 1055 1835 1056 1835 1040 1836 1056 1836 1041 1836 1041 1837 1056 1837 1057 1837 1041 1838 1057 1838 1042 1838 1042 1839 1057 1839 1058 1839 1042 1840 1058 1840 1043 1840 1043 1841 1058 1841 1059 1841 1043 1842 1059 1842 1044 1842 1044 1843 1059 1843 1060 1843 1044 1844 1060 1844 1045 1844 1045 1845 1060 1845 1061 1845 1045 1846 1061 1846 1046 1846 1046 1847 1061 1847 1062 1847 1046 1848 1062 1848 1047 1848 1047 1849 1062 1849 1063 1849 1047 1850 1063 1850 1048 1850 1048 1851 1063 1851 1064 1851 1048 1852 1064 1852 1049 1852 1049 1853 1064 1853 1065 1853 1050 1854 1066 1854 1051 1854 1051 1855 1066 1855 1067 1855 1051 1856 1067 1856 1052 1856 1052 1857 1067 1857 1068 1857 1052 1858 1068 1858 1053 1858 1053 1859 1068 1859 1069 1859 1053 1860 1069 1860 1054 1860 1054 1861 1069 1861 1070 1861 1054 277 1070 277 1055 277 1055 881 1070 881 1071 881 1055 1862 1071 1862 1056 1862 1056 1863 1071 1863 1072 1863 1056 1864 1072 1864 1057 1864 1057 1865 1072 1865 1073 1865 1057 1866 1073 1866 1058 1866 1058 1867 1073 1867 1074 1867 1058 1868 1074 1868 1059 1868 1059 1869 1074 1869 1075 1869 1059 1870 1075 1870 1060 1870 1060 1871 1075 1871 1076 1871 1060 1872 1076 1872 1061 1872 1061 1873 1076 1873 1077 1873 1061 1874 1077 1874 1062 1874 1062 1875 1077 1875 1078 1875 1062 1876 1078 1876 1063 1876 1063 1877 1078 1877 1079 1877 1063 294 1079 294 1064 294 1064 898 1079 898 1080 898 1064 1878 1080 1878 1065 1878 1065 1879 1080 1879 1081 1879 1066 1880 887 1880 1067 1880 1067 1881 887 1881 886 1881 1067 1882 886 1882 1068 1882 1068 1883 886 1883 898 1883 1068 1884 898 1884 1069 1884 1069 1885 898 1885 885 1885 1069 1886 885 1886 1070 1886 1070 1887 885 1887 884 1887 1070 1888 884 1888 1071 1888 1071 277 884 277 904 277 1071 1889 904 1889 1072 1889 1072 1890 904 1890 908 1890 1072 1891 908 1891 1073 1891 1073 1892 908 1892 909 1892 1073 1893 909 1893 1074 1893 1074 1894 909 1894 910 1894 1074 1895 910 1895 1075 1895 1075 1896 910 1896 918 1896 1075 1897 918 1897 1076 1897 1076 1898 918 1898 923 1898 1076 1899 923 1899 1077 1899 1077 1900 923 1900 924 1900 1077 1901 924 1901 1078 1901 1078 1902 924 1902 925 1902 1078 1903 925 1903 1079 1903 1079 1904 925 1904 933 1904 1079 294 933 294 1080 294 1080 294 933 294 1082 294 1080 1905 1082 1905 1081 1905 1081 1906 1082 1906 1083 1906 882 1907 1084 1907 952 1907 952 1908 1084 1908 1085 1908 952 1909 1085 1909 934 1909 934 1910 1085 1910 1086 1910 934 1911 1086 1911 935 1911 162 1912 164 1912 933 1912 933 1913 164 1913 166 1913 933 1914 166 1914 1082 1914 1082 1915 166 1915 168 1915 1082 1916 168 1916 1083 1916 1083 1917 168 1917 170 1917 1083 1918 170 1918 117 1918 882 1919 952 1919 883 1919 883 1920 952 1920 953 1920 883 1921 953 1921 1087 1921 1087 1922 953 1922 969 1922 1087 1923 969 1923 1088 1923 1088 1924 969 1924 985 1924 1088 1925 985 1925 1089 1925 1089 1926 985 1926 1001 1926 1089 1927 1001 1927 1090 1927 1090 1928 1001 1928 1017 1928 1090 1929 1017 1929 1091 1929 1091 1930 1017 1930 1033 1930 1091 1931 1033 1931 1092 1931 1092 1932 1033 1932 1049 1932 1092 1933 1049 1933 1093 1933 1093 1934 1049 1934 1065 1934 1093 1935 1065 1935 1094 1935 1094 1936 1065 1936 1081 1936 1094 1937 1081 1937 1095 1937 1095 1938 1081 1938 1083 1938 1095 1939 1083 1939 1096 1939 1096 1940 1083 1940 117 1940 1096 1941 117 1941 120 1941 889 1942 1097 1942 1098 1942 1098 1943 1097 1943 881 1943 881 1944 883 1944 1098 1944 1098 1945 883 1945 1087 1945 1098 1946 1087 1946 1099 1946 1099 1947 1087 1947 1088 1947 1099 1948 1088 1948 1100 1948 1100 1949 1088 1949 1089 1949 1100 1950 1089 1950 1101 1950 1101 1951 1089 1951 1090 1951 1101 1952 1090 1952 1102 1952 1102 1953 1090 1953 1091 1953 1102 1954 1091 1954 1103 1954 1103 1955 1091 1955 1092 1955 1103 1956 1092 1956 1104 1956 1104 1957 1092 1957 1093 1957 1104 1958 1093 1958 1105 1958 1105 1959 1093 1959 1094 1959 1105 1960 1094 1960 1106 1960 1106 1961 1094 1961 1095 1961 1106 1962 1095 1962 1107 1962 1107 1963 1095 1963 1096 1963 1107 1964 1096 1964 880 1964 880 1965 1096 1965 120 1965 880 1966 120 1966 106 1966 889 1967 1098 1967 890 1967 890 1968 1098 1968 1099 1968 890 1969 1099 1969 937 1969 937 1970 1099 1970 1100 1970 937 1971 1100 1971 954 1971 954 1972 1100 1972 1101 1972 954 1973 1101 1973 970 1973 970 1974 1101 1974 1102 1974 970 1975 1102 1975 986 1975 986 1976 1102 1976 1103 1976 986 1977 1103 1977 1002 1977 1002 1978 1103 1978 1104 1978 1002 1979 1104 1979 1018 1979 1018 1980 1104 1980 1105 1980 1018 1981 1105 1981 1034 1981 1034 1982 1105 1982 1106 1982 1034 1983 1106 1983 1050 1983 1050 1984 1106 1984 1107 1984 1050 1985 1107 1985 1066 1985 1066 1986 1107 1986 880 1986 1066 1987 880 1987 887 1987 887 1988 880 1988 104 1988 887 1989 104 1989 888 1989 174 1990 173 1990 1097 1990 1085 1991 1084 1991 177 1991 177 1992 1084 1992 882 1992 177 1993 882 1993 173 1993 173 1994 882 1994 881 1994 173 1995 881 1995 1097 1995 1085 1996 177 1996 1086 1996 1086 1997 177 1997 179 1997 1086 1998 179 1998 935 1998 935 1999 179 1999 936 1999 936 2000 179 2000 184 2000 936 169 184 169 927 169 927 2001 184 2001 929 2001 929 2002 184 2002 187 2002 929 2003 187 2003 931 2003 931 2004 187 2004 932 2004 932 2005 187 2005 190 2005 932 2006 190 2006 920 2006 920 2007 190 2007 1108 2007 1108 2008 190 2008 1109 2008 1108 2009 1109 2009 912 2009 912 2010 1109 2010 194 2010 912 2011 194 2011 914 2011 914 2012 194 2012 197 2012 914 2013 197 2013 916 2013 916 2014 197 2014 917 2014 917 2015 197 2015 200 2015 917 2016 200 2016 906 2016 906 185 200 185 907 185 907 2017 200 2017 202 2017 907 2018 202 2018 900 2018 900 2019 202 2019 902 2019 902 2020 202 2020 207 2020 902 2021 207 2021 903 2021 210 2022 896 2022 207 2022 207 2023 896 2023 894 2023 207 2024 894 2024 903 2024 1097 2025 1110 2025 174 2025 174 196 1110 196 891 196 174 2026 891 2026 210 2026 210 2027 891 2027 897 2027 210 2028 897 2028 896 2028 126 2029 124 2029 1111 2029 111 2030 109 2030 1112 2030 1112 2031 109 2031 129 2031 1112 2032 129 2032 1113 2032 1113 2033 129 2033 128 2033 1113 2034 128 2034 126 2034 107 2035 119 2035 1114 2035 1114 2036 119 2036 118 2036 1114 2037 118 2037 1115 2037 1115 2038 118 2038 116 2038 1115 2039 116 2039 1116 2039 1116 2040 116 2040 115 2040 1116 2041 115 2041 1117 2041 1117 2042 115 2042 114 2042 1117 2043 114 2043 1112 2043 1112 2044 114 2044 113 2044 1112 2045 113 2045 111 2045 1118 2046 103 2046 1114 2046 1114 2047 103 2047 105 2047 1114 2048 105 2048 107 2048 88 2049 85 2049 1119 2049 1119 2050 85 2050 84 2050 1119 2051 84 2051 1120 2051 1120 2052 84 2052 99 2052 1120 2053 99 2053 1121 2053 1111 2054 124 2054 1122 2054 1122 2055 124 2055 122 2055 1122 2056 122 2056 121 2056 121 2057 96 2057 1122 2057 1122 2058 96 2058 95 2058 1122 2059 95 2059 1123 2059 1123 2060 95 2060 93 2060 1123 2061 93 2061 1124 2061 1124 2062 93 2062 92 2062 1124 2063 92 2063 1125 2063 1125 2064 92 2064 91 2064 1125 2065 91 2065 1119 2065 1119 2066 91 2066 90 2066 1119 2067 90 2067 88 2067 126 2068 1111 2068 1113 2068 1113 2069 1111 2069 1126 2069 1113 2070 1126 2070 1127 2070 1127 2071 1126 2071 1128 2071 1127 2071 1128 2071 1129 2071 1129 2072 1128 2072 1130 2072 1129 2072 1130 2072 1131 2072 1131 2073 1130 2073 1132 2073 1131 2073 1132 2073 1133 2073 1133 2074 1132 2074 1134 2074 1133 2075 1134 2075 1135 2075 1135 2076 1134 2076 1136 2076 1135 2077 1136 2077 1137 2077 1137 2078 1136 2078 1138 2078 1137 2078 1138 2078 1139 2078 1139 2079 1138 2079 1140 2079 1139 2080 1140 2080 1141 2080 1141 2081 1140 2081 1142 2081 1141 2081 1142 2081 1143 2081 1143 2082 1142 2082 1144 2082 1143 2082 1144 2082 1145 2082 1145 2083 1144 2083 1146 2083 1145 2083 1146 2083 1147 2083 1147 2084 1146 2084 1120 2084 1147 2085 1120 2085 1118 2085 1118 2086 1120 2086 1121 2086 1118 2087 1121 2087 103 2087 1148 277 1132 277 1149 277 1149 2088 1132 2088 1130 2088 1149 2089 1130 2089 1150 2089 1150 277 1130 277 1128 277 1150 277 1128 277 1151 277 1152 2090 1140 2090 1153 2090 1153 2091 1140 2091 1138 2091 1153 277 1138 277 1154 277 1154 2092 1138 2092 1136 2092 1154 2093 1136 2093 1148 2093 1148 2094 1136 2094 1134 2094 1148 2095 1134 2095 1132 2095 1155 277 1120 277 1156 277 1156 277 1120 277 1146 277 1156 277 1146 277 1157 277 1157 277 1146 277 1144 277 1157 277 1144 277 1152 277 1152 277 1144 277 1142 277 1152 2096 1142 2096 1140 2096 1128 277 1126 277 1151 277 1151 277 1126 277 1111 277 1151 2097 1111 2097 1158 2097 1158 277 1111 277 1122 277 1158 277 1122 277 1159 277 1159 2098 1122 2098 1123 2098 1159 277 1123 277 1160 277 1160 2099 1123 2099 1161 2099 1160 277 1161 277 1162 277 1162 2100 1161 2100 1125 2100 1162 277 1125 277 1155 277 1155 2101 1125 2101 1119 2101 1155 277 1119 277 1120 277 1163 294 1141 294 1164 294 1164 2102 1141 2102 1143 2102 1164 2103 1143 2103 1165 2103 1165 294 1143 294 1145 294 1165 294 1145 294 1166 294 1167 2104 1133 2104 1168 2104 1168 2105 1133 2105 1135 2105 1168 294 1135 294 1169 294 1169 2106 1135 2106 1137 2106 1169 2107 1137 2107 1163 2107 1163 2108 1137 2108 1139 2108 1163 2109 1139 2109 1141 2109 1170 294 1113 294 1171 294 1171 294 1113 294 1127 294 1171 294 1127 294 1172 294 1172 294 1127 294 1129 294 1172 294 1129 294 1167 294 1167 294 1129 294 1131 294 1167 2110 1131 2110 1133 2110 1145 294 1147 294 1166 294 1166 294 1147 294 1118 294 1166 2111 1118 2111 1173 2111 1173 294 1118 294 1114 294 1173 294 1114 294 1174 294 1174 2112 1114 2112 1115 2112 1174 294 1115 294 1175 294 1175 2113 1115 2113 1176 2113 1175 294 1176 294 1177 294 1177 2114 1176 2114 1117 2114 1177 294 1117 294 1170 294 1170 2115 1117 2115 1112 2115 1170 294 1112 294 1113 294 1178 2116 1179 2116 1153 2116 1153 2116 1179 2116 1163 2116 1153 2117 1163 2117 1152 2117 1152 2118 1163 2118 1164 2118 1152 2119 1164 2119 1157 2119 1157 2119 1164 2119 1165 2119 1157 2120 1165 2120 1156 2120 1156 2121 1165 2121 1166 2121 1156 2122 1166 2122 1155 2122 1155 2123 1166 2123 1173 2123 1155 2124 1173 2124 1162 2124 1162 2125 1173 2125 1174 2125 1162 2126 1174 2126 1180 2126 1180 2126 1174 2126 1181 2126 1180 2127 1181 2127 1159 2127 1159 2127 1181 2127 1177 2127 1159 2128 1177 2128 1158 2128 1158 2129 1177 2129 1170 2129 1158 2130 1170 2130 1151 2130 1151 2131 1170 2131 1171 2131 1151 2132 1171 2132 1150 2132 1150 2133 1171 2133 1172 2133 1150 2134 1172 2134 1149 2134 1149 2134 1172 2134 1167 2134 1149 2135 1167 2135 1148 2135 1148 2136 1167 2136 1168 2136 1148 2137 1168 2137 1178 2137 1178 2137 1168 2137 1179 2137 1182 2138 8 2138 1183 2138 1183 2139 8 2139 29 2139 29 2140 31 2140 1183 2140 1183 2141 31 2141 33 2141 1183 2142 33 2142 35 2142 1184 2143 35 2143 37 2143 37 2144 39 2144 1184 2144 1184 2145 39 2145 7 2145 1184 2146 7 2146 1185 2146 1186 2147 12 2147 1187 2147 1187 2148 12 2148 1188 2148 1187 2149 1188 2149 1182 2149 1182 2150 1188 2150 9 2150 1182 2151 9 2151 8 2151 20 2152 1189 2152 1190 2152 20 2153 1190 2153 18 2153 1191 2154 0 2154 1190 2154 1190 2155 0 2155 16 2155 1190 2156 16 2156 18 2156 24 2157 26 2157 1192 2157 1192 2158 26 2158 15 2158 1192 2159 15 2159 1186 2159 1186 2160 15 2160 14 2160 1186 2161 14 2161 12 2161 7 2162 6 2162 1185 2162 1185 2163 6 2163 4 2163 1185 2164 4 2164 1193 2164 1193 2165 4 2165 1194 2165 1193 2166 1194 2166 1191 2166 1191 2167 1194 2167 1 2167 1191 2168 1 2168 0 2168 35 2169 1184 2169 1183 2169 1183 2170 1184 2170 1195 2170 1183 2170 1195 2170 1196 2170 1196 2082 1195 2082 1197 2082 1196 2082 1197 2082 1198 2082 1198 2171 1197 2171 1199 2171 1198 2171 1199 2171 1200 2171 1200 2172 1199 2172 1201 2172 1200 2173 1201 2173 1202 2173 1202 2174 1201 2174 1203 2174 1202 2175 1203 2175 1204 2175 1204 2176 1203 2176 1205 2176 1204 2177 1205 2177 1206 2177 1206 2178 1205 2178 1207 2178 1206 2178 1207 2178 1208 2178 1208 2179 1207 2179 1209 2179 1208 2180 1209 2180 1210 2180 1210 2181 1209 2181 1211 2181 1210 2182 1211 2182 1212 2182 1212 2183 1211 2183 1213 2183 1212 2184 1213 2184 1214 2184 1214 2185 1213 2185 1215 2185 1214 2185 1215 2185 1216 2185 1216 2072 1215 2072 1217 2072 1216 2072 1217 2072 1218 2072 1218 2186 1217 2186 1190 2186 1218 2186 1190 2186 1192 2186 1192 2187 1190 2187 1189 2187 1192 2188 1189 2188 24 2188 1219 2189 1211 2189 1220 2189 1220 277 1211 277 1209 277 1220 277 1209 277 1221 277 1221 2190 1209 2190 1207 2190 1221 277 1207 277 1222 277 1222 277 1207 277 1205 277 1222 277 1205 277 1223 277 1224 277 1190 277 1225 277 1225 277 1190 277 1217 277 1225 277 1217 277 1226 277 1226 2191 1217 2191 1215 2191 1226 277 1215 277 1219 277 1219 277 1215 277 1213 277 1219 2192 1213 2192 1211 2192 1227 277 1184 277 1228 277 1228 2193 1184 2193 1185 2193 1228 2194 1185 2194 1229 2194 1229 2195 1185 2195 1193 2195 1229 277 1193 277 1224 277 1224 2196 1193 2196 1191 2196 1224 2197 1191 2197 1190 2197 1205 277 1203 277 1223 277 1223 277 1203 277 1201 277 1223 277 1201 277 1230 277 1230 2198 1201 2198 1199 2198 1230 277 1199 277 1231 277 1231 277 1199 277 1197 277 1231 277 1197 277 1227 277 1227 277 1197 277 1195 277 1227 277 1195 277 1184 277 1232 2199 1202 2199 1233 2199 1233 294 1202 294 1204 294 1233 294 1204 294 1234 294 1234 2200 1204 2200 1206 2200 1234 294 1206 294 1235 294 1235 294 1206 294 1208 294 1235 294 1208 294 1236 294 1208 294 1210 294 1236 294 1236 294 1210 294 1212 294 1236 294 1212 294 1237 294 1237 2201 1212 2201 1214 2201 1237 294 1214 294 1238 294 1238 294 1214 294 1216 294 1238 294 1216 294 1239 294 1240 294 1183 294 1241 294 1241 294 1183 294 1196 294 1241 294 1196 294 1242 294 1242 2202 1196 2202 1198 2202 1242 294 1198 294 1232 294 1232 294 1198 294 1200 294 1232 2203 1200 2203 1202 2203 1216 2204 1218 2204 1239 2204 1239 294 1218 294 1192 294 1239 294 1192 294 1243 294 1243 2205 1192 2205 1186 2205 1243 2206 1186 2206 1244 2206 1244 2207 1186 2207 1245 2207 1244 294 1245 294 1240 294 1240 2208 1245 2208 1182 2208 1240 2209 1182 2209 1183 2209 1229 2210 1246 2210 1228 2210 1228 2210 1246 2210 1240 2210 1228 2211 1240 2211 1227 2211 1227 2212 1240 2212 1241 2212 1227 2213 1241 2213 1231 2213 1231 2213 1241 2213 1242 2213 1231 2214 1242 2214 1230 2214 1230 2215 1242 2215 1232 2215 1230 2216 1232 2216 1223 2216 1223 2217 1232 2217 1233 2217 1223 2124 1233 2124 1222 2124 1222 2125 1233 2125 1234 2125 1222 2218 1234 2218 1221 2218 1221 2218 1234 2218 1235 2218 1221 2128 1235 2128 1220 2128 1220 2129 1235 2129 1236 2129 1220 2219 1236 2219 1219 2219 1219 2220 1236 2220 1237 2220 1219 2221 1237 2221 1226 2221 1226 2222 1237 2222 1238 2222 1226 2223 1238 2223 1225 2223 1225 2223 1238 2223 1239 2223 1225 2224 1239 2224 1224 2224 1224 2225 1239 2225 1243 2225 1224 2226 1243 2226 1229 2226 1229 2226 1243 2226 1246 2226</p>
        </triangles>
      </mesh>
    </geometry>
  </library_geometries>
  <library_visual_scenes>
    <visual_scene id="Scene" name="Scene">
      <node id="link_2" name="link_2" type="NODE">
        <matrix sid="transform">1 0 0 0 0 1 0 0 0 0 1 0 0 0 0 1</matrix>
        <instance_geometry url="#link_2-mesh" name="link_2"/>
      </node>
      <node id="Camera" name="Camera" type="NODE">
        <matrix sid="transform">0.6859207 -0.3240135 0.6515582 7.358891 0.7276763 0.3054208 -0.6141704 -6.925791 0 0.8953956 0.4452714 4.958309 0 0 0 1</matrix>
        <instance_camera url="#Camera-camera"/>
      </node>
      <node id="Light" name="Light" type="NODE">
        <matrix sid="transform">-0.2908646 -0.7711008 0.5663932 4.076245 0.9551712 -0.1998834 0.2183912 1.005454 -0.05518906 0.6045247 0.7946723 5.903862 0 0 0 1</matrix>
        <instance_light url="#Light-light"/>
      </node>
    </visual_scene>
  </library_visual_scenes>
  <scene>
    <instance_visual_scene url="#Scene"/>
  </scene>
</COLLADA>